case,schedule,arm,repetition,steps,wall_seconds,total_outer_iterations,not_converged_solves,final_compliance,trajectory_kind,final_volume,final_design_change,design_change_threshold,stopping_reason,hierarchy_resetup_seconds,cg_seconds,sensitivity_seconds,diagonal_seconds,initial_hierarchy_construction_seconds,session,host,raw_source,raw_pointer
cantilever-216k,fp64,stock,1,30,20.352610320995154,790,0,2.407936284527159,fixed_length,0.29999568599362586,0.15000000000000002,,fixed_length,0.8522747499955585,6.642727646991261,0.04227325504325563,0.01540758300689049,,G,session-g-host1-20260926,results/session-g-host1-20260926/remote/run-01/result.json,/runs/0
cantilever-216k,fp64,fused_ai_fp64,1,30,16.742188448995876,790,0,2.4079362847340025,fixed_length,0.2999956859642804,0.15000000000000002,,fixed_length,0.7737709160137456,3.14985855701525,0.04251666897471296,0.015503798975259997,,G,session-g-host1-20260926,results/session-g-host1-20260926/remote/run-01/result.json,/runs/1
cantilever-216k,fp64,modal8_muladd,1,30,16.656787723994057,790,0,2.407936284996848,fixed_length,0.29999568596784204,0.15000000000000002,,fixed_length,0.7751019810020807,3.0190373660079786,0.0436749220098136,0.015326952976465691,,G,session-g-host1-20260926,results/session-g-host1-20260926/remote/run-01/result.json,/runs/2
cantilever-216k,mixed,stock,1,30,18.248970197004382,837,0,2.4079365360066474,fixed_length,0.29999567733354954,0.15000000000000002,,fixed_length,0.8524112650120514,4.6142404840065865,0.04226113100594375,0.015321273967856541,,G,session-g-host1-20260926,results/session-g-host1-20260926/remote/run-01/result.json,/runs/3
cantilever-216k,mixed,modal8_muladd,1,30,17.062978891000967,847,0,2.407936395596774,fixed_length,0.29999567831212076,0.15000000000000002,,fixed_length,0.7766746650086134,3.372272503002023,0.04398753200075589,0.015465407006558962,,G,session-g-host1-20260926,results/session-g-host1-20260926/remote/run-01/result.json,/runs/4
cantilever-216k,mixed,fused_ai_fp64,1,30,17.044502183998702,846,0,2.4079364122365696,fixed_length,0.29999570870298636,0.15000000000000002,,fixed_length,0.7816360650249408,3.443878958976711,0.043683190990122966,0.015453692991286516,,G,session-g-host1-20260926,results/session-g-host1-20260926/remote/run-01/result.json,/runs/5
cantilever-512k,fp64,modal8_muladd,1,30,35.19876374299929,407,0,1.9663161224362633,fixed_length,0.3000028837980461,0.15000000000000002,,fixed_length,1.985041909996653,2.4220460490105324,0.09249132598779397,0.029583665025711525,,G,session-g-host1-20260926,results/session-g-host1-20260926/remote/run-01/result.json,/runs/6
cantilever-512k,fp64,fused_ai_fp64,1,30,35.79393759999948,401,0,1.9663161296332377,fixed_length,0.30000288289443666,0.15000000000000002,,fixed_length,2.0166415180356125,3.054955051971774,0.09241274600935867,0.029547585982072633,,G,session-g-host1-20260926,results/session-g-host1-20260926/remote/run-01/result.json,/runs/7
cantilever-512k,fp64,stock,1,30,40.111957077002444,401,0,1.9663161484933676,fixed_length,0.3000028784191898,0.15000000000000002,,fixed_length,2.205713066003227,7.0974909359938465,0.09247950601275079,0.02961100098764291,,G,session-g-host1-20260926,results/session-g-host1-20260926/remote/run-01/result.json,/runs/8
cantilever-512k,mixed,modal8_muladd,1,30,35.546378795996134,519,0,1.9663163308247338,fixed_length,0.3000028471624705,0.15000000000000002,,fixed_length,1.9845338390150573,2.86827220399573,0.09248552296048729,0.02958846900583012,,G,session-g-host1-20260926,results/session-g-host1-20260926/remote/run-01/result.json,/runs/9
cantilever-512k,mixed,fused_ai_fp64,1,30,35.28886448499543,414,0,1.9663160536830757,fixed_length,0.3000028484608933,0.15000000000000002,,fixed_length,2.016156591998879,2.5528063679957995,0.09240618499461561,0.029592324986879248,,G,session-g-host1-20260926,results/session-g-host1-20260926/remote/run-01/result.json,/runs/10
cantilever-512k,mixed,stock,1,30,36.69313762499951,420,0,1.9663159726408301,fixed_length,0.3000028575275428,0.15000000000000002,,fixed_length,2.2057700170043972,4.00257190301636,0.09250550998694962,0.02947016199323116,,G,session-g-host1-20260926,results/session-g-host1-20260926/remote/run-01/result.json,/runs/11
mbb-514k,fp64,stock,1,30,63.44978339999943,1829,0,5.796278359158867,fixed_length,0.49999968487391805,0.15000000000000002,,fixed_length,2.8403517190236016,30.319706613998278,0.0929178489750484,0.029639511965797283,,G,session-g-host1-20260926,results/session-g-host1-20260926/remote/run-01/result.json,/runs/12
mbb-514k,fp64,fused_ai_fp64,1,30,45.79331749699486,1848,0,5.796278093931568,fixed_length,0.49999968157892416,0.15000000000000002,,fixed_length,2.6800407170085236,12.831101621966809,0.09297585798776709,0.029697126017708797,,G,session-g-host1-20260926,results/session-g-host1-20260926/remote/run-01/result.json,/runs/13
mbb-514k,fp64,modal8_muladd,1,30,42.92547048800043,1833,0,5.796278276589629,fixed_length,0.4999996889391535,0.15000000000000002,,fixed_length,2.6547215250029694,9.843549159995746,0.09298918198328465,0.02971598099975381,,G,session-g-host1-20260926,results/session-g-host1-20260926/remote/run-01/result.json,/runs/14
mbb-514k,mixed,fused_ai_fp64,1,30,63.56146921999607,3510,1,5.796280973921872,fixed_length,0.49999905860308924,0.15000000000000002,,fixed_length,2.6822901159976027,30.407360757999413,0.09311643199907849,0.0297229560019332,,G,session-g-host1-20260926,results/session-g-host1-20260926/remote/run-01/result.json,/runs/15
mbb-514k,mixed,modal8_muladd,1,30,49.87796647899813,3378,0,5.796281663656912,fixed_length,0.4999989111592738,0.15000000000000002,,fixed_length,2.6564036589916213,16.982432533011888,0.09319869401224423,0.02966506401571678,,G,session-g-host1-20260926,results/session-g-host1-20260926/remote/run-01/result.json,/runs/16
mbb-514k,mixed,stock,1,30,64.72167231899948,3589,0,5.796281751202978,fixed_length,0.49999884514744747,0.15000000000000002,,fixed_length,2.844704869989073,31.400942800006305,0.09319158100697678,0.0298143330073799,,G,session-g-host1-20260926,results/session-g-host1-20260926/remote/run-01/result.json,/runs/17
torsion-499k,fp64,fused_ai_fp64,1,30,37.83802681400266,1047,0,2.0846989749980134,fixed_length,0.25000149823948065,0.15000000000000002,,fixed_length,1.507442395995895,6.75783957800013,0.09041244500986068,0.028873915987787768,,G,session-g-host1-20260926,results/session-g-host1-20260926/remote/run-01/result.json,/runs/18
torsion-499k,fp64,stock,1,30,47.54082095799822,1026,0,2.0846984385534206,fixed_length,0.25000150529177306,0.15000000000000002,,fixed_length,1.6923413989934488,16.30021436498646,0.09035960899927886,0.02892054302355973,,G,session-g-host1-20260926,results/session-g-host1-20260926/remote/run-01/result.json,/runs/19
torsion-499k,fp64,modal8_muladd,1,30,36.06040138800017,1020,0,2.084696684771864,fixed_length,0.2500014785553813,0.15000000000000002,,fixed_length,1.4779475539908162,5.007559024976217,0.09042949902504915,0.028812316020776052,,G,session-g-host1-20260926,results/session-g-host1-20260926/remote/run-01/result.json,/runs/20
torsion-499k,mixed,modal8_muladd,1,30,36.36708894500043,1143,0,2.0846986827943903,fixed_length,0.25000145883042607,0.15000000000000002,,fixed_length,1.4771631920229993,5.326832544975332,0.09049852000316605,0.028860229002020787,,G,session-g-host1-20260926,results/session-g-host1-20260926/remote/run-01/result.json,/runs/21
torsion-499k,mixed,stock,1,30,40.79844219900406,1157,0,2.0846953893794735,fixed_length,0.2500014196951608,0.15000000000000002,,fixed_length,1.6924777750027715,9.60556079599337,0.09036194300279021,0.02880732700577937,,G,session-g-host1-20260926,results/session-g-host1-20260926/remote/run-01/result.json,/runs/22
torsion-499k,mixed,fused_ai_fp64,1,30,37.09327170300094,1166,0,2.0846985953360124,fixed_length,0.25000144829640875,0.15000000000000002,,fixed_length,1.507805074994394,5.9592778240185,0.09039703800954157,0.028837983998528216,,G,session-g-host1-20260926,results/session-g-host1-20260926/remote/run-01/result.json,/runs/23
cantilever-216k,fp64,modal8_muladd,2,30,16.56124901000294,790,0,2.4079362844949808,fixed_length,0.2999956859984743,0.15000000000000002,,fixed_length,0.7762047639771481,3.0212545730246347,0.04391067697724793,0.015389788000902627,,G,session-g-host1-20260926,results/session-g-host1-20260926/remote/run-01/result.json,/runs/24
cantilever-216k,fp64,fused_ai_fp64,2,30,16.741527794998547,790,0,2.4079362849786055,fixed_length,0.29999568595968074,0.15000000000000002,,fixed_length,0.7745636960244155,3.155100316973403,0.042671812007029075,0.015416506998008117,,G,session-g-host1-20260926,results/session-g-host1-20260926/remote/run-01/result.json,/runs/25
cantilever-216k,fp64,stock,2,30,20.263151926003047,790,0,2.407936284701503,fixed_length,0.2999956859680652,0.15000000000000002,,fixed_length,0.8522176649858011,6.631187014012539,0.04230976098187966,0.015301693019864615,,G,session-g-host1-20260926,results/session-g-host1-20260926/remote/run-01/result.json,/runs/26
cantilever-216k,mixed,modal8_muladd,2,30,16.837868645998242,832,0,2.407936225302046,fixed_length,0.2999957256265725,0.15000000000000002,,fixed_length,0.7770509890178801,3.3062852309885784,0.04378999100299552,0.015348120999988168,,G,session-g-host1-20260926,results/session-g-host1-20260926/remote/run-01/result.json,/runs/27
cantilever-216k,mixed,stock,2,30,18.27161312899989,845,0,2.4079363731304584,fixed_length,0.29999570889957505,0.15000000000000002,,fixed_length,0.8531183789527859,4.649773198005278,0.04227157402783632,0.015301923049264587,,G,session-g-host1-20260926,results/session-g-host1-20260926/remote/run-01/result.json,/runs/28
cantilever-216k,mixed,fused_ai_fp64,2,30,17.028591152004083,847,0,2.4079362433804166,fixed_length,0.2999957362254545,0.15000000000000002,,fixed_length,0.7824572500030627,3.4472021220062743,0.043436426007247064,0.015406948012241628,,G,session-g-host1-20260926,results/session-g-host1-20260926/remote/run-01/result.json,/runs/29
cantilever-512k,fp64,modal8_muladd,2,30,34.90808356100024,404,0,1.966315974657743,fixed_length,0.300002889858754,0.15000000000000002,,fixed_length,1.9865377169771818,2.405792444013059,0.09256456400180468,0.029554771979746874,,G,session-g-host1-20260926,results/session-g-host1-20260926/remote/run-01/result.json,/runs/30
cantilever-512k,fp64,stock,2,30,40.00138029699883,401,0,1.9663158372332934,fixed_length,0.3000028902839875,0.15000000000000002,,fixed_length,2.207142818006105,7.101635350976721,0.09257559600519016,0.02949719000753248,,G,session-g-host1-20260926,results/session-g-host1-20260926/remote/run-01/result.json,/runs/31
cantilever-512k,fp64,fused_ai_fp64,2,30,35.834530963998986,401,0,1.9663159123237284,fixed_length,0.30000288883145654,0.15000000000000002,,fixed_length,2.017088608998165,3.0566970930158277,0.09248049996676855,0.029507847008062527,,G,session-g-host1-20260926,results/session-g-host1-20260926/remote/run-01/result.json,/runs/32
cantilever-512k,mixed,modal8_muladd,2,30,34.88156539800548,411,0,1.9663161617008145,fixed_length,0.3000028448183674,0.15000000000000002,,fixed_length,1.9862543489653035,2.3073525490035536,0.09259261200350011,0.0294913420220837,,G,session-g-host1-20260926,results/session-g-host1-20260926/remote/run-01/result.json,/runs/33
cantilever-512k,mixed,fused_ai_fp64,2,30,34.94310913699883,413,0,1.9663160918513678,fixed_length,0.3000028941286324,0.15000000000000002,,fixed_length,2.01710761400318,2.546788061008556,0.09259732897771755,0.02955174397357041,,G,session-g-host1-20260926,results/session-g-host1-20260926/remote/run-01/result.json,/runs/34
cantilever-512k,mixed,stock,2,30,36.73979692799912,419,0,1.9663160899804486,fixed_length,0.30000289452922435,0.15000000000000002,,fixed_length,2.2066624599756324,3.9992245160174207,0.09255815699725645,0.02954271200724179,,G,session-g-host1-20260926,results/session-g-host1-20260926/remote/run-01/result.json,/runs/35
mbb-514k,fp64,modal8_muladd,2,30,42.77351361199544,1836,0,5.796278284299619,fixed_length,0.4999996838704258,0.15000000000000002,,fixed_length,2.6551909440022428,9.85311537700909,0.09305979598866543,0.02968319800856989,,G,session-g-host1-20260926,results/session-g-host1-20260926/remote/run-01/result.json,/runs/36
mbb-514k,fp64,stock,2,30,63.58791443499649,1829,0,5.796278323622795,fixed_length,0.49999968316195126,0.15000000000000002,,fixed_length,2.8419091160103562,30.34167416598939,0.0930345979941194,0.029697234007471707,,G,session-g-host1-20260926,results/session-g-host1-20260926/remote/run-01/result.json,/runs/37
mbb-514k,fp64,fused_ai_fp64,2,30,46.02431305999926,1853,0,5.79627821232162,fixed_length,0.4999996842884992,0.15000000000000002,,fixed_length,2.6812162489659386,12.872053820021392,0.09306051899329759,0.029696632031118497,,G,session-g-host1-20260926,results/session-g-host1-20260926/remote/run-01/result.json,/runs/38
mbb-514k,mixed,fused_ai_fp64,2,30,72.1201121080012,4103,1,5.796276445129528,fixed_length,0.5000001399094608,0.15000000000000002,,fixed_length,2.6840924069838366,39.15071805602929,0.09317295900109457,0.029687412999919616,,G,session-g-host1-20260926,results/session-g-host1-20260926/remote/run-01/result.json,/runs/39
mbb-514k,mixed,modal8_muladd,2,30,57.48920380000345,2879,0,5.79627600559108,fixed_length,0.500000236582509,0.15000000000000002,,fixed_length,2.657599382007902,24.408219282973732,0.09317227799328975,0.029694927019590978,,G,session-g-host1-20260926,results/session-g-host1-20260926/remote/run-01/result.json,/runs/40
mbb-514k,mixed,stock,2,30,56.47339731200191,2634,0,5.796276150497297,fixed_length,0.500000219758243,0.15000000000000002,,fixed_length,2.840406711024116,23.111108410994348,0.09316817098442698,0.029709210008149967,,G,session-g-host1-20260926,results/session-g-host1-20260926/remote/run-01/result.json,/runs/41
torsion-499k,fp64,modal8_muladd,2,30,36.19770711300225,1017,0,2.0846972532444448,fixed_length,0.250001476168666,0.15000000000000002,,fixed_length,1.477680052004871,4.9932237539833295,0.09046459698583931,0.028807687012886163,,G,session-g-host1-20260926,results/session-g-host1-20260926/remote/run-01/result.json,/runs/42
torsion-499k,fp64,fused_ai_fp64,2,30,37.97391791900009,1055,0,2.0846984748188353,fixed_length,0.2500015164265278,0.15000000000000002,,fixed_length,1.5087960800228757,6.805195808999997,0.09043205000489252,0.028885110979899764,,G,session-g-host1-20260926,results/session-g-host1-20260926/remote/run-01/result.json,/runs/43
torsion-499k,fp64,stock,2,30,47.70061004300078,1038,0,2.0846983969543667,fixed_length,0.25000146528538725,0.15000000000000002,,fixed_length,1.6922471490033786,16.47950416400272,0.09041572801652364,0.028682331016170792,,G,session-g-host1-20260926,results/session-g-host1-20260926/remote/run-01/result.json,/runs/44
torsion-499k,mixed,fused_ai_fp64,2,30,37.12719374799781,1177,0,2.084698931884846,fixed_length,0.2500014614968787,0.15000000000000002,,fixed_length,1.5081590469562798,6.016701816013665,0.09042824500647839,0.02878901302756276,,G,session-g-host1-20260926,results/session-g-host1-20260926/remote/run-01/result.json,/runs/45
torsion-499k,mixed,modal8_muladd,2,30,36.55475803800073,1170,0,2.084696989562618,fixed_length,0.25000148985073223,0.15000000000000002,,fixed_length,1.4782840039915754,5.454801929990936,0.0903964460012503,0.028791343029297423,,G,session-g-host1-20260926,results/session-g-host1-20260926/remote/run-01/result.json,/runs/46
torsion-499k,mixed,stock,2,30,40.59662294900045,1134,0,2.084695439072549,fixed_length,0.25000146512590565,0.15000000000000002,,fixed_length,1.6915419530050713,9.420329461994697,0.09032012297393521,0.02877337198879104,,G,session-g-host1-20260926,results/session-g-host1-20260926/remote/run-01/result.json,/runs/47
cantilever-216k,fp64,stock,3,30,20.25723467300122,790,0,2.407936284638853,fixed_length,0.29999568597678056,0.15000000000000002,,fixed_length,0.8518794299961883,6.634209470015776,0.042299362998164725,0.015183007992163766,,G,session-g-host1-20260926,results/session-g-host1-20260926/remote/run-01/result.json,/runs/48
cantilever-216k,fp64,fused_ai_fp64,3,30,16.697768392994476,790,0,2.407936284501616,fixed_length,0.2999956859981414,0.15000000000000002,,fixed_length,0.7719205030007288,3.149456779989123,0.04248167900368571,0.015360675017291214,,G,session-g-host1-20260926,results/session-g-host1-20260926/remote/run-01/result.json,/runs/49
cantilever-216k,fp64,modal8_muladd,3,30,16.5384414969958,790,0,2.4079362848872705,fixed_length,0.29999568595470316,0.15000000000000002,,fixed_length,0.7736186210167943,3.023756673974276,0.043683715019142255,0.015355903997260612,,G,session-g-host1-20260926,results/session-g-host1-20260926/remote/run-01/result.json,/runs/50
cantilever-216k,mixed,fused_ai_fp64,3,30,16.970685165004397,837,0,2.4079365635238514,fixed_length,0.29999564335515705,0.15000000000000002,,fixed_length,0.7796537020039978,3.4034964599995874,0.04304036001849454,0.015428809005243238,,G,session-g-host1-20260926,results/session-g-host1-20260926/remote/run-01/result.json,/runs/51
cantilever-216k,mixed,modal8_muladd,3,30,20.863053725995997,887,0,2.4079362904106616,fixed_length,0.2999956988935481,0.15000000000000002,,fixed_length,0.7750164570024936,7.312331166009244,0.043808132970298175,0.015320173981308471,,G,session-g-host1-20260926,results/session-g-host1-20260926/remote/run-01/result.json,/runs/52
cantilever-216k,mixed,stock,3,30,18.25893213400559,842,0,2.407936082953532,fixed_length,0.29999569435294626,0.15000000000000002,,fixed_length,0.8527448660097434,4.630083777992695,0.04245700402680086,0.01522662600473268,,G,session-g-host1-20260926,results/session-g-host1-20260926/remote/run-01/result.json,/runs/53
cantilever-512k,fp64,modal8_muladd,3,30,34.927296067005955,401,0,1.9663161351270109,fixed_length,0.30000288271322934,0.15000000000000002,,fixed_length,1.9860016819875455,2.388979459996335,0.09260983701096848,0.029528428007324692,,G,session-g-host1-20260926,results/session-g-host1-20260926/remote/run-01/result.json,/runs/54
cantilever-512k,fp64,fused_ai_fp64,3,30,35.40409074200579,401,0,1.966316134103811,fixed_length,0.3000028816606615,0.15000000000000002,,fixed_length,2.017254886974115,3.0564621570301824,0.09252760901290458,0.029598246976092923,,G,session-g-host1-20260926,results/session-g-host1-20260926/remote/run-01/result.json,/runs/55
cantilever-512k,fp64,stock,3,30,39.91208858000027,400,0,1.966316073004895,fixed_length,0.3000028939728269,0.15000000000000002,,fixed_length,2.205717332959466,7.081745157032856,0.09246709798026131,0.029476228017301764,,G,session-g-host1-20260926,results/session-g-host1-20260926/remote/run-01/result.json,/runs/56
cantilever-512k,mixed,modal8_muladd,3,30,34.67207718300051,410,0,1.9663163365027965,fixed_length,0.3000028455911986,0.15000000000000002,,fixed_length,1.9907962920115096,2.3061203839970403,0.092821397985972,0.029554772008850705,,G,session-g-host1-20260926,results/session-g-host1-20260926/remote/run-01/result.json,/runs/57
cantilever-512k,mixed,fused_ai_fp64,3,30,35.11851478499739,412,0,1.966316098186334,fixed_length,0.3000028921242718,0.15000000000000002,,fixed_length,2.017246271003387,2.540874171012547,0.09247474598669214,0.02950015298119979,,G,session-g-host1-20260926,results/session-g-host1-20260926/remote/run-01/result.json,/runs/58
cantilever-512k,mixed,stock,3,30,36.41651570300019,412,0,1.9663160399740152,fixed_length,0.30000290531632073,0.15000000000000002,,fixed_length,2.2067693269855226,3.930033381024259,0.0925175509910332,0.029473036986018997,,G,session-g-host1-20260926,results/session-g-host1-20260926/remote/run-01/result.json,/runs/59
mbb-514k,fp64,modal8_muladd,3,30,42.92718120900099,1836,0,5.796278284114094,fixed_length,0.4999996820242669,0.15000000000000002,,fixed_length,2.654980813000293,9.843510390011943,0.09293937197799096,0.02967341700423276,,G,session-g-host1-20260926,results/session-g-host1-20260926/remote/run-01/result.json,/runs/60
mbb-514k,fp64,stock,3,30,63.939836722995096,1860,0,5.796278327604575,fixed_length,0.4999996819124104,0.15000000000000002,,fixed_length,2.8424114329754957,30.851153399016766,0.09308011099346913,0.02963033401465509,,G,session-g-host1-20260926,results/session-g-host1-20260926/remote/run-01/result.json,/runs/61
mbb-514k,fp64,fused_ai_fp64,3,30,45.83182492599735,1843,0,5.79627817491885,fixed_length,0.4999996816761328,0.15000000000000002,,fixed_length,2.682636817000457,12.803176325003733,0.09317737997480435,0.029634335012815427,,G,session-g-host1-20260926,results/session-g-host1-20260926/remote/run-01/result.json,/runs/62
mbb-514k,mixed,modal8_muladd,3,30,54.23395151699515,4218,0,5.796276143969119,fixed_length,0.5000002090048817,0.15000000000000002,,fixed_length,2.656397865022882,21.132708301971434,0.09317823304445483,0.02969002497411566,,G,session-g-host1-20260926,results/session-g-host1-20260926/remote/run-01/result.json,/runs/63
mbb-514k,mixed,stock,3,30,91.25362383199536,4677,2,5.796281787990346,fixed_length,0.4999988478901066,0.15000000000000002,,fixed_length,2.8437181920089643,58.18915669200214,0.09312590800254839,0.02971702398644993,,G,session-g-host1-20260926,results/session-g-host1-20260926/remote/run-01/result.json,/runs/64
mbb-514k,mixed,fused_ai_fp64,3,30,54.02802212599636,2788,0,5.796276273152223,fixed_length,0.5000002041311139,0.15000000000000002,,fixed_length,2.6836556309935986,20.971749776028446,0.09328045797155937,0.02959829499013722,,G,session-g-host1-20260926,results/session-g-host1-20260926/remote/run-01/result.json,/runs/65
torsion-499k,fp64,stock,3,30,47.715175623001414,1039,0,2.084695806277245,fixed_length,0.25000145419250847,0.15000000000000002,,fixed_length,1.6921163909719326,16.491833309999492,0.09038590203272179,0.028836744008003734,,G,session-g-host1-20260926,results/session-g-host1-20260926/remote/run-01/result.json,/runs/66
torsion-499k,fp64,modal8_muladd,3,30,36.226464637999015,1045,0,2.084698813988239,fixed_length,0.25000147887054075,0.15000000000000002,,fixed_length,1.4772610180079937,5.127587741975731,0.09048505202372326,0.028827545989770442,,G,session-g-host1-20260926,results/session-g-host1-20260926/remote/run-01/result.json,/runs/67
torsion-499k,fp64,fused_ai_fp64,3,30,37.800635185005376,1038,0,2.084698721517973,fixed_length,0.2500013990036102,0.15000000000000002,,fixed_length,1.5080357159968116,6.69558705498639,0.09037194400298176,0.02893235803639982,,G,session-g-host1-20260926,results/session-g-host1-20260926/remote/run-01/result.json,/runs/68
torsion-499k,mixed,modal8_muladd,3,30,36.56662825899548,1185,0,2.084698414907612,fixed_length,0.25000156460957645,0.15000000000000002,,fixed_length,1.477474887004064,5.515125161007745,0.0903646749939071,0.02883298798406031,,G,session-g-host1-20260926,results/session-g-host1-20260926/remote/run-01/result.json,/runs/69
torsion-499k,mixed,stock,3,30,40.91775961499661,1174,0,2.084698857275268,fixed_length,0.25000140952566496,0.15000000000000002,,fixed_length,1.6920958069968037,9.734955743035243,0.09030924297985621,0.0287917929890682,,G,session-g-host1-20260926,results/session-g-host1-20260926/remote/run-01/result.json,/runs/70
torsion-499k,mixed,fused_ai_fp64,3,30,37.0105204309948,1156,0,2.0846981463129106,fixed_length,0.25000155633082344,0.15000000000000002,,fixed_length,1.5074845999915851,5.913726829989173,0.0904172820301028,0.02881503801472718,,G,session-g-host1-20260926,results/session-g-host1-20260926/remote/run-01/result.json,/runs/71
cantilever-216k,fp64,stock,,150,80.80939598500117,3416,0,2.370204944961546,capped,0.30000005290479487,0.14844080382363573,0.01,iteration_cap,3.2178099400262,28.839336394950806,0.21110684605082497,0.07348007394466549,,G,session-g-host1-20260926,results/session-g-host1-20260926/remote/run-01/result.json,/complete/0
cantilever-216k,fp64,fused_ai_fp64,,150,65.63803567300056,3376,0,2.370205038803696,capped,0.30000005763192344,0.148433364932543,0.01,iteration_cap,3.195006102010666,13.670161303976784,0.21845143798418576,0.07432380202226341,,G,session-g-host1-20260926,results/session-g-host1-20260926/remote/run-01/result.json,/complete/1
cantilever-216k,fp64,modal8_muladd,,150,65.16873663599836,3397,0,2.3702046460070036,capped,0.30000005433629506,0.1484407261571688,0.01,iteration_cap,3.255109971949423,13.068418291994021,0.22686403799889376,0.0746255369958817,,G,session-g-host1-20260926,results/session-g-host1-20260926/remote/run-01/result.json,/complete/2
cantilever-216k,mixed,stock,,150,71.67671329300356,3467,0,2.370205960160495,capped,0.29999988518666093,0.14845533996451166,0.01,iteration_cap,3.2330145749729127,19.35969664600998,0.2122666249924805,0.07374905699543888,,G,session-g-host1-20260926,results/session-g-host1-20260926/remote/run-01/result.json,/complete/3
cantilever-216k,mixed,fused_ai_fp64,,150,66.76207435400283,3539,0,2.370204810779058,capped,0.30000002433937856,0.14840193527208284,0.01,iteration_cap,3.243704998982139,14.600590526948508,0.22448134305159329,0.07467619504313916,,G,session-g-host1-20260926,results/session-g-host1-20260926/remote/run-01/result.json,/complete/4
cantilever-216k,mixed,modal8_muladd,,150,65.9236545140011,3478,0,2.3702067141932677,capped,0.2999997651556723,0.14847450964320608,0.01,iteration_cap,3.2559742109515355,13.937616465023893,0.22701323400542606,0.07468309901014436,,G,session-g-host1-20260926,results/session-g-host1-20260926/remote/run-01/result.json,/complete/5
cantilever-216k,mixed,stock,,30,11.811352768992947,339,0,405316117.9393726,auxiliary_diagnostic,0.0010000336497725166,6.249153650110702e-07,,fixed_length,1.201518722999026,2.0052889280268573,0.043915058973652776,0.014468667010078207,,G,session-g-host1-20260926,results/session-g-host1-20260926/remote/run-01/result.json,/their_e3_diagnostic
cantilever-216k,fp64,stock,1,30,21.93918088916689,790,0,2.407936284122732,fixed_length,0.2999956860556036,0.15000000000000002,,fixed_length,0.8925149077549577,6.894396017305553,0.043886047787964344,0.019654549658298492,,G,session-g-host2-20260926,results/session-g-host2-20260926/remote/run-01/result.json,/runs/0
cantilever-216k,fp64,fused_ai_fp64,1,30,17.981080560013652,790,0,2.4079362843793763,fixed_length,0.2999956860171205,0.15000000000000002,,fixed_length,0.8132878262549639,3.223633186891675,0.04393415618687868,0.01930052600800991,,G,session-g-host2-20260926,results/session-g-host2-20260926/remote/run-01/result.json,/runs/1
cantilever-216k,fp64,modal8_muladd,1,30,17.72364808805287,790,0,2.407936285002015,fixed_length,0.2999956859700377,0.15000000000000002,,fixed_length,0.8027111366391182,3.0624634260311723,0.04443515092134476,0.018775317817926407,,G,session-g-host2-20260926,results/session-g-host2-20260926/remote/run-01/result.json,/runs/2
cantilever-216k,mixed,stock,1,30,19.53359291702509,837,0,2.4079365663668035,fixed_length,0.29999570488269495,0.15000000000000002,,fixed_length,0.8867460796609521,4.751515418291092,0.04390986543148756,0.01884238887578249,,G,session-g-host2-20260926,results/session-g-host2-20260926/remote/run-01/result.json,/runs/3
cantilever-216k,mixed,modal8_muladd,1,30,18.00993017014116,844,0,2.4079364930381035,fixed_length,0.2999956849500824,0.15000000000000002,,fixed_length,0.808563913218677,3.431412372738123,0.04449601098895073,0.018911809660494328,,G,session-g-host2-20260926,results/session-g-host2-20260926/remote/run-01/result.json,/runs/4
cantilever-216k,mixed,fused_ai_fp64,1,30,17.787736834026873,840,0,2.407936184958568,fixed_length,0.2999957270128281,0.15000000000000002,,fixed_length,0.8056672159582376,3.417658358812332,0.044136316515505314,0.018751460127532482,,G,session-g-host2-20260926,results/session-g-host2-20260926/remote/run-01/result.json,/runs/5
cantilever-512k,fp64,modal8_muladd,1,30,37.91678199637681,406,0,1.9663161338549529,fixed_length,0.30000288095766636,0.15000000000000002,,fixed_length,2.075963383540511,2.499483630992472,0.09562824480235577,0.03314979374408722,,G,session-g-host2-20260926,results/session-g-host2-20260926/remote/run-01/result.json,/runs/6
cantilever-512k,fp64,fused_ai_fp64,1,30,38.35664094239473,403,0,1.966316139782261,fixed_length,0.30000288086757865,0.15000000000000002,,fixed_length,2.1031853100284934,3.174477622844279,0.09555836487561464,0.03258746676146984,,G,session-g-host2-20260926,results/session-g-host2-20260926/remote/run-01/result.json,/runs/7
cantilever-512k,fp64,stock,1,30,42.00187393184751,402,0,1.9663160632027317,fixed_length,0.3000028960927132,0.15000000000000002,,fixed_length,2.300114668905735,7.33330650255084,0.09540184307843447,0.03276216331869364,,G,session-g-host2-20260926,results/session-g-host2-20260926/remote/run-01/result.json,/runs/8
cantilever-512k,mixed,modal8_muladd,1,30,38.06362313311547,415,0,1.9663162679052968,fixed_length,0.30000285657381426,0.15000000000000002,,fixed_length,2.079398116096854,2.414335472509265,0.09562930464744568,0.0330135952681303,,G,session-g-host2-20260926,results/session-g-host2-20260926/remote/run-01/result.json,/runs/9
cantilever-512k,mixed,fused_ai_fp64,1,30,37.154456281103194,415,0,1.966316222337318,fixed_length,0.30000286331847315,0.15000000000000002,,fixed_length,2.1067437790334225,2.6366432141512632,0.09552313759922981,0.03327085357159376,,G,session-g-host2-20260926,results/session-g-host2-20260926/remote/run-01/result.json,/runs/10
cantilever-512k,mixed,stock,1,30,38.71087784785777,409,0,1.9663161140563963,fixed_length,0.3000028404441398,0.15000000000000002,,fixed_length,2.303010324947536,4.029451858252287,0.09557780902832747,0.03259842470288277,,G,session-g-host2-20260926,results/session-g-host2-20260926/remote/run-01/result.json,/runs/11
mbb-514k,fp64,stock,1,30,67.52301511354744,1843,0,5.796278256631153,fixed_length,0.4999996882702611,0.15000000000000002,,fixed_length,2.9546108515933156,31.492625657469034,0.09595329221338034,0.033354141749441624,,G,session-g-host2-20260926,results/session-g-host2-20260926/remote/run-01/result.json,/runs/12
mbb-514k,fp64,fused_ai_fp64,1,30,48.226775294169784,1827,0,5.796278253223306,fixed_length,0.49999968593343763,0.15000000000000002,,fixed_length,2.780249111354351,13.088964022696018,0.09612701740115881,0.033304428681731224,,G,session-g-host2-20260926,results/session-g-host2-20260926/remote/run-01/result.json,/runs/13
mbb-514k,fp64,modal8_muladd,1,30,46.42661115992814,1840,0,5.796278286974318,fixed_length,0.4999996814647408,0.15000000000000002,,fixed_length,2.7597641274333,10.20170730818063,0.09608825668692589,0.03294513653963804,,G,session-g-host2-20260926,results/session-g-host2-20260926/remote/run-01/result.json,/runs/14
mbb-514k,mixed,fused_ai_fp64,1,30,68.42810944654047,3801,1,5.796275994664476,fixed_length,0.5000002130458581,0.15000000000000002,,fixed_length,2.7700698785483837,32.78733677137643,0.09542448446154594,0.033857883885502815,,G,session-g-host2-20260926,results/session-g-host2-20260926/remote/run-01/result.json,/runs/15
mbb-514k,mixed,modal8_muladd,1,30,56.53474542312324,2905,0,5.796281564691629,fixed_length,0.49999892545167174,0.15000000000000002,,fixed_length,2.75327985920012,20.102579708211124,0.09578458964824677,0.032910266891121864,,G,session-g-host2-20260926,results/session-g-host2-20260926/remote/run-01/result.json,/runs/16
mbb-514k,mixed,stock,1,30,71.20566120650619,2949,0,5.796276335696597,fixed_length,0.5000001676783392,0.15000000000000002,,fixed_length,2.9446530928835273,35.39670418575406,0.0955667570233345,0.03377215936779976,,G,session-g-host2-20260926,results/session-g-host2-20260926/remote/run-01/result.json,/runs/17
torsion-499k,fp64,fused_ai_fp64,1,30,40.4387600440532,1034,0,2.0846972958097063,fixed_length,0.2500014927160222,0.15000000000000002,,fixed_length,1.5759288473054767,6.899580526165664,0.09337028674781322,0.03290474973618984,,G,session-g-host2-20260926,results/session-g-host2-20260926/remote/run-01/result.json,/runs/18
torsion-499k,fp64,stock,1,30,50.13188464008272,1045,0,2.0846974436434964,fixed_length,0.2500015248630714,0.15000000000000002,,fixed_length,1.7650293316692114,17.120117879472673,0.0938063682988286,0.03177527990192175,,G,session-g-host2-20260926,results/session-g-host2-20260926/remote/run-01/result.json,/runs/19
torsion-499k,fp64,modal8_muladd,1,30,39.578785731457174,1034,0,2.0846980383095763,fixed_length,0.2500015314374908,0.15000000000000002,,fixed_length,1.5489208372309804,5.247076514177024,0.09332750178873539,0.031612775288522243,,G,session-g-host2-20260926,results/session-g-host2-20260926/remote/run-01/result.json,/runs/20
torsion-499k,mixed,modal8_muladd,1,30,40.04456867277622,1184,0,2.08469848882386,fixed_length,0.2500014857399702,0.15000000000000002,,fixed_length,1.5471258526667953,5.711587719619274,0.09349152352660894,0.031824235804378986,,G,session-g-host2-20260926,results/session-g-host2-20260926/remote/run-01/result.json,/runs/21
torsion-499k,mixed,stock,1,30,43.34609199222177,1162,0,2.0846961995328632,fixed_length,0.250001510584396,0.15000000000000002,,fixed_length,1.7622649371623993,9.874056010507047,0.09364940784871578,0.031467631459236145,,G,session-g-host2-20260926,results/session-g-host2-20260926/remote/run-01/result.json,/runs/22
torsion-499k,mixed,fused_ai_fp64,1,30,40.609487869776785,1393,0,2.0846966152998068,fixed_length,0.2500015665078222,0.15000000000000002,,fixed_length,1.5732139451429248,7.289748702198267,0.09343589190393686,0.03194143995642662,,G,session-g-host2-20260926,results/session-g-host2-20260926/remote/run-01/result.json,/runs/23
cantilever-216k,fp64,modal8_muladd,2,30,18.037192031741142,790,0,2.407936284466089,fixed_length,0.29999568600360094,0.15000000000000002,,fixed_length,0.8242103941738605,3.139642020687461,0.04452842939645052,0.020305450074374676,,G,session-g-host2-20260926,results/session-g-host2-20260926/remote/run-01/result.json,/runs/24
cantilever-216k,fp64,fused_ai_fp64,2,30,17.909804431721568,790,0,2.407936284987848,fixed_length,0.29999568596365866,0.15000000000000002,,fixed_length,0.8096365723758936,3.2573352064937353,0.044580467976629734,0.01978696510195732,,G,session-g-host2-20260926,results/session-g-host2-20260926/remote/run-01/result.json,/runs/25
cantilever-216k,fp64,stock,2,30,22.025550079531968,790,0,2.407936284877164,fixed_length,0.2999956859557208,0.15000000000000002,,fixed_length,0.9116788757964969,6.886626222170889,0.04370386339724064,0.019397648982703686,,G,session-g-host2-20260926,results/session-g-host2-20260926/remote/run-01/result.json,/runs/26
cantilever-216k,mixed,modal8_muladd,2,30,18.389531964436173,847,0,2.4079363413569532,fixed_length,0.2999957071112043,0.15000000000000002,,fixed_length,0.8098835702985525,3.507981606759131,0.045272612012922764,0.019524862058460712,,G,session-g-host2-20260926,results/session-g-host2-20260926/remote/run-01/result.json,/runs/27
cantilever-216k,mixed,stock,2,30,19.461148749105632,836,0,2.407936424962488,fixed_length,0.299995672935236,0.15000000000000002,,fixed_length,0.8888443317264318,4.697347688488662,0.04365156311541796,0.019282965920865536,,G,session-g-host2-20260926,results/session-g-host2-20260926/remote/run-01/result.json,/runs/28
cantilever-216k,mixed,fused_ai_fp64,2,30,18.027761552482843,835,0,2.407936285146586,fixed_length,0.2999957204261506,0.15000000000000002,,fixed_length,0.8078928245231509,3.418066424317658,0.044382717460393906,0.019454818218946457,,G,session-g-host2-20260926,results/session-g-host2-20260926/remote/run-01/result.json,/runs/29
cantilever-512k,fp64,modal8_muladd,2,30,37.28310205973685,404,0,1.966315967498602,fixed_length,0.3000028920054279,0.15000000000000002,,fixed_length,2.0786992833018303,2.4904820304363966,0.09574195556342602,0.033120506443083286,,G,session-g-host2-20260926,results/session-g-host2-20260926/remote/run-01/result.json,/runs/30
cantilever-512k,fp64,stock,2,30,43.050886953249574,404,0,1.9663160921200329,fixed_length,0.30000288899642225,0.15000000000000002,,fixed_length,2.3050125632435083,7.3787943962961435,0.09585025254637003,0.03324254136532545,,G,session-g-host2-20260926,results/session-g-host2-20260926/remote/run-01/result.json,/runs/31
cantilever-512k,fp64,fused_ai_fp64,2,30,39.1097377743572,403,0,1.9663158507314797,fixed_length,0.3000028888118478,0.15000000000000002,,fixed_length,2.1354623259976506,3.2240064162760973,0.09612625557929277,0.03335706330835819,,G,session-g-host2-20260926,results/session-g-host2-20260926/remote/run-01/result.json,/runs/32
cantilever-512k,mixed,modal8_muladd,2,30,37.767682924866676,413,0,1.9663160523989698,fixed_length,0.3000029003967852,0.15000000000000002,,fixed_length,2.0722277387976646,2.3917433032765985,0.09561183489859104,0.03298288304358721,,G,session-g-host2-20260926,results/session-g-host2-20260926/remote/run-01/result.json,/runs/33
cantilever-512k,mixed,fused_ai_fp64,2,30,38.72166469786316,410,0,1.9663163345896126,fixed_length,0.30000284668943217,0.15000000000000002,,fixed_length,2.1057161558419466,2.6354904463514686,0.09580493811517954,0.03279492072761059,,G,session-g-host2-20260926,results/session-g-host2-20260926/remote/run-01/result.json,/runs/34
cantilever-512k,mixed,stock,2,30,40.037448165006936,411,0,1.966316099204479,fixed_length,0.3000028913605481,0.15000000000000002,,fixed_length,2.306576336733997,4.0720090521499515,0.09565313067287207,0.032057611271739006,,G,session-g-host2-20260926,results/session-g-host2-20260926/remote/run-01/result.json,/runs/35
mbb-514k,fp64,modal8_muladd,2,30,45.75308193359524,1805,0,5.796278295647963,fixed_length,0.4999996826720354,0.15000000000000002,,fixed_length,2.767736275680363,10.05306467693299,0.0959861297160387,0.03363841399550438,,G,session-g-host2-20260926,results/session-g-host2-20260926/remote/run-01/result.json,/runs/36
mbb-514k,fp64,stock,2,30,68.7107377750799,1848,0,5.796278357446412,fixed_length,0.4999996872328068,0.15000000000000002,,fixed_length,2.9605066422373056,31.654376889578998,0.09605021309107542,0.032600910402834415,,G,session-g-host2-20260926,results/session-g-host2-20260926/remote/run-01/result.json,/runs/37
mbb-514k,fp64,fused_ai_fp64,2,30,49.210939260199666,1821,0,5.796278399848919,fixed_length,0.49999968161981206,0.15000000000000002,,fixed_length,2.8086393419653177,13.087868354283273,0.09612101316452026,0.033386703580617905,,G,session-g-host2-20260926,results/session-g-host2-20260926/remote/run-01/result.json,/runs/38
mbb-514k,mixed,fused_ai_fp64,2,30,74.38590597826988,3793,0,5.796276436019356,fixed_length,0.5000001148339581,0.15000000000000002,,fixed_length,2.786161012016237,38.49411829188466,0.0958489840850234,0.03340380359441042,,G,session-g-host2-20260926,results/session-g-host2-20260926/remote/run-01/result.json,/runs/39
mbb-514k,mixed,modal8_muladd,2,30,49.91782621666789,2724,0,5.7962785044345795,fixed_length,0.49999969172450454,0.15000000000000002,,fixed_length,2.750413973815739,14.140744645148516,0.09575581084936857,0.03338155522942543,,G,session-g-host2-20260926,results/session-g-host2-20260926/remote/run-01/result.json,/runs/40
mbb-514k,mixed,stock,2,30,71.7942298669368,2885,0,5.796281646418673,fixed_length,0.499998864325479,0.15000000000000002,,fixed_length,2.9513145377859473,34.94985665846616,0.0957021713256836,0.035675072111189365,,G,session-g-host2-20260926,results/session-g-host2-20260926/remote/run-01/result.json,/runs/41
torsion-499k,fp64,modal8_muladd,2,30,40.02193998359144,1025,0,2.0846990374405276,fixed_length,0.25000142905768186,0.15000000000000002,,fixed_length,1.5566599192097783,5.22112899646163,0.09291206859052181,0.032271833159029484,,G,session-g-host2-20260926,results/session-g-host2-20260926/remote/run-01/result.json,/runs/42
torsion-499k,fp64,fused_ai_fp64,2,30,41.36683839280158,1024,0,2.08469566693732,fixed_length,0.2500015341431805,0.15000000000000002,,fixed_length,1.5811531394720078,6.8555954629555345,0.09368767309933901,0.03216682281345129,,G,session-g-host2-20260926,results/session-g-host2-20260926/remote/run-01/result.json,/runs/43
torsion-499k,fp64,stock,2,30,51.44197123218328,1022,0,2.0846966419692587,fixed_length,0.25000148380328274,0.15000000000000002,,fixed_length,1.77574223279953,16.789557479321957,0.09349389653652906,0.033491846174001694,,G,session-g-host2-20260926,results/session-g-host2-20260926/remote/run-01/result.json,/runs/44
torsion-499k,mixed,fused_ai_fp64,2,30,40.225355301983654,1144,0,2.084698443446211,fixed_length,0.2500015510690711,0.15000000000000002,,fixed_length,1.5786562515422702,6.064383352175355,0.09360559470951557,0.03270962182432413,,G,session-g-host2-20260926,results/session-g-host2-20260926/remote/run-01/result.json,/runs/45
torsion-499k,mixed,modal8_muladd,2,30,40.02315703686327,1153,0,2.084698966069647,fixed_length,0.25000145594218615,0.15000000000000002,,fixed_length,1.5604779180139303,5.5768600553274155,0.09374479856342077,0.032684107311069965,,G,session-g-host2-20260926,results/session-g-host2-20260926/remote/run-01/result.json,/runs/46
torsion-499k,mixed,stock,2,30,44.08313174638897,1175,0,2.0846975705481547,fixed_length,0.25000153035781597,0.15000000000000002,,fixed_length,1.7695132195949554,10.071210647933185,0.09335144609212875,0.032182274386286736,,G,session-g-host2-20260926,results/session-g-host2-20260926/remote/run-01/result.json,/runs/47
cantilever-216k,fp64,stock,3,30,21.753702119924128,790,0,2.4079362845375325,fixed_length,0.2999956859923262,0.15000000000000002,,fixed_length,0.8946774220094085,6.922326129861176,0.04405342601239681,0.01962565165013075,,G,session-g-host2-20260926,results/session-g-host2-20260926/remote/run-01/result.json,/runs/48
cantilever-216k,fp64,fused_ai_fp64,3,30,18.038910700939596,790,0,2.4079362849573425,fixed_length,0.29999568595726983,0.15000000000000002,,fixed_length,0.8170624673366547,3.216591341421008,0.04409494437277317,0.020619994029402733,,G,session-g-host2-20260926,results/session-g-host2-20260926/remote/run-01/result.json,/runs/49
cantilever-216k,fp64,modal8_muladd,3,30,18.058992379345,790,0,2.4079362848478216,fixed_length,0.29999568595426307,0.15000000000000002,,fixed_length,0.8099073264747858,3.159288339316845,0.044878133572638035,0.020491010509431362,,G,session-g-host2-20260926,results/session-g-host2-20260926/remote/run-01/result.json,/runs/50
cantilever-216k,mixed,fused_ai_fp64,3,30,22.711514252237976,861,0,2.4079365562612143,fixed_length,0.2999956570717268,0.15000000000000002,,fixed_length,0.8294262606650591,7.685454201884568,0.04443645570427179,0.019929520785808563,,G,session-g-host2-20260926,results/session-g-host2-20260926/remote/run-01/result.json,/runs/51
cantilever-216k,mixed,modal8_muladd,3,30,18.68183267582208,831,0,2.407936436080677,fixed_length,0.29999570603707126,0.15000000000000002,,fixed_length,0.8135676188394427,3.471329546533525,0.04491530079394579,0.019114230759441853,,G,session-g-host2-20260926,results/session-g-host2-20260926/remote/run-01/result.json,/runs/52
cantilever-216k,mixed,stock,3,30,19.712805625982583,830,0,2.407935712685795,fixed_length,0.2999957796065433,0.15000000000000002,,fixed_length,0.8989705098792911,4.743251423351467,0.04381057620048523,0.019297673366963863,,G,session-g-host2-20260926,results/session-g-host2-20260926/remote/run-01/result.json,/runs/53
cantilever-512k,fp64,modal8_muladd,3,30,39.28615579754114,403,0,1.9663158469459625,fixed_length,0.30000288883846954,0.15000000000000002,,fixed_length,2.0890506841242313,2.5098863998427987,0.0958190681412816,0.03303058538585901,,G,session-g-host2-20260926,results/session-g-host2-20260926/remote/run-01/result.json,/runs/54
cantilever-512k,fp64,fused_ai_fp64,3,30,39.441887746565044,404,0,1.966316068379065,fixed_length,0.3000028950527707,0.15000000000000002,,fixed_length,2.1137087661772966,3.1933724880218506,0.09579522162675858,0.032455562613904476,,G,session-g-host2-20260926,results/session-g-host2-20260926/remote/run-01/result.json,/runs/55
cantilever-512k,fp64,stock,3,30,43.86651801876724,406,0,1.966316139882548,fixed_length,0.3000028797137193,0.15000000000000002,,fixed_length,2.3124349787831306,7.444970897398889,0.09582258947193623,0.03353072889149189,,G,session-g-host2-20260926,results/session-g-host2-20260926/remote/run-01/result.json,/runs/56
cantilever-512k,mixed,modal8_muladd,3,30,36.903504309244454,412,0,1.9663160940234297,fixed_length,0.3000028931784424,0.15000000000000002,,fixed_length,2.069850876927376,2.3859608257189393,0.09541664086282253,0.03269242309033871,,G,session-g-host2-20260926,results/session-g-host2-20260926/remote/run-01/result.json,/runs/57
cantilever-512k,mixed,fused_ai_fp64,3,30,38.15102038439363,416,0,1.9663160937027793,fixed_length,0.30000289340592,0.15000000000000002,,fixed_length,2.109967571683228,2.653624165803194,0.09574605245143175,0.03288479521870613,,G,session-g-host2-20260926,results/session-g-host2-20260926/remote/run-01/result.json,/runs/58
cantilever-512k,mixed,stock,3,30,40.17717748414725,410,0,1.9663161734579127,fixed_length,0.3000028445481054,0.15000000000000002,,fixed_length,2.3214150313287973,4.0840461095795035,0.0957816056907177,0.03226005285978317,,G,session-g-host2-20260926,results/session-g-host2-20260926/remote/run-01/result.json,/runs/59
mbb-514k,fp64,modal8_muladd,3,30,45.479007692076266,1820,0,5.796278268463038,fixed_length,0.4999996859184114,0.15000000000000002,,fixed_length,2.7570097278803587,10.066032870672643,0.09583425987511873,0.03311870526522398,,G,session-g-host2-20260926,results/session-g-host2-20260926/remote/run-01/result.json,/runs/60
mbb-514k,fp64,stock,3,30,67.43126271199435,1838,0,5.796278232088261,fixed_length,0.49999968535855505,0.15000000000000002,,fixed_length,2.946925329975784,31.304295065812767,0.0956399543210864,0.03288319241255522,,G,session-g-host2-20260926,results/session-g-host2-20260926/remote/run-01/result.json,/runs/61
mbb-514k,fp64,fused_ai_fp64,3,30,48.71361355017871,1829,0,5.796278384781088,fixed_length,0.49999968131500266,0.15000000000000002,,fixed_length,2.7771334974095225,13.003046630881727,0.09500234574079514,0.033301752991974354,,G,session-g-host2-20260926,results/session-g-host2-20260926/remote/run-01/result.json,/runs/62
mbb-514k,mixed,modal8_muladd,3,30,61.09490142110735,3128,0,5.796276679422296,fixed_length,0.5000001179556829,0.15000000000000002,,fixed_length,2.7392503675073385,26.158415719866753,0.09512679651379585,0.03317899536341429,,G,session-g-host2-20260926,results/session-g-host2-20260926/remote/run-01/result.json,/runs/63
mbb-514k,mixed,stock,3,30,94.8092287434265,3531,0,5.7962767115755485,fixed_length,0.5000000938461157,0.15000000000000002,,fixed_length,2.9402016047388315,58.65089625027031,0.09522861801087856,0.03262899350374937,,G,session-g-host2-20260926,results/session-g-host2-20260926/remote/run-01/result.json,/runs/64
mbb-514k,mixed,fused_ai_fp64,3,30,242.53478138893843,4371,1,5.7962761599468315,fixed_length,0.5000001918211305,0.15000000000000002,,fixed_length,2.8205866422504187,41.767952599562705,0.09572150092571974,0.04303794540464878,,G,session-g-host2-20260926,results/session-g-host2-20260926/remote/run-01/result.json,/runs/65
torsion-499k,fp64,stock,3,30,51.28735542949289,1029,0,2.0846963337274076,fixed_length,0.2500015253930794,0.15000000000000002,,fixed_length,1.7562360195443034,16.845960600301623,0.09259358234703541,0.030488112941384315,,G,session-g-host2-20260926,results/session-g-host2-20260926/remote/run-01/result.json,/runs/66
torsion-499k,fp64,modal8_muladd,3,30,38.49404986947775,1020,0,2.0846980268094772,fixed_length,0.2500014953388603,0.15000000000000002,,fixed_length,1.527041302062571,5.135679975152016,0.09257215727120638,0.030454018153250217,,G,session-g-host2-20260926,results/session-g-host2-20260926/remote/run-01/result.json,/runs/67
torsion-499k,fp64,fused_ai_fp64,3,30,83.94894783664495,1034,0,2.0846977909742916,fixed_length,0.2500015170144025,0.15000000000000002,,fixed_length,1.574446207843721,6.889768649823964,0.09329298883676529,0.03022767696529627,,G,session-g-host2-20260926,results/session-g-host2-20260926/remote/run-01/result.json,/runs/68
torsion-499k,mixed,modal8_muladd,3,30,133.44652584940195,1142,0,2.084698770384664,fixed_length,0.25000146587662514,0.15000000000000002,,fixed_length,1.5361572187393904,5.479204478673637,0.09333314932882786,0.030818697065114975,,G,session-g-host2-20260926,results/session-g-host2-20260926/remote/run-01/result.json,/runs/69
torsion-499k,mixed,stock,3,30,43.891386662609875,1120,0,2.0846961442579617,fixed_length,0.2500015123344504,0.15000000000000002,,fixed_length,1.767123432829976,9.576760553754866,0.09293481428176165,0.030667747370898724,,G,session-g-host2-20260926,results/session-g-host2-20260926/remote/run-01/result.json,/runs/70
torsion-499k,mixed,fused_ai_fp64,3,30,39.239662433974445,1171,0,2.084696885772492,fixed_length,0.2500015691019679,0.15000000000000002,,fixed_length,1.562301516532898,6.127558554522693,0.09256639704108238,0.030721905641257763,,G,session-g-host2-20260926,results/session-g-host2-20260926/remote/run-01/result.json,/runs/71
cantilever-216k,fp64,stock,,150,84.01964884623885,3395,0,2.3702048335110057,capped,0.3000000539805557,0.14843924188457386,0.01,iteration_cap,3.324125316925347,29.223610349930823,0.2164173647761345,0.08020963333547115,,G,session-g-host2-20260926,results/session-g-host2-20260926/remote/run-01/result.json,/complete/0
cantilever-216k,fp64,fused_ai_fp64,,150,69.40404291357845,3396,0,2.3702046883646912,capped,0.30000005616798736,0.1484373303397588,0.01,iteration_cap,3.2590108793228865,13.806221334263682,0.21882061567157507,0.08217727579176426,,G,session-g-host2-20260926,results/session-g-host2-20260926/remote/run-01/result.json,/complete/1
cantilever-216k,fp64,modal8_muladd,,150,68.64072973374277,3402,0,2.3702046312279372,capped,0.3000000571443863,0.14844292246500074,0.01,iteration_cap,3.2953291600570083,13.298246785067022,0.22403839603066444,0.08127647172659636,,G,session-g-host2-20260926,results/session-g-host2-20260926/remote/run-01/result.json,/complete/2
cantilever-216k,mixed,stock,,150,75.70083520468324,3585,0,2.3702048049100566,capped,0.3000000530151535,0.1484149655938206,0.01,iteration_cap,3.343834016472101,20.12171413563192,0.21614651288837194,0.08096125349402428,,G,session-g-host2-20260926,results/session-g-host2-20260926/remote/run-01/result.json,/complete/3
cantilever-216k,mixed,fused_ai_fp64,,150,71.56524227093905,3495,0,2.3702055142065723,capped,0.2999999959692704,0.1483679270566814,0.01,iteration_cap,3.3427492696791887,14.9869988206774,0.22412444092333317,0.08364675287157297,,G,session-g-host2-20260926,results/session-g-host2-20260926/remote/run-01/result.json,/complete/4
cantilever-216k,mixed,modal8_muladd,,150,74.95849973801523,3463,0,2.3702051320171904,capped,0.3000000275896231,0.14840257243770072,0.01,iteration_cap,3.319152324460447,14.163568918593228,0.22399142291396856,0.08250060491263866,,G,session-g-host2-20260926,results/session-g-host2-20260926/remote/run-01/result.json,/complete/5
cantilever-216k,mixed,stock,,30,12.437276974320412,341,0,405316068.9665632,auxiliary_diagnostic,0.00100003364975342,6.272245601781842e-07,,fixed_length,1.2589330850169063,2.0367729933932424,0.04439857415854931,0.017618544399738312,,G,session-g-host2-20260926,results/session-g-host2-20260926/remote/run-01/result.json,/their_e3_diagnostic
cantilever-216k,fp64,stock,1,100,27.626628655940294,2255,0,2.375136190015031,fixed_length,0.2999997591138463,0.15000000000000002,,fixed_length,2.2439333565998822,18.87489119404927,0.14126372197642922,0.03814795799553394,,H,session-h-host1-20260926,results/session-h-host1-20260926/remote/run-01/result.json,/runs/0
cantilever-216k,fp64,fused_ai_fp64,1,100,17.428020609077066,2252,0,2.3751361856015434,fixed_length,0.29999976128371986,0.15000000000000002,,fixed_length,2.1710309891495854,8.80667522805743,0.14081165241077542,0.03794936393387616,,H,session-h-host1-20260926,results/session-h-host1-20260926/remote/run-01/result.json,/runs/1
cantilever-216k,fp64,modal8_muladd,1,100,17.03874072409235,2239,0,2.375136189963142,fixed_length,0.2999997588286713,0.15000000000000002,,fixed_length,2.163162585347891,8.383231951622292,0.14130703825503588,0.03764136182144284,,H,session-h-host1-20260926,results/session-h-host1-20260926/remote/run-01/result.json,/runs/2
cantilever-216k,mixed,stock,1,100,21.346346031175926,2316,0,2.3751366412540853,fixed_length,0.2999997416688395,0.15000000000000002,,fixed_length,2.256672415183857,12.574985738378018,0.14081420353613794,0.03771965345367789,,H,session-h-host1-20260926,results/session-h-host1-20260926/remote/run-01/result.json,/runs/3
cantilever-216k,mixed,modal8_muladd,1,100,17.653854561038315,2316,0,2.3751367331080275,fixed_length,0.29999970797782877,0.15000000000000002,,fixed_length,2.1567617875989527,8.981069838395342,0.14103275234811008,0.03765937080606818,,H,session-h-host1-20260926,results/session-h-host1-20260926/remote/run-01/result.json,/runs/4
cantilever-216k,mixed,fused_ai_fp64,1,100,17.93151034996845,2354,0,2.3751365160095332,fixed_length,0.29999972374517153,0.15000000000000002,,fixed_length,2.168543861946091,9.321746741654351,0.1445623931940645,0.04075148864649236,,H,session-h-host1-20260926,results/session-h-host1-20260926/remote/run-01/result.json,/runs/5
cantilever-512k,fp64,modal8_muladd,1,100,26.27243246510625,1244,0,1.9424328617464777,fixed_length,0.2999987278268341,0.15000000000000002,,fixed_length,6.23158381995745,7.515774694038555,0.3098064768128097,0.09754010895267129,,H,session-h-host1-20260926,results/session-h-host1-20260926/remote/run-01/result.json,/runs/6
cantilever-512k,fp64,fused_ai_fp64,1,100,28.593390502035618,1253,0,1.9424328437004956,fixed_length,0.2999987284119983,0.15000000000000002,,fixed_length,6.282868955517188,9.692126150941476,0.30970832146704197,0.09771449165418744,,H,session-h-host1-20260926,results/session-h-host1-20260926/remote/run-01/result.json,/runs/7
cantilever-512k,fp64,stock,1,100,41.20004335488193,1245,0,1.942432850203897,fixed_length,0.299998728938214,0.15000000000000002,,fixed_length,6.457536531845108,22.311835600761697,0.30984174902550876,0.0971983140334487,,H,session-h-host1-20260926,results/session-h-host1-20260926/remote/run-01/result.json,/runs/8
cantilever-512k,mixed,modal8_muladd,1,100,26.082328087184578,1263,0,1.9424328217932818,fixed_length,0.29999873707726815,0.15000000000000002,,fixed_length,6.233186426339671,7.1593173504807055,0.30976087343879044,0.09720345214009285,,H,session-h-host1-20260926,results/session-h-host1-20260926/remote/run-01/result.json,/runs/9
cantilever-512k,mixed,fused_ai_fp64,1,100,26.62196979415603,1257,0,1.9424329180960198,fixed_length,0.29999872224618895,0.15000000000000002,,fixed_length,6.2676992113702,7.922237609280273,0.31044358969666064,0.09764458099380136,,H,session-h-host1-20260926,results/session-h-host1-20260926/remote/run-01/result.json,/runs/10
cantilever-512k,mixed,stock,1,100,31.27746841707267,1254,0,1.9424328496545076,fixed_length,0.2999987360882484,0.15000000000000002,,fixed_length,6.469997948035598,12.264350932091475,0.31161891715601087,0.09692876460030675,,H,session-h-host1-20260926,results/session-h-host1-20260926/remote/run-01/result.json,/runs/11
mbb-514k,fp64,stock,1,100,109.81665280484594,5298,0,5.77466280247257,fixed_length,0.5000005061796392,0.15000000000000002,,fixed_length,8.741271385690197,88.53902462357655,0.3115077428519726,0.09771700645796955,,H,session-h-host1-20260926,results/session-h-host1-20260926/remote/run-01/result.json,/runs/12
mbb-514k,fp64,fused_ai_fp64,1,100,58.25690282601863,5324,0,5.774662767151094,fixed_length,0.5000005098153755,0.15000000000000002,,fixed_length,8.569971882738173,37.32129107089713,0.3122774304356426,0.097863445058465,,H,session-h-host1-20260926,results/session-h-host1-20260926/remote/run-01/result.json,/runs/13
mbb-514k,fp64,modal8_muladd,1,100,49.30820958316326,5256,0,5.774662806798198,fixed_length,0.5000005024869034,0.15000000000000002,,fixed_length,8.555465241195634,28.457063772249967,0.3118396436329931,0.09820698318071663,,H,session-h-host1-20260926,results/session-h-host1-20260926/remote/run-01/result.json,/runs/14
mbb-514k,mixed,fused_ai_fp64,1,100,79.07715898100287,8469,0,5.774666207990281,fixed_length,0.4999995756472325,0.15000000000000002,,fixed_length,8.585769906174392,58.14034384675324,0.3123204994481057,0.0979379341006279,,H,session-h-host1-20260926,results/session-h-host1-20260926/remote/run-01/result.json,/runs/15
mbb-514k,mixed,modal8_muladd,1,100,86.34556057187729,9044,1,5.774660042326547,fixed_length,0.49999923962119347,0.15000000000000002,,fixed_length,8.577918318100274,65.41087210504338,0.3118493822403252,0.09753016382455826,,H,session-h-host1-20260926,results/session-h-host1-20260926/remote/run-01/result.json,/runs/16
mbb-514k,mixed,stock,1,100,114.56044608098455,7665,0,5.774661440588722,fixed_length,0.4999992357816219,0.15000000000000002,,fixed_length,8.765912919770926,93.44349730876274,0.3119904180057347,0.09675516304560006,,H,session-h-host1-20260926,results/session-h-host1-20260926/remote/run-01/result.json,/runs/17
torsion-499k,fp64,fused_ai_fp64,1,100,29.19387001101859,1929,0,2.0831510858711826,fixed_length,0.2499994325684815,0.15000000000000002,,fixed_length,4.589261163026094,12.85789290512912,0.3029574700631201,0.0938066563103348,,H,session-h-host1-20260926,results/session-h-host1-20260926/remote/run-01/result.json,/runs/18
torsion-499k,fp64,stock,1,100,47.26310414285399,1890,0,2.083150150552741,fixed_length,0.24999963197386935,0.15000000000000002,,fixed_length,4.748084488790482,30.81842804327607,0.3025631783530116,0.0931777695659548,,H,session-h-host1-20260926,results/session-h-host1-20260926/remote/run-01/result.json,/runs/19
torsion-499k,fp64,modal8_muladd,1,100,25.766457241028547,1889,0,2.0831534810648353,fixed_length,0.24999991779354241,0.15000000000000002,,fixed_length,4.541124876355752,9.55961657059379,0.30278648203238845,0.09483566437847912,,H,session-h-host1-20260926,results/session-h-host1-20260926/remote/run-01/result.json,/runs/20
torsion-499k,mixed,modal8_muladd,1,100,26.171842596959323,2097,0,2.0831572012863853,fixed_length,0.24999963634844452,0.15000000000000002,,fixed_length,4.538781792623922,9.933558118063956,0.3034969037398696,0.09402835834771395,,H,session-h-host1-20260926,results/session-h-host1-20260926/remote/run-01/result.json,/runs/21
torsion-499k,mixed,stock,1,100,33.80005576298572,2036,0,2.083158257364598,fixed_length,0.24999960634348017,0.15000000000000002,,fixed_length,4.7486652543302625,17.271945576183498,0.30269541731104255,0.09293922805227339,,H,session-h-host1-20260926,results/session-h-host1-20260926/remote/run-01/result.json,/runs/22
torsion-499k,mixed,fused_ai_fp64,1,100,27.048560035880655,2046,0,2.0831613154360706,fixed_length,0.24999966403721688,0.15000000000000002,,fixed_length,4.575248238397762,10.752527334960178,0.30328949238173664,0.09399681491777301,,H,session-h-host1-20260926,results/session-h-host1-20260926/remote/run-01/result.json,/runs/23
cantilever-216k,fp64,modal8_muladd,2,100,17.04807534790598,2244,0,2.375136189503271,fixed_length,0.29999975900103454,0.15000000000000002,,fixed_length,2.169324962887913,8.37611756613478,0.14106654026545584,0.03760090982541442,,H,session-h-host1-20260926,results/session-h-host1-20260926/remote/run-01/result.json,/runs/24
cantilever-216k,fp64,fused_ai_fp64,2,100,17.539962257957086,2254,0,2.3751361754542177,fixed_length,0.29999976181542265,0.15000000000000002,,fixed_length,2.1723918279167265,8.865142437862232,0.14111666614189744,0.03718113340437412,,H,session-h-host1-20260926,results/session-h-host1-20260926/remote/run-01/result.json,/runs/25
cantilever-216k,fp64,stock,2,100,27.66125045111403,2261,0,2.375136190255044,fixed_length,0.29999976193191613,0.15000000000000002,,fixed_length,2.2519076438620687,18.92777811153792,0.1408998838160187,0.03692420641891658,,H,session-h-host1-20260926,results/session-h-host1-20260926/remote/run-01/result.json,/runs/26
cantilever-216k,mixed,modal8_muladd,2,100,17.67428543511778,2327,0,2.3751366103454936,fixed_length,0.2999997274764342,0.15000000000000002,,fixed_length,2.160042602336034,9.024984564166516,0.14099052431993186,0.03757113358005881,,H,session-h-host1-20260926,results/session-h-host1-20260926/remote/run-01/result.json,/runs/27
cantilever-216k,mixed,stock,2,100,21.27207534504123,2311,0,2.37513653299818,fixed_length,0.2999997259585324,0.15000000000000002,,fixed_length,2.2545924484729767,12.533071720739827,0.14147197152487934,0.0373262744396925,,H,session-h-host1-20260926,results/session-h-host1-20260926/remote/run-01/result.json,/runs/28
cantilever-216k,mixed,fused_ai_fp64,2,100,17.881370328832418,2308,0,2.3751367671719987,fixed_length,0.29999972348985826,0.15000000000000002,,fixed_length,2.1862559020519257,9.179343402618542,0.14099374553188682,0.03745694877579808,,H,session-h-host1-20260926,results/session-h-host1-20260926/remote/run-01/result.json,/runs/29
cantilever-512k,fp64,modal8_muladd,2,100,26.204528314992785,1238,0,1.942432847748321,fixed_length,0.29999872791556004,0.15000000000000002,,fixed_length,6.245136737590656,7.480705117341131,0.31003852165304124,0.09641739469952881,,H,session-h-host1-20260926,results/session-h-host1-20260926/remote/run-01/result.json,/runs/30
cantilever-512k,fp64,stock,2,100,41.35362474084832,1254,0,1.9424328479994522,fixed_length,0.2999987293824421,0.15000000000000002,,fixed_length,6.476471345173195,22.417520058108494,0.30989765585400164,0.09562246804125607,,H,session-h-host1-20260926,results/session-h-host1-20260926/remote/run-01/result.json,/runs/31
cantilever-512k,fp64,fused_ai_fp64,2,100,28.483540151966736,1243,0,1.9424328647493612,fixed_length,0.2999987270394054,0.15000000000000002,,fixed_length,6.282365808729082,9.608567242510617,0.30992676969617605,0.0962600028142333,,H,session-h-host1-20260926,results/session-h-host1-20260926/remote/run-01/result.json,/runs/32
cantilever-512k,mixed,modal8_muladd,2,100,26.062422967981547,1266,0,1.9424329091831536,fixed_length,0.2999987235920755,0.15000000000000002,,fixed_length,6.257743594935164,7.190603395458311,0.30995682906359434,0.09655538178049028,,H,session-h-host1-20260926,results/session-h-host1-20260926/remote/run-01/result.json,/runs/33
cantilever-512k,mixed,fused_ai_fp64,2,100,26.664984609000385,1260,0,1.9424328198374199,fixed_length,0.29999873738043936,0.15000000000000002,,fixed_length,6.271570276468992,7.863139857072383,0.30973483878187835,0.09629058046266437,,H,session-h-host1-20260926,results/session-h-host1-20260926/remote/run-01/result.json,/runs/34
cantilever-512k,mixed,stock,2,100,31.27786276396364,1262,0,1.9424329161824088,fixed_length,0.29999871407945117,0.15000000000000002,,fixed_length,6.463919950416312,12.162360709393397,0.3099073269404471,0.09613344725221395,,H,session-h-host1-20260926,results/session-h-host1-20260926/remote/run-01/result.json,/runs/35
mbb-514k,fp64,modal8_muladd,2,100,49.21180687495507,5230,0,5.774662736365386,fixed_length,0.5000005100130427,0.15000000000000002,,fixed_length,8.577402855502442,28.295590484282002,0.3119435633998364,0.09743756777606905,,H,session-h-host1-20260926,results/session-h-host1-20260926/remote/run-01/result.json,/runs/36
mbb-514k,fp64,stock,2,100,110.0121550092008,5330,0,5.774662813768753,fixed_length,0.5000005108032077,0.15000000000000002,,fixed_length,8.763179371366277,88.93142591626383,0.31149195483885705,0.09650006145238876,,H,session-h-host1-20260926,results/session-h-host1-20260926/remote/run-01/result.json,/runs/37
mbb-514k,fp64,fused_ai_fp64,2,100,58.233423315919936,5305,0,5.774662768155447,fixed_length,0.5000005077916234,0.15000000000000002,,fixed_length,8.592225245665759,37.156266688369215,0.3118049567565322,0.09695834526792169,,H,session-h-host1-20260926,results/session-h-host1-20260926/remote/run-01/result.json,/runs/38
mbb-514k,mixed,fused_ai_fp64,2,100,74.45072043105029,7626,0,5.774659661000545,fixed_length,0.4999993606179577,0.15000000000000002,,fixed_length,8.607811326859519,53.49782653525472,0.31174850394017994,0.0996162099763751,,H,session-h-host1-20260926,results/session-h-host1-20260926/remote/run-01/result.json,/runs/39
mbb-514k,mixed,modal8_muladd,2,100,67.37881851685233,9248,0,5.77466146929067,fixed_length,0.4999992449144618,0.15000000000000002,,fixed_length,8.573481262428686,46.52346416958608,0.3118732098955661,0.09879259020090103,,H,session-h-host1-20260926,results/session-h-host1-20260926/remote/run-01/result.json,/runs/40
mbb-514k,mixed,stock,2,100,130.32755375397392,9447,2,5.774662832730736,fixed_length,0.5000004983758913,0.15000000000000002,,fixed_length,8.758467738516629,109.18644877942279,0.3116037333384156,0.09821007214486599,,H,session-h-host1-20260926,results/session-h-host1-20260926/remote/run-01/result.json,/runs/41
torsion-499k,fp64,modal8_muladd,2,100,26.168131597107276,1900,0,2.083148890257217,fixed_length,0.2499997304056562,0.15000000000000002,,fixed_length,4.536270109238103,9.667799713322893,0.3033908689394593,0.09507136372849345,,H,session-h-host1-20260926,results/session-h-host1-20260926/remote/run-01/result.json,/runs/42
torsion-499k,fp64,fused_ai_fp64,2,100,29.154832458123565,1890,0,2.083161729661482,fixed_length,0.24999961222615638,0.15000000000000002,,fixed_length,4.577146820258349,12.606455505127087,0.3029797933995724,0.09493342926725745,,H,session-h-host1-20260926,results/session-h-host1-20260926/remote/run-01/result.json,/runs/43
torsion-499k,fp64,stock,2,100,47.780523274093866,1914,0,2.083158305563933,fixed_length,0.2499995763103656,0.15000000000000002,,fixed_length,4.758089654380456,31.22509096050635,0.30272329808212817,0.09567693970166147,,H,session-h-host1-20260926,results/session-h-host1-20260926/remote/run-01/result.json,/runs/44
torsion-499k,mixed,fused_ai_fp64,2,100,27.352582955965772,2070,0,2.0831580823928415,fixed_length,0.24999964738919145,0.15000000000000002,,fixed_length,4.566617464413866,10.9216068550013,0.3032519561238587,0.0955747461412102,,H,session-h-host1-20260926,results/session-h-host1-20260926/remote/run-01/result.json,/runs/45
torsion-499k,mixed,modal8_muladd,2,100,26.140151502098888,2064,0,2.083160613488828,fixed_length,0.24999975570839714,0.15000000000000002,,fixed_length,4.531869900180027,9.796553583117202,0.3029480245895684,0.09377472242340446,,H,session-h-host1-20260926,results/session-h-host1-20260926/remote/run-01/result.json,/runs/46
torsion-499k,mixed,stock,2,100,34.56433580094017,2126,0,2.083155791670517,fixed_length,0.24999970168945881,0.15000000000000002,,fixed_length,4.762722950894386,18.021102861035615,0.3030670960433781,0.09515451290644705,,H,session-h-host1-20260926,results/session-h-host1-20260926/remote/run-01/result.json,/runs/47
cantilever-216k,fp64,stock,3,100,27.776148590026423,2257,0,2.3751361886712092,fixed_length,0.29999975973339466,0.15000000000000002,,fixed_length,2.258349690120667,18.892441835952923,0.14100812189280987,0.0376078630797565,,H,session-h-host1-20260926,results/session-h-host1-20260926/remote/run-01/result.json,/runs/48
cantilever-216k,fp64,fused_ai_fp64,3,100,17.684760288102552,2251,0,2.3751361855311894,fixed_length,0.2999997597481576,0.15000000000000002,,fixed_length,2.173069083597511,8.83786995545961,0.14772352296859026,0.037539235316216946,,H,session-h-host1-20260926,results/session-h-host1-20260926/remote/run-01/result.json,/runs/49
cantilever-216k,fp64,modal8_muladd,3,100,17.243503390811384,2252,0,2.375136184624456,fixed_length,0.29999975894663644,0.15000000000000002,,fixed_length,2.1739391246810555,8.423566538374871,0.14079057541675866,0.0370811028406024,,H,session-h-host1-20260926,results/session-h-host1-20260926/remote/run-01/result.json,/runs/50
cantilever-216k,mixed,fused_ai_fp64,3,100,21.07186570414342,3089,0,2.3751369061353187,fixed_length,0.29999972924581897,0.15000000000000002,,fixed_length,2.1856390649918467,12.192502087913454,0.14117323281243443,0.037554908310994506,,H,session-h-host1-20260926,results/session-h-host1-20260926/remote/run-01/result.json,/runs/51
cantilever-216k,mixed,modal8_muladd,3,100,17.809319749008864,2323,0,2.37513670900537,fixed_length,0.29999971023111666,0.15000000000000002,,fixed_length,2.1671909398864955,9.018266217783093,0.14135758602060378,0.07910709432326257,,H,session-h-host1-20260926,results/session-h-host1-20260926/remote/run-01/result.json,/runs/52
cantilever-216k,mixed,stock,3,100,21.65897532599047,2343,0,2.3751365699564855,fixed_length,0.29999970579650836,0.15000000000000002,,fixed_length,2.266394602600485,12.730823289835826,0.1410138919018209,0.03762480313889682,,H,session-h-host1-20260926,results/session-h-host1-20260926/remote/run-01/result.json,/runs/53
cantilever-512k,fp64,modal8_muladd,3,100,26.424265259876847,1251,0,1.9424328905724213,fixed_length,0.29999872008769335,0.15000000000000002,,fixed_length,6.257468803785741,7.546881515998393,0.30997178819961846,0.09900565631687641,,H,session-h-host1-20260926,results/session-h-host1-20260926/remote/run-01/result.json,/runs/54
cantilever-512k,fp64,fused_ai_fp64,3,100,28.803477172041312,1254,0,1.942432876565121,fixed_length,0.29999872376074055,0.15000000000000002,,fixed_length,6.291719438508153,9.677719577448443,0.3099426147527993,0.09864122234284878,,H,session-h-host1-20260926,results/session-h-host1-20260926/remote/run-01/result.json,/runs/55
cantilever-512k,fp64,stock,3,100,41.53271027514711,1251,0,1.9424328424155684,fixed_length,0.29999873033938035,0.15000000000000002,,fixed_length,6.482662153430283,22.39185103564523,0.30984835932031274,0.09758345573209226,,H,session-h-host1-20260926,results/session-h-host1-20260926/remote/run-01/result.json,/runs/56
cantilever-512k,mixed,modal8_muladd,3,100,26.058071722975,1247,0,1.9424329326302787,fixed_length,0.2999987232195823,0.15000000000000002,,fixed_length,6.261863281484693,7.096080617513508,0.30993442912586033,0.09745428408496082,,H,session-h-host1-20260926,results/session-h-host1-20260926/remote/run-01/result.json,/runs/57
cantilever-512k,mixed,fused_ai_fp64,3,100,26.90817226609215,1263,0,1.9424329038002046,fixed_length,0.2999987144414721,0.15000000000000002,,fixed_length,6.278977630427107,7.880296983756125,0.30989062157459557,0.10571347852237523,,H,session-h-host1-20260926,results/session-h-host1-20260926/remote/run-01/result.json,/runs/58
cantilever-512k,mixed,stock,3,100,34.49979249597527,1607,0,1.9424328721994268,fixed_length,0.29999872728607396,0.15000000000000002,,fixed_length,6.478545535588637,15.210774913430214,0.3099693753756583,0.10018709977157414,,H,session-h-host1-20260926,results/session-h-host1-20260926/remote/run-01/result.json,/runs/59
mbb-514k,fp64,modal8_muladd,3,100,49.29817892005667,5246,0,5.774662794580866,fixed_length,0.5000005152224359,0.15000000000000002,,fixed_length,8.589021306950599,28.390752578852698,0.3117363089695573,0.09894415084272623,,H,session-h-host1-20260926,results/session-h-host1-20260926/remote/run-01/result.json,/runs/60
mbb-514k,fp64,stock,3,100,108.13650026894175,5215,0,5.774662772230255,fixed_length,0.5000005116043335,0.15000000000000002,,fixed_length,8.778071516891941,87.02467269147746,0.31152018695138395,0.09877003449946642,,H,session-h-host1-20260926,results/session-h-host1-20260926/remote/run-01/result.json,/runs/61
mbb-514k,fp64,fused_ai_fp64,3,100,57.649387191049755,5245,0,5.774662802612339,fixed_length,0.500000509244522,0.15000000000000002,,fixed_length,8.603386430069804,36.73927869205363,0.31167647591792047,0.09954630979336798,,H,session-h-host1-20260926,results/session-h-host1-20260926/remote/run-01/result.json,/runs/62
mbb-514k,mixed,modal8_muladd,3,100,74.40048645390198,8654,1,5.774659990883028,fixed_length,0.49999927677665834,0.15000000000000002,,fixed_length,8.581379133975133,53.487084713066,0.3121053061913699,0.09952894505113363,,H,session-h-host1-20260926,results/session-h-host1-20260926/remote/run-01/result.json,/runs/63
mbb-514k,mixed,stock,3,100,119.99744799500331,8194,1,5.7746611374797965,fixed_length,0.4999993158933549,0.15000000000000002,,fixed_length,8.776610997505486,98.22758755763061,0.31178926420398057,0.09780586953274906,,H,session-h-host1-20260926,results/session-h-host1-20260926/remote/run-01/result.json,/runs/64
mbb-514k,mixed,fused_ai_fp64,3,100,97.2623896470759,9781,2,5.77466019930647,fixed_length,0.4999992806653163,0.15000000000000002,,fixed_length,8.611344907199964,76.34642376750708,0.311870091361925,0.1004287633113563,,H,session-h-host1-20260926,results/session-h-host1-20260926/remote/run-01/result.json,/runs/65
torsion-499k,fp64,stock,3,100,47.321766678011045,1875,0,2.0831595675440364,fixed_length,0.24999971119897396,0.15000000000000002,,fixed_length,4.765683766687289,30.60367046436295,0.3026745158713311,0.09542650287039578,,H,session-h-host1-20260926,results/session-h-host1-20260926/remote/run-01/result.json,/runs/66
torsion-499k,fp64,modal8_muladd,3,100,25.75238540698774,1863,0,2.0831584754854555,fixed_length,0.2499998617004512,0.15000000000000002,,fixed_length,4.549661675700918,9.430035803234205,0.3028943913523108,0.09444314381107688,,H,session-h-host1-20260926,results/session-h-host1-20260926/remote/run-01/result.json,/runs/67
torsion-499k,fp64,fused_ai_fp64,3,100,28.8086064029485,1865,0,2.0831600122288014,fixed_length,0.2499996933680525,0.15000000000000002,,fixed_length,4.574470288818702,12.444201505975798,0.30278769647702575,0.095415941439569,,H,session-h-host1-20260926,results/session-h-host1-20260926/remote/run-01/result.json,/runs/68
torsion-499k,mixed,modal8_muladd,3,100,26.337415945949033,2061,0,2.083157868584503,fixed_length,0.24999951670884016,0.15000000000000002,,fixed_length,4.536734554450959,9.838605027180165,0.30344112613238394,0.09461941430345178,,H,session-h-host1-20260926,results/session-h-host1-20260926/remote/run-01/result.json,/runs/69
torsion-499k,mixed,stock,3,100,42.17021163296886,2078,0,2.0831555065920004,fixed_length,0.24999954384919934,0.15000000000000002,,fixed_length,4.752723672660068,25.63900470477529,0.3027140418998897,0.09327277401462197,,H,session-h-host1-20260926,results/session-h-host1-20260926/remote/run-01/result.json,/runs/70
torsion-499k,mixed,fused_ai_fp64,3,100,27.395843002013862,2079,0,2.083160531067688,fixed_length,0.24999943358021787,0.15000000000000002,,fixed_length,4.5801550324540585,10.924531690077856,0.30285202665254474,0.09436192107386887,,H,session-h-host1-20260926,results/session-h-host1-20260926/remote/run-01/result.json,/runs/71
cantilever-216k,fp64,stock,,150,39.744077078066766,3398,0,2.3702045421791005,capped,0.3000000553381256,0.148438616806029,0.01,iteration_cap,3.265056161908433,28.524076043628156,0.21187760191969573,0.056543692480772734,,H,session-h-host1-20260926,results/session-h-host1-20260926/remote/run-01/result.json,/complete/0
cantilever-216k,fp64,fused_ai_fp64,,150,24.183715140912682,3387,0,2.3702046292439434,capped,0.30000005491727355,0.1484397163441587,0.01,iteration_cap,3.1797155162785202,13.260826523881406,0.21154694049619138,0.056233982322737575,,H,session-h-host1-20260926,results/session-h-host1-20260926/remote/run-01/result.json,/complete/1
cantilever-216k,fp64,modal8_muladd,,150,23.688646140974015,3388,0,2.3702048615074722,capped,0.300000055784278,0.1484346440127477,0.01,iteration_cap,3.158096907194704,12.62830414250493,0.2112653125077486,0.05607843957841396,,H,session-h-host1-20260926,results/session-h-host1-20260926/remote/run-01/result.json,/complete/2
cantilever-216k,mixed,stock,,150,29.984940625960007,3502,0,2.3702048970599088,capped,0.3000000513259233,0.14824560678157017,0.01,iteration_cap,3.249842901714146,18.98583509027958,0.21222172025591135,0.055832137586548924,,H,session-h-host1-20260926,results/session-h-host1-20260926/remote/run-01/result.json,/complete/3
cantilever-216k,mixed,fused_ai_fp64,,150,24.59221654688008,3443,0,2.3702052593648686,capped,0.30000002317381225,0.1484486539308434,0.01,iteration_cap,3.166933585656807,13.676633427850902,0.21149623556993902,0.055719533236697316,,H,session-h-host1-20260926,results/session-h-host1-20260926/remote/run-01/result.json,/complete/4
cantilever-216k,mixed,modal8_muladd,,150,28.91464811214246,3689,0,2.370205070365739,capped,0.2999999824495281,0.14843281996128654,0.01,iteration_cap,3.1649496713653207,17.989988170797005,0.21130522806197405,0.05590906273573637,,H,session-h-host1-20260926,results/session-h-host1-20260926/remote/run-01/result.json,/complete/5
cantilever-216k,fp64,stock,1,100,27.828359927007114,2250,0,2.375136191292528,fixed_length,0.2999997597179163,0.15000000000000002,,fixed_length,2.250277024912066,18.91599596697779,0.13925005910277832,0.03765039310383145,,H,session-h-host2-20260926,results/session-h-host2-20260926/remote/run-01/result.json,/runs/0
cantilever-216k,fp64,fused_ai_fp64,1,100,17.762056343999575,2251,0,2.3751361874791623,fixed_length,0.2999997590294416,0.15000000000000002,,fixed_length,2.170782289977069,8.998031298993737,0.1389231110806577,0.03689773101359606,,H,session-h-host2-20260926,results/session-h-host2-20260926/remote/run-01/result.json,/runs/1
cantilever-216k,fp64,modal8_muladd,1,100,17.394511530001182,2249,0,2.375136182180895,fixed_length,0.2999997599319209,0.15000000000000002,,fixed_length,2.1603120870277053,8.635351280026953,0.13916621802491136,0.03725540792220272,,H,session-h-host2-20260926,results/session-h-host2-20260926/remote/run-01/result.json,/runs/2
cantilever-216k,mixed,stock,1,100,21.815555904991925,2355,0,2.375136454523197,fixed_length,0.29999974221561704,0.15000000000000002,,fixed_length,2.2504065149696544,12.988279008044628,0.13945395601331256,0.0370328309800243,,H,session-h-host2-20260926,results/session-h-host2-20260926/remote/run-01/result.json,/runs/3
cantilever-216k,mixed,modal8_muladd,1,100,18.1643808230001,2319,0,2.3751367311588036,fixed_length,0.2999997274174568,0.15000000000000002,,fixed_length,2.174467682983959,9.378105127005256,0.14030810006079264,0.038846589988679625,,H,session-h-host2-20260926,results/session-h-host2-20260926/remote/run-01/result.json,/runs/4
cantilever-216k,mixed,fused_ai_fp64,1,100,18.438015567007824,2303,0,2.3751365386398433,fixed_length,0.2999997291181882,0.15000000000000002,,fixed_length,2.188934523102944,9.43522184494941,0.13992612800211646,0.03944450094422791,,H,session-h-host2-20260926,results/session-h-host2-20260926/remote/run-01/result.json,/runs/5
cantilever-512k,fp64,modal8_muladd,1,100,26.286989283005823,1248,0,1.9424328483429072,fixed_length,0.29999872696885,0.15000000000000002,,fixed_length,6.175194950992591,7.441320726982667,0.30526251398259774,0.0963072521117283,,H,session-h-host2-20260926,results/session-h-host2-20260926/remote/run-01/result.json,/runs/6
cantilever-512k,fp64,fused_ai_fp64,1,100,28.389219639997464,1253,0,1.942432832857907,fixed_length,0.29999872741436606,0.15000000000000002,,fixed_length,6.208279165046406,9.530248789014877,0.3050516829971457,0.09642792594968341,,H,session-h-host2-20260926,results/session-h-host2-20260926/remote/run-01/result.json,/runs/7
cantilever-512k,fp64,stock,1,100,41.50772431099904,1251,0,1.9424328430279627,fixed_length,0.29999872999090865,0.15000000000000002,,fixed_length,6.393762246123515,22.18211519284523,0.3048267241247231,0.09623062895843759,,H,session-h-host2-20260926,results/session-h-host2-20260926/remote/run-01/result.json,/runs/8
cantilever-512k,mixed,modal8_muladd,1,100,25.894664236999233,1252,0,1.9424329233046782,fixed_length,0.29999872927431054,0.15000000000000002,,fixed_length,6.176469808953698,7.066258298887988,0.3049053281720262,0.09618970514566172,,H,session-h-host2-20260926,results/session-h-host2-20260926/remote/run-01/result.json,/runs/9
cantilever-512k,mixed,fused_ai_fp64,1,100,26.547459326000535,1258,0,1.9424329202961765,fixed_length,0.2999987089038109,0.15000000000000002,,fixed_length,6.19632180397457,7.794778400013456,0.30540669898618944,0.0960052450245712,,H,session-h-host2-20260926,results/session-h-host2-20260926/remote/run-01/result.json,/runs/10
cantilever-512k,mixed,stock,1,100,31.149083944008453,1258,0,1.9424328312673307,fixed_length,0.29999874889781974,0.15000000000000002,,fixed_length,6.394236089850892,12.047246388086933,0.3045657990005566,0.0959428401401965,,H,session-h-host2-20260926,results/session-h-host2-20260926/remote/run-01/result.json,/runs/11
mbb-514k,fp64,stock,1,100,109.29702397099754,5335,0,5.774662809277795,fixed_length,0.5000005104468775,0.15000000000000002,,fixed_length,8.631095215925598,88.19440961300279,0.30663850202108733,0.09610439103562385,,H,session-h-host2-20260926,results/session-h-host2-20260926/remote/run-01/result.json,/runs/12
mbb-514k,fp64,fused_ai_fp64,1,100,57.49521164900216,5267,0,5.774662729944701,fixed_length,0.5000005134763368,0.15000000000000002,,fixed_length,8.4696021520067,36.418850326066604,0.30696920095942914,0.09708389799925499,,H,session-h-host2-20260926,results/session-h-host2-20260926/remote/run-01/result.json,/runs/13
mbb-514k,fp64,modal8_muladd,1,100,49.27497603300435,5296,0,5.7746627929252385,fixed_length,0.5000005092533418,0.15000000000000002,,fixed_length,8.43463522993261,28.353813735957374,0.3069115430844249,0.09630507306428626,,H,session-h-host2-20260926,results/session-h-host2-20260926/remote/run-01/result.json,/runs/14
mbb-514k,mixed,fused_ai_fp64,1,100,91.02292399099679,8762,1,5.774665434931036,fixed_length,0.4999996186405706,0.15000000000000002,,fixed_length,8.459367527029826,70.15530982197379,0.3073040521412622,0.09769369092828128,,H,session-h-host2-20260926,results/session-h-host2-20260926/remote/run-01/result.json,/runs/15
mbb-514k,mixed,modal8_muladd,1,100,83.05507292201219,8457,1,5.77466013414432,fixed_length,0.49999925697476716,0.15000000000000002,,fixed_length,8.445801591893542,62.15191412701097,0.3076865480543347,0.09724628410185687,,H,session-h-host2-20260926,results/session-h-host2-20260926/remote/run-01/result.json,/runs/16
mbb-514k,mixed,stock,1,100,125.93628886398801,9020,1,5.774662847220479,fixed_length,0.5000004906193869,0.15000000000000002,,fixed_length,8.634421770999325,104.70059915499587,0.3065697489801096,0.09688223701959942,,H,session-h-host2-20260926,results/session-h-host2-20260926/remote/run-01/result.json,/runs/17
torsion-499k,fp64,fused_ai_fp64,1,100,28.405070994995185,1851,0,2.0831519529526785,fixed_length,0.24999979669420785,0.15000000000000002,,fixed_length,4.515532132965745,12.164298819028772,0.3013850359711796,0.09472701296908781,,H,session-h-host2-20260926,results/session-h-host2-20260926/remote/run-01/result.json,/runs/18
torsion-499k,fp64,stock,1,100,46.578349101997446,1860,0,2.0831502093631453,fixed_length,0.24999972452593472,0.15000000000000002,,fixed_length,4.710919631033903,30.11301731794083,0.29799733600520995,0.09289388400793541,,H,session-h-host2-20260926,results/session-h-host2-20260926/remote/run-01/result.json,/runs/19
torsion-499k,fp64,modal8_muladd,1,100,25.825967662996845,1889,0,2.083151618508669,fixed_length,0.2499997119760742,0.15000000000000002,,fixed_length,4.497977857070509,9.456215007827268,0.2984073589614127,0.09314281502156518,,H,session-h-host2-20260926,results/session-h-host2-20260926/remote/run-01/result.json,/runs/20
torsion-499k,mixed,modal8_muladd,1,100,25.989407121000113,2051,0,2.0831616691341828,fixed_length,0.24999988035493462,0.15000000000000002,,fixed_length,4.492587392960559,9.756789102044422,0.2982136840291787,0.09351009698002599,,H,session-h-host2-20260926,results/session-h-host2-20260926/remote/run-01/result.json,/runs/21
torsion-499k,mixed,stock,1,100,34.248343501996715,2106,0,2.0831585730567213,fixed_length,0.24999993958341088,0.15000000000000002,,fixed_length,4.701531079073902,17.767380810983013,0.2976786119834287,0.09309277196007315,,H,session-h-host2-20260926,results/session-h-host2-20260926/remote/run-01/result.json,/runs/22
torsion-499k,mixed,fused_ai_fp64,1,100,27.20774980299757,2079,0,2.0831535998142945,fixed_length,0.24999953237302203,0.15000000000000002,,fixed_length,4.518737194899586,10.832478126016213,0.2981385270541068,0.09387780108954757,,H,session-h-host2-20260926,results/session-h-host2-20260926/remote/run-01/result.json,/runs/23
cantilever-216k,fp64,modal8_muladd,2,100,17.31232311799249,2258,0,2.3751361783354183,fixed_length,0.29999976049198,0.15000000000000002,,fixed_length,2.14648319191474,8.627002954133786,0.13950366698554717,0.03782861394574866,,H,session-h-host2-20260926,results/session-h-host2-20260926/remote/run-01/result.json,/runs/24
cantilever-216k,fp64,fused_ai_fp64,2,100,17.71176877299149,2259,0,2.3751361856804105,fixed_length,0.2999997594113397,0.15000000000000002,,fixed_length,2.156815954018384,8.960559648941853,0.13873484800569713,0.03801572303927969,,H,session-h-host2-20260926,results/session-h-host2-20260926/remote/run-01/result.json,/runs/25
cantilever-216k,fp64,stock,2,100,27.815427363995695,2246,0,2.3751361942590425,fixed_length,0.2999997581889259,0.15000000000000002,,fixed_length,2.2498165420402074,18.972167269006604,0.13992844498716295,0.0375170659244759,,H,session-h-host2-20260926,results/session-h-host2-20260926/remote/run-01/result.json,/runs/26
cantilever-216k,mixed,modal8_muladd,2,100,17.925384429006954,2327,0,2.375136743458415,fixed_length,0.2999997104526809,0.15000000000000002,,fixed_length,2.1395853509602603,9.218876339989947,0.13899105510790832,0.03727027296554297,,H,session-h-host2-20260926,results/session-h-host2-20260926/remote/run-01/result.json,/runs/27
cantilever-216k,mixed,stock,2,100,21.509060996002518,2312,0,2.375136542997174,fixed_length,0.29999971146103466,0.15000000000000002,,fixed_length,2.2418579969671555,12.716038988059154,0.13913180996314622,0.03750845909235068,,H,session-h-host2-20260926,results/session-h-host2-20260926/remote/run-01/result.json,/runs/28
cantilever-216k,mixed,fused_ai_fp64,2,100,18.121128719008993,2294,0,2.3751366381946433,fixed_length,0.299999735890975,0.15000000000000002,,fixed_length,2.1735716539551504,9.349942813089001,0.13894399095443077,0.03786187508376315,,H,session-h-host2-20260926,results/session-h-host2-20260926/remote/run-01/result.json,/runs/29
cantilever-512k,fp64,modal8_muladd,2,100,26.135721356011345,1249,0,1.9424328880228552,fixed_length,0.29999872341269146,0.15000000000000002,,fixed_length,6.161524407099932,7.453216109832283,0.305482450130512,0.09564242494525388,,H,session-h-host2-20260926,results/session-h-host2-20260926/remote/run-01/result.json,/runs/30
cantilever-512k,fp64,stock,2,100,41.142275621998124,1250,0,1.9424328506924848,fixed_length,0.29999872637030317,0.15000000000000002,,fixed_length,6.3904684449516935,22.188391818053788,0.3050209899665788,0.09608650204609148,,H,session-h-host2-20260926,results/session-h-host2-20260926/remote/run-01/result.json,/runs/31
cantilever-512k,fp64,fused_ai_fp64,2,100,28.37648296399857,1252,0,1.9424328421153085,fixed_length,0.2999987295702657,0.15000000000000002,,fixed_length,6.209136762103299,9.534563024964882,0.3053347050299635,0.09750885993707925,,H,session-h-host2-20260926,results/session-h-host2-20260926/remote/run-01/result.json,/runs/32
cantilever-512k,mixed,modal8_muladd,2,100,26.11752872900979,1258,0,1.9424329532843698,fixed_length,0.2999987151878991,0.15000000000000002,,fixed_length,6.172950359949027,7.093663260995527,0.30516454405733384,0.09590069709520321,,H,session-h-host2-20260926,results/session-h-host2-20260926/remote/run-01/result.json,/runs/33
cantilever-512k,mixed,fused_ai_fp64,2,100,26.73774317999778,1261,0,1.9424328530717287,fixed_length,0.2999987298954196,0.15000000000000002,,fixed_length,6.202917792004882,7.79797770701407,0.30503876601869706,0.09587080290657468,,H,session-h-host2-20260926,results/session-h-host2-20260926/remote/run-01/result.json,/runs/34
cantilever-512k,mixed,stock,2,100,31.245961355991312,1252,0,1.9424328351390605,fixed_length,0.2999987389194897,0.15000000000000002,,fixed_length,6.391748721100157,11.997883164935047,0.3058244349085726,0.09583248299895786,,H,session-h-host2-20260926,results/session-h-host2-20260926/remote/run-01/result.json,/runs/35
mbb-514k,fp64,modal8_muladd,2,100,49.50481728000159,5288,0,5.774662776292385,fixed_length,0.50000050761792,0.15000000000000002,,fixed_length,8.449471965024713,28.29714664396306,0.3069388561125379,0.09655114501947537,,H,session-h-host2-20260926,results/session-h-host2-20260926/remote/run-01/result.json,/runs/36
mbb-514k,fp64,stock,2,100,107.58264106200659,5233,0,5.774662853807904,fixed_length,0.5000005076026922,0.15000000000000002,,fixed_length,8.624451819021488,86.53921550001542,0.30668445899209473,0.09633271502389107,,H,session-h-host2-20260926,results/session-h-host2-20260926/remote/run-01/result.json,/runs/37
mbb-514k,fp64,fused_ai_fp64,2,100,57.646470717998454,5329,0,5.77466273407077,fixed_length,0.5000005147379909,0.15000000000000002,,fixed_length,8.46074625501933,36.79292702705425,0.30675373395206407,0.09680610401846934,,H,session-h-host2-20260926,results/session-h-host2-20260926/remote/run-01/result.json,/runs/38
mbb-514k,mixed,fused_ai_fp64,2,100,88.19732129499607,8229,1,5.774659692784643,fixed_length,0.4999993609249448,0.15000000000000002,,fixed_length,8.45643517402641,67.33540030490258,0.3072028220340144,0.09632717004569713,,H,session-h-host2-20260926,results/session-h-host2-20260926/remote/run-01/result.json,/runs/39
mbb-514k,mixed,modal8_muladd,2,100,73.38076438099961,8493,1,5.774660947286402,fixed_length,0.4999993774078811,0.15000000000000002,,fixed_length,8.436078651007847,52.462122524986626,0.3069088580523385,0.09664687991607934,,H,session-h-host2-20260926,results/session-h-host2-20260926/remote/run-01/result.json,/runs/40
mbb-514k,mixed,stock,2,100,103.93864358600695,7499,0,5.7746644619122485,fixed_length,0.5000000639568907,0.15000000000000002,,fixed_length,8.627245750045404,82.81192559901683,0.3065807709645014,0.0969022049830528,,H,session-h-host2-20260926,results/session-h-host2-20260926/remote/run-01/result.json,/runs/41
torsion-499k,fp64,modal8_muladd,2,100,25.774507005000487,1904,0,2.083157107195044,fixed_length,0.24999977199934342,0.15000000000000002,,fixed_length,4.4974404269014485,9.56487546506105,0.2981763800053159,0.09378397300315555,,H,session-h-host2-20260926,results/session-h-host2-20260926/remote/run-01/result.json,/runs/42
torsion-499k,fp64,fused_ai_fp64,2,100,29.249331829996663,1913,0,2.0831525434207245,fixed_length,0.2499997548702793,0.15000000000000002,,fixed_length,4.532716069952585,12.564523538050707,0.2986500490515027,0.09474819096794818,,H,session-h-host2-20260926,results/session-h-host2-20260926/remote/run-01/result.json,/runs/43
torsion-499k,fp64,stock,2,100,47.135148889996344,1873,0,2.083153562631156,fixed_length,0.25000012874129834,0.15000000000000002,,fixed_length,4.733140482014278,30.396322118045646,0.29803412496403325,0.09376299699943047,,H,session-h-host2-20260926,results/session-h-host2-20260926/remote/run-01/result.json,/runs/44
torsion-499k,mixed,fused_ai_fp64,2,100,27.4704376640002,2107,0,2.0831511687216455,fixed_length,0.2499996495670436,0.15000000000000002,,fixed_length,4.534727773963823,10.9833991330961,0.2979283290042076,0.09398807793331798,,H,session-h-host2-20260926,results/session-h-host2-20260926/remote/run-01/result.json,/runs/45
torsion-499k,mixed,modal8_muladd,2,100,25.989538513997104,2039,0,2.0831573758570254,fixed_length,0.24999975489740567,0.15000000000000002,,fixed_length,4.498981218013796,9.712087009014795,0.2981296210200526,0.09439516798011027,,H,session-h-host2-20260926,results/session-h-host2-20260926/remote/run-01/result.json,/runs/46
torsion-499k,mixed,stock,2,100,34.838003012002446,2158,0,2.08315703122436,fixed_length,0.2499997370682482,0.15000000000000002,,fixed_length,4.715901904943166,18.218489029080956,0.2980227799125714,0.09339109214488417,,H,session-h-host2-20260926,results/session-h-host2-20260926/remote/run-01/result.json,/runs/47
cantilever-216k,fp64,stock,3,100,27.972588944001473,2247,0,2.3751361992731845,fixed_length,0.29999976062125483,0.15000000000000002,,fixed_length,2.2501051520812325,19.070514569990337,0.13974665997375268,0.03772351694351528,,H,session-h-host2-20260926,results/session-h-host2-20260926/remote/run-01/result.json,/runs/48
cantilever-216k,fp64,fused_ai_fp64,3,100,17.850297623008373,2237,0,2.3751361420025985,fixed_length,0.2999997594911038,0.15000000000000002,,fixed_length,2.167053021999891,9.040390455003944,0.14007799506362062,0.03815102195949294,,H,session-h-host2-20260926,results/session-h-host2-20260926/remote/run-01/result.json,/runs/49
cantilever-216k,fp64,modal8_muladd,3,100,17.344633740009158,2262,0,2.3751361381758653,fixed_length,0.2999997616580705,0.15000000000000002,,fixed_length,2.1454205460468074,8.653622456913581,0.13898617902304977,0.038328243943396956,,H,session-h-host2-20260926,results/session-h-host2-20260926/remote/run-01/result.json,/runs/50
cantilever-216k,mixed,fused_ai_fp64,3,100,19.040412496993667,2492,0,2.3751366695943172,fixed_length,0.2999997261708346,0.15000000000000002,,fixed_length,2.165829218996805,10.25734660901071,0.1398147179861553,0.038301708991639316,,H,session-h-host2-20260926,results/session-h-host2-20260926/remote/run-01/result.json,/runs/51
cantilever-216k,mixed,modal8_muladd,3,100,18.153461120004067,2308,0,2.3751365220816054,fixed_length,0.2999997138432862,0.15000000000000002,,fixed_length,2.1597261449496727,9.269909823022317,0.13978274608962238,0.03830994603049476,,H,session-h-host2-20260926,results/session-h-host2-20260926/remote/run-01/result.json,/runs/52
cantilever-216k,mixed,stock,3,100,31.744445927004563,3156,0,2.375136462323484,fixed_length,0.29999974665203516,0.15000000000000002,,fixed_length,2.246750580132357,22.774131969941664,0.1387156939599663,0.03690743698098231,,H,session-h-host2-20260926,results/session-h-host2-20260926/remote/run-01/result.json,/runs/53
cantilever-512k,fp64,modal8_muladd,3,100,26.216870344011113,1249,0,1.9424328305670877,fixed_length,0.2999987296424723,0.15000000000000002,,fixed_length,6.174007821027772,7.447304198998609,0.30498930005705915,0.09671439896919765,,H,session-h-host2-20260926,results/session-h-host2-20260926/remote/run-01/result.json,/runs/54
cantilever-512k,fp64,fused_ai_fp64,3,100,28.337824417001684,1242,0,1.9424328462905969,fixed_length,0.2999987329015065,0.15000000000000002,,fixed_length,6.1953758281015325,9.453509833940188,0.3048990810639225,0.09596457591396756,,H,session-h-host2-20260926,results/session-h-host2-20260926/remote/run-01/result.json,/runs/55
cantilever-512k,fp64,stock,3,100,41.178139499999816,1252,0,1.9424328686617134,fixed_length,0.29999872468630046,0.15000000000000002,,fixed_length,6.391583491000347,22.176032885967288,0.3046671859337948,0.09644926198234316,,H,session-h-host2-20260926,results/session-h-host2-20260926/remote/run-01/result.json,/runs/56
cantilever-512k,mixed,modal8_muladd,3,100,25.912030784005765,1250,0,1.9424328474611323,fixed_length,0.2999987373320161,0.15000000000000002,,fixed_length,6.177259115924244,7.044810906052589,0.30515231197932735,0.0963043840311002,,H,session-h-host2-20260926,results/session-h-host2-20260926/remote/run-01/result.json,/runs/57
cantilever-512k,mixed,fused_ai_fp64,3,100,26.651725962990895,1258,0,1.9424328828471595,fixed_length,0.299998724833422,0.15000000000000002,,fixed_length,6.191644718986936,7.7729446070152335,0.30521873898396734,0.09634769496915396,,H,session-h-host2-20260926,results/session-h-host2-20260926/remote/run-01/result.json,/runs/58
cantilever-512k,mixed,stock,3,100,31.030632515001344,1257,0,1.9424328512798779,fixed_length,0.29999873594439247,0.15000000000000002,,fixed_length,6.402058662002673,12.043561017941101,0.3048002390569309,0.09624347796489019,,H,session-h-host2-20260926,results/session-h-host2-20260926/remote/run-01/result.json,/runs/59
mbb-514k,fp64,modal8_muladd,3,100,49.11367909400724,5230,0,5.774662738518779,fixed_length,0.5000005138130473,0.15000000000000002,,fixed_length,8.447482056071749,27.984351389008225,0.3069964649475878,0.09782502794405445,,H,session-h-host2-20260926,results/session-h-host2-20260926/remote/run-01/result.json,/runs/60
mbb-514k,fp64,stock,3,100,109.75329320800665,5368,0,5.77466273171056,fixed_length,0.5000005140177535,0.15000000000000002,,fixed_length,8.62797133201093,88.7507781549939,0.30701956295524724,0.09868948896473739,,H,session-h-host2-20260926,results/session-h-host2-20260926/remote/run-01/result.json,/runs/61
mbb-514k,fp64,fused_ai_fp64,3,100,57.29405527799099,5275,0,5.774662803490423,fixed_length,0.5000005114821474,0.15000000000000002,,fixed_length,8.452463694018661,36.426564944005804,0.30674193003505934,0.0962704759585904,,H,session-h-host2-20260926,results/session-h-host2-20260926/remote/run-01/result.json,/runs/62
mbb-514k,mixed,modal8_muladd,3,100,73.94235427900276,8609,0,5.774665750260609,fixed_length,0.49999972287155475,0.15000000000000002,,fixed_length,8.42598281300161,53.17837953403068,0.3070404040190624,0.09593511794810183,,H,session-h-host2-20260926,results/session-h-host2-20260926/remote/run-01/result.json,/runs/63
mbb-514k,mixed,stock,3,100,110.31178410700522,8208,1,5.774660916069129,fixed_length,0.4999993982505415,0.15000000000000002,,fixed_length,8.643668969962164,88.92636334398412,0.3063778850482777,0.09754547898774035,,H,session-h-host2-20260926,results/session-h-host2-20260926/remote/run-01/result.json,/runs/64
mbb-514k,mixed,fused_ai_fp64,3,100,85.64734310899803,8746,0,5.77465963967781,fixed_length,0.4999993694962692,0.15000000000000002,,fixed_length,8.469746901100734,64.65566198993474,0.30724932900920976,0.09748922994185705,,H,session-h-host2-20260926,results/session-h-host2-20260926/remote/run-01/result.json,/runs/65
torsion-499k,fp64,stock,3,100,47.04128658800619,1882,0,2.083157227162517,fixed_length,0.24999986847753203,0.15000000000000002,,fixed_length,4.709635750143207,30.455516530928435,0.2981275430356618,0.09317158197518438,,H,session-h-host2-20260926,results/session-h-host2-20260926/remote/run-01/result.json,/runs/66
torsion-499k,fp64,modal8_muladd,3,100,25.80521322900313,1884,0,2.083163682695302,fixed_length,0.24999993322315148,0.15000000000000002,,fixed_length,4.492788674018811,9.440043344904552,0.29806707103853114,0.09336432089912705,,H,session-h-host2-20260926,results/session-h-host2-20260926/remote/run-01/result.json,/runs/67
torsion-499k,fp64,fused_ai_fp64,3,100,28.776140089001274,1891,0,2.0831583237735036,fixed_length,0.25000005105231393,0.15000000000000002,,fixed_length,4.51765077606251,12.403203049863805,0.29771858810272533,0.0936192970839329,,H,session-h-host2-20260926,results/session-h-host2-20260926/remote/run-01/result.json,/runs/68
torsion-499k,mixed,modal8_muladd,3,100,26.300720551007544,2101,0,2.0831579537805522,fixed_length,0.24999973912274365,0.15000000000000002,,fixed_length,4.487678977136966,9.9589141679171,0.29797837605292443,0.09299631195608526,,H,session-h-host2-20260926,results/session-h-host2-20260926/remote/run-01/result.json,/runs/69
torsion-499k,mixed,stock,3,100,33.78754520798975,2040,0,2.083153272070339,fixed_length,0.2499996582817815,0.15000000000000002,,fixed_length,4.710456910994253,17.2600877849909,0.2981273459736258,0.09330765502818394,,H,session-h-host2-20260926,results/session-h-host2-20260926/remote/run-01/result.json,/runs/70
torsion-499k,mixed,fused_ai_fp64,3,100,27.0284853859921,2051,0,2.0831574007247653,fixed_length,0.24999973273285417,0.15000000000000002,,fixed_length,4.523748143998091,10.700600589960231,0.29821583606826607,0.09438358398620039,,H,session-h-host2-20260926,results/session-h-host2-20260926/remote/run-01/result.json,/runs/71
cantilever-216k,fp64,stock,,150,39.40332040400244,3373,0,2.3702046858681025,capped,0.30000005196614016,0.1484397160260048,0.01,iteration_cap,3.2288859569380293,28.355166047927924,0.20925277908099815,0.05561530111299362,,H,session-h-host2-20260926,results/session-h-host2-20260926/remote/run-01/result.json,/complete/0
cantilever-216k,fp64,fused_ai_fp64,,150,24.448468752001645,3385,0,2.3702047892694322,capped,0.3000000537967184,0.14843928670258844,0.01,iteration_cap,3.1474173609603895,13.447074005001923,0.20853097607323434,0.05547043093247339,,H,session-h-host2-20260926,results/session-h-host2-20260926/remote/run-01/result.json,/complete/1
cantilever-216k,fp64,modal8_muladd,,150,23.930448592000175,3373,0,2.3702045078088387,capped,0.30000005579576944,0.14843867062240335,0.01,iteration_cap,3.132729935037787,12.929433094002889,0.20828085600805935,0.05692929294309579,,H,session-h-host2-20260926,results/session-h-host2-20260926/remote/run-01/result.json,/complete/2
cantilever-216k,mixed,stock,,150,31.717828851004015,3747,0,2.3702051323733406,capped,0.3000000155307536,0.14840257909042687,0.01,iteration_cap,3.227396402042359,20.60431416404026,0.2088327788951574,0.05513717496069148,,H,session-h-host2-20260926,results/session-h-host2-20260926/remote/run-01/result.json,/complete/3
cantilever-216k,mixed,fused_ai_fp64,,150,25.063972848001868,3469,0,2.3702047337745094,capped,0.30000000849482705,0.1484164022746327,0.01,iteration_cap,3.136034546987503,14.122892326005967,0.20847313999547623,0.0557546179916244,,H,session-h-host2-20260926,results/session-h-host2-20260926/remote/run-01/result.json,/complete/4
cantilever-216k,mixed,modal8_muladd,,150,24.814584873995045,3477,0,2.3702051017976866,capped,0.30000000197181126,0.14842118924534436,0.01,iteration_cap,3.1238055340072606,13.866993274030392,0.20916412000951823,0.05694919094094075,,H,session-h-host2-20260926,results/session-h-host2-20260926/remote/run-01/result.json,/complete/5
