"Metric name","Metric type","Metric unit","Metric description","NVIDIA GeForce RTX 4090"
"dram__bytes","Counter","byte","# of bytes accessed in DRAM","1"
"dram__bytes_read","Counter","byte","# of bytes read from DRAM","1"
"dram__bytes_write","Counter","byte","# of bytes written to DRAM","1"
"dram__cycles_active","Counter","cycle","# of cycles where DRAM was active","1"
"dram__cycles_active_read","Counter","cycle","# of cycles where DRAM was active for reads","1"
"dram__cycles_active_write","Counter","cycle","# of cycles where DRAM was active for writes","1"
"dram__cycles_elapsed","Counter","cycle","# of elapsed DRAM memory clock cycles","1"
"dram__cycles_in_frame","Counter","cycle","# of cycles in user-defined frame","1"
"dram__cycles_in_region","Counter","cycle","# of cycles in user-defined region","1"
"dram__sectors","Counter","sector","# of sectors accessed in DRAM","1"
"dram__sectors_read","Counter","sector","# of sectors read from DRAM","1"
"dram__sectors_write","Counter","sector","# of sectors written to DRAM","1"
"dram__throughput","Throughput","%","DRAM throughput","1"
"dramc__sectors","Counter","sector","# of sectors accessed in DRAM","1"
"dramc__sectors_op_read","Counter","sector","# of sectors read from DRAM","1"
"dramc__sectors_op_write","Counter","sector","# of sectors written to DRAM","1"
"fbpa__cycles_active","Counter","cycle","# of cycles where FBPA","1"
"fbpa__cycles_elapsed","Counter","cycle","# of cycles elapsed on FBPA","1"
"fbpa__cycles_in_frame","Counter","cycle","# of cycles in user-defined frame","1"
"fbpa__cycles_in_region","Counter","cycle","# of cycles in user-defined region","1"
"fbpa__dram_cycles_elapsed","Counter","cycle","# of cycles elapsed on DRAM","1"
"fbpa__dram_read_bytes","Counter","byte","# of DRAM read bytes","1"
"fbpa__dram_read_sectors","Counter","sector","# of DRAM read sectors","1"
"fbpa__dram_read_throughput","Throughput","%","FBPA read throughput","1"
"fbpa__dram_sectors","Counter","sector","# of DRAM sectors accessed","1"
"fbpa__dram_write_bytes","Counter","byte","# of DRAM write bytes","1"
"fbpa__dram_write_sectors","Counter","sector","# of DRAM write sectors","1"
"fbpa__dram_write_throughput","Throughput","%","FBPA write throughput","1"
"fbpa__throughput","Throughput","%","FBPA throughput","1"
"fe__cycles_active","Counter","cycle","alias of fe__cycles_elapsed","1"
"fe__cycles_elapsed","Counter","cycle","# of cycles elapsed on FE","1"
"fe__cycles_in_frame","Counter","cycle","# of cycles in user-defined frame","1"
"fe__cycles_in_region","Counter","cycle","# of cycles in user-defined region","1"
"fe__output_ops_cmd_go_idle","Counter","","# of GO_IDLE bundles sent from FE to GR","1"
"fe__output_ops_type_bundle_cmd_go_idle","Counter","","# of GO_IDLE bundles sent from FE to GR","1"
"gpc__cycles_active","Counter","cycle","# of cycles where GPC was active","1"
"gpc__cycles_elapsed","Counter","cycle","# of cycles elapsed on GPC","1"
"gpc__cycles_in_frame","Counter","cycle","# of cycles in user-defined frame","1"
"gpc__cycles_in_region","Counter","cycle","# of cycles in user-defined region","1"
"gpu__compute_memory_access_throughput","Throughput","%","Compute Memory Pipeline : throughput of internal activity within caches and DRAM","1"
"gpu__compute_memory_access_throughput_internal_activity","Throughput","%","Compute Memory Pipeline : throughput of internal activity within caches and DRAM, internal activity","1"
"gpu__compute_memory_request_throughput","Throughput","%","Compute Memory Pipeline : throughput of interconnects between SM<->Caches<->DRAM","1"
"gpu__compute_memory_request_throughput_internal_activity","Throughput","%","Compute Memory Pipeline : throughput of interconnects between SM<->Caches<->DRAM, internal activity","1"
"gpu__compute_memory_throughput","Throughput","%","Compute Memory Pipeline Throughput","1"
"gpu__cycles_active","Counter","cycle","# of cycles where GPU was active","1"
"gpu__cycles_elapsed","Counter","cycle","# of cycles elapsed on GPU","1"
"gpu__cycles_in_frame","Counter","cycle","# of cycles in user-defined frame","1"
"gpu__cycles_in_region","Counter","cycle","# of cycles in user-defined region","1"
"gpu__dram_throughput","Throughput","%","GPU DRAM throughput","1"
"gpu__time_active","Counter","nsecond","total duration in nanoseconds","1"
"gpu__time_duration","Counter","nsecond","equals to gpu__time_duration_measured_user if collectable, otherwise equals to gpu__time_duration_measured_wallclock","1"
"gpu__time_duration_measured_user","Counter","nsecond","context-aware time duration in nanoseconds","1"
"gpu__time_duration_measured_wallclock","Counter","nsecond","wall-clock duration in nanoseconds","1"
"gpu__time_end","Counter","nsecond","end timestamp, relative to start of frame","1"
"gpu__time_start","Counter","nsecond","start timestamp, relative to start of frame","1"
"gr__ctas_completed","Counter","block","# of CTAs completed","1"
"gr__ctas_launched","Counter","block","# of CTAs launched","1"
"gr__cycles_active","Counter","cycle","# of cycles where GR was active","1"
"gr__cycles_elapsed","Counter","cycle","# of cycles elapsed on GR","1"
"gr__cycles_idle","Counter","cycle","# of cycles where GR was idle","1"
"gr__cycles_in_frame","Counter","cycle","# of cycles in user-defined frame","1"
"gr__cycles_in_region","Counter","cycle","# of cycles in user-defined region","1"
"idc__cycles_active","Counter","cycle","# of cycles where IDC was active","1"
"idc__cycles_elapsed","Counter","cycle","# of cycles elapsed on IDC","1"
"idc__cycles_in_frame","Counter","cycle","# of cycles in user-defined frame","1"
"idc__cycles_in_region","Counter","cycle","# of cycles in user-defined region","1"
"idc__request_cycles_active","Counter","cycle","# of cycles where IDC processed requests from SM","1"
"idc__request_hit_rate","Ratio","","proportion of IDC requests that hit","1"
"idc__requests","Counter","","# of IDC requests","1"
"idc__requests_lookup_hit","Counter","","# of IDC requests that hit","1"
"idc__requests_lookup_miss","Counter","","# of IDC requests that missed","1"
"l1tex__average_t_sectors_per_request","Ratio","sector/request","average # of sectors requested per request sent to T stage","1"
"l1tex__average_t_sectors_per_request_pipe_lsu","Ratio","sector/request","average # of sectors requested per request sent to T stage for LSU pipe local/global","1"
"l1tex__average_t_sectors_per_request_pipe_lsu_mem_global_op_atom","Ratio","sector/request","average # of sectors requested per request sent to T stage for global atomics","1"
"l1tex__average_t_sectors_per_request_pipe_lsu_mem_global_op_ld","Ratio","sector/request","average # of sectors requested per request sent to T stage for global loads","1"
"l1tex__average_t_sectors_per_request_pipe_lsu_mem_global_op_red","Ratio","sector/request","average # of sectors requested per request sent to T stage for global reductions","1"
"l1tex__average_t_sectors_per_request_pipe_lsu_mem_global_op_st","Ratio","sector/request","average # of sectors requested per request sent to T stage for global stores","1"
"l1tex__average_t_sectors_per_request_pipe_lsu_mem_local_op_ld","Ratio","sector/request","average # of sectors requested per request sent to T stage for local loads","1"
"l1tex__average_t_sectors_per_request_pipe_lsu_mem_local_op_st","Ratio","sector/request","average # of sectors requested per request sent to T stage for local stores","1"
"l1tex__average_t_sectors_per_request_pipe_tex","Ratio","sector/request","average # of sectors requested per request sent to T stage for TEX pipe","1"
"l1tex__average_t_sectors_per_request_pipe_tex_mem_surface","Ratio","sector/request","average # of sectors requested per request sent to T stage for surface","1"
"l1tex__average_t_sectors_per_request_pipe_tex_mem_surface_op_atom","Ratio","sector/request","average # of sectors requested per request sent to T stage for surface atomics","1"
"l1tex__average_t_sectors_per_request_pipe_tex_mem_surface_op_ld","Ratio","sector/request","average # of sectors requested per request sent to T stage for surface loads","1"
"l1tex__average_t_sectors_per_request_pipe_tex_mem_surface_op_red","Ratio","sector/request","average # of sectors requested per request sent to T stage for surface reductions","1"
"l1tex__average_t_sectors_per_request_pipe_tex_mem_surface_op_st","Ratio","sector/request","average # of sectors requested per request sent to T stage for surface stores","1"
"l1tex__average_t_sectors_per_request_pipe_tex_mem_texture","Ratio","sector/request","average # of sectors requested per request sent to T stage for texture","1"
"l1tex__average_t_sectors_per_request_pipe_tex_mem_texture_op_ld","Ratio","sector/request","average # of sectors requested per request sent to T stage for TLD instructions","1"
"l1tex__average_t_sectors_per_request_pipe_tex_mem_texture_op_tex","Ratio","sector/request","average # of sectors requested per request sent to T stage for TEX instructions","1"
"l1tex__cycles_active","Counter","cycle","# of cycles where L1TEX was active","1"
"l1tex__cycles_elapsed","Counter","cycle","# of cycles elapsed on L1TEX","1"
"l1tex__cycles_in_frame","Counter","cycle","# of cycles in user-defined frame","1"
"l1tex__cycles_in_region","Counter","cycle","# of cycles in user-defined region","1"
"l1tex__data_bank_conflicts_pipe_lsu","Counter","","# of data bank conflicts generated by LSU pipe","1"
"l1tex__data_bank_conflicts_pipe_lsu_cmd_read","Counter","","# of data bank conflicts generated by LSU reads","1"
"l1tex__data_bank_conflicts_pipe_lsu_cmd_write","Counter","","# of data bank conflicts generated by LSU writes","1"
"l1tex__data_bank_conflicts_pipe_lsu_mem_global","Counter","","# of data bank conflicts generated by global ops","1"
"l1tex__data_bank_conflicts_pipe_lsu_mem_global_op_atom","Counter","","# of data bank conflicts generated by global atomics","1"
"l1tex__data_bank_conflicts_pipe_lsu_mem_global_op_ld","Counter","","# of data bank conflicts generated by global loads","1"
"l1tex__data_bank_conflicts_pipe_lsu_mem_global_op_red","Counter","","# of data bank conflicts generated by global reductions","1"
"l1tex__data_bank_conflicts_pipe_lsu_mem_global_op_st","Counter","","# of data bank conflicts generated by global stores","1"
"l1tex__data_bank_conflicts_pipe_lsu_mem_shared","Counter","","# of shared memory data bank conflicts generated by LDS, LD, 3D attribute loads, LDSM, STS, ST, ATOMS, ATOM, 3D attribute stores, LDGSTS and Misc.","1"
"l1tex__data_bank_conflicts_pipe_lsu_mem_shared_op_atom","Counter","","# of shared memory data bank conflicts generated by ATOMS, ATOM","1"
"l1tex__data_bank_conflicts_pipe_lsu_mem_shared_op_ld","Counter","","# of shared memory data bank conflicts generated by LDS, LD, 3D attribute loads, LDSM","1"
"l1tex__data_bank_conflicts_pipe_lsu_mem_shared_op_ldgsts","Counter","","# of data bank conflicts generated by shared ldgsts ops","1"
"l1tex__data_bank_conflicts_pipe_lsu_mem_shared_op_st","Counter","","# of shared memory data bank conflicts generated by STS, ST, 3D attribute stores","1"
"l1tex__data_bank_reads","Counter","","# of data bank reads","1"
"l1tex__data_bank_writes","Counter","","# of data bank writes","1"
"l1tex__data_pipe_lsu_wavefronts","Counter","","# of local/global/shared + surface write wavefronts processed by Data-Stage","1"
"l1tex__data_pipe_lsu_wavefronts_cmd_read","Counter","","# of local/global/shared read wavefronts processed by Data-Stage","1"
"l1tex__data_pipe_lsu_wavefronts_cmd_write","Counter","","# of local/global/shared/surface write wavefronts processed by Data-Stage","1"
"l1tex__data_pipe_lsu_wavefronts_mem_lg","Counter","","# of local/global wavefronts processed by Data-Stage","1"
"l1tex__data_pipe_lsu_wavefronts_mem_lg_cmd_read","Counter","","# of local/global read wavefronts processed by Data-Stage","1"
"l1tex__data_pipe_lsu_wavefronts_mem_lg_cmd_write","Counter","","# of local/global write wavefronts processed by Data-Stage","1"
"l1tex__data_pipe_lsu_wavefronts_mem_shared","Counter","","# of shared memory wavefronts processed by Data-Stage for LDS, LD, 3D attribute loads, LDSM, STS, ST, ATOMS, ATOM, 3D attribute stores, LDGSTS and Misc.","1"
"l1tex__data_pipe_lsu_wavefronts_mem_shared_cmd_read","Counter","","# of shared read wavefronts processed by Data-Stage","1"
"l1tex__data_pipe_lsu_wavefronts_mem_shared_cmd_write","Counter","","# of shared write wavefronts processed by Data-Stage","1"
"l1tex__data_pipe_lsu_wavefronts_mem_shared_op_atom","Counter","","# of shared memory wavefronts processed by Data-Stage for ATOMS, ATOM","1"
"l1tex__data_pipe_lsu_wavefronts_mem_shared_op_ipa","Counter","","# of IPA wavefronts processed by Data-Stage","1"
"l1tex__data_pipe_lsu_wavefronts_mem_shared_op_ld","Counter","","# of shared memory wavefronts processed by Data-Stage for LDS, LD, 3D attribute loads, LDSM","1"
"l1tex__data_pipe_lsu_wavefronts_mem_shared_op_st","Counter","","# of shared memory wavefronts processed by Data-Stage for STS, ST, 3D attribute stores","1"
"l1tex__data_pipe_lsu_wavefronts_mem_surface","Counter","","# of surface write wavefronts processed by Data-Stage","1"
"l1tex__data_pipe_tex_wavefronts","Counter","","# of texture + surface read wavefronts processed by Data-Stage","1"
"l1tex__data_pipe_tex_wavefronts_mem_surface","Counter","","# of surface read wavefronts processed by Data-Stage","1"
"l1tex__data_pipe_tex_wavefronts_mem_texture","Counter","","# of texture wavefronts processed by Data-Stage","1"
"l1tex__data_pipe_tex_wavefronts_realtime","Counter","","# of texture + surface wavefronts processed by Data-Stage","1"
"l1tex__f_cycles_active","Counter","","# of cycles where L1TEX F-Stage was active","1"
"l1tex__f_tex2sm_cycles_active","Counter","cycle","# of cycles where interface carrying return data from L1TEX F-Stage back to SM was active","1"
"l1tex__f_tex2sm_cycles_stalled","Counter","cycle","# of cycles where interface carrying return data from L1TEX F-Stage back to SM was stalled","1"
"l1tex__f_wavefronts","Counter","","# of wavefronts processed by L1TEX F-Stage","1"
"l1tex__lsu_writeback_active","Counter","cycle","# of cycles where local/global/shared writeback interface was active","1"
"l1tex__lsu_writeback_active_mem_lg","Counter","cycle","# of cycles where local/global writeback interface was active","1"
"l1tex__lsu_writeback_active_mem_shared","Counter","cycle","# of cycles where local/global/shared writeback interface was active for shared memory instructions","1"
"l1tex__lsuin_requests","Counter","request","# of local/global/shared/attribute instructions sent to LSU","1"
"l1tex__m_l1tex2xbar_req_cycles_active","Counter","cycle","# of cycles where interface from L1TEX M-Stage to XBAR was active","1"
"l1tex__m_l1tex2xbar_req_cycles_stalled","Counter","cycle","# of cycles where interface from L1TEX M-Stage to XBAR was stalled","1"
"l1tex__m_l1tex2xbar_throughput","Throughput","%","L1TEX M-Stage to XBAR throughput","1"
"l1tex__m_l1tex2xbar_throughput_pipe_lsu","Throughput","%","L1TEX M-Stage to XBAR throughput for LSU pipe","1"
"l1tex__m_l1tex2xbar_throughput_pipe_tex","Throughput","%","L1TEX M-Stage to XBAR throughput for TEX pipe","1"
"l1tex__m_l1tex2xbar_write_bytes","Counter","byte","# of bytes written to L2","1"
"l1tex__m_l1tex2xbar_write_bytes_mem_global_op_atom","Counter","byte","# of bytes written to L2 for global atomics","1"
"l1tex__m_l1tex2xbar_write_bytes_mem_global_op_red","Counter","byte","# of bytes written to L2 for global reductions","1"
"l1tex__m_l1tex2xbar_write_bytes_mem_lg_op_st","Counter","byte","# of bytes written to L2 for local/global stores","1"
"l1tex__m_l1tex2xbar_write_bytes_mem_surface_op_atom","Counter","byte","# of bytes written to L2 for surface atomics","1"
"l1tex__m_l1tex2xbar_write_bytes_mem_surface_op_red","Counter","byte","# of bytes written to L2 for surface reductions","1"
"l1tex__m_l1tex2xbar_write_bytes_mem_surface_op_st","Counter","byte","# of bytes written to L2 for surface stores","1"
"l1tex__m_l1tex2xbar_write_bytes_pipe_lsu","Counter","byte","# of bytes written to L2 for LSU pipe","1"
"l1tex__m_l1tex2xbar_write_bytes_pipe_tex","Counter","byte","# of bytes written to L2 for TEX pipe","1"
"l1tex__m_l1tex2xbar_write_sectors","Counter","sector","# of sectors written to L2","1"
"l1tex__m_l1tex2xbar_write_sectors_mem_global_op_atom","Counter","sector","# of sectors written to L2 for global atomics","1"
"l1tex__m_l1tex2xbar_write_sectors_mem_global_op_red","Counter","sector","# of sectors written to L2 for global reductions","1"
"l1tex__m_l1tex2xbar_write_sectors_mem_lg_op_st","Counter","sector","# of sectors written to L2 for local/global stores","1"
"l1tex__m_l1tex2xbar_write_sectors_mem_surface_op_atom","Counter","sector","# of sectors written to L2 for surface atomics","1"
"l1tex__m_l1tex2xbar_write_sectors_mem_surface_op_red","Counter","sector","# of sectors written to L2 for surface reductions","1"
"l1tex__m_l1tex2xbar_write_sectors_mem_surface_op_st","Counter","sector","# of sectors written to L2 for surface stores","1"
"l1tex__m_l1tex2xbar_write_sectors_pipe_lsu","Counter","sector","# of sectors written to L2 for LSU pipe","1"
"l1tex__m_l1tex2xbar_write_sectors_pipe_tex","Counter","sector","# of sectors written to L2 for TEX pipe","1"
"l1tex__m_xbar2l1tex_read_bytes","Counter","byte","# of bytes read from L2 into L1TEX M-Stage","1"
"l1tex__m_xbar2l1tex_read_bytes_mem_global_op_atom","Counter","byte","# of bytes read from L2 into L1TEX M-Stage for global atomics","1"
"l1tex__m_xbar2l1tex_read_bytes_mem_lg_op_ld","Counter","byte","# of bytes read from L2 into L1TEX M-Stage for local/global loads","1"
"l1tex__m_xbar2l1tex_read_bytes_mem_surface_op_atom","Counter","byte","# of bytes read from L2 into L1TEX M-Stage for surface atomics","1"
"l1tex__m_xbar2l1tex_read_bytes_mem_surface_op_ld","Counter","byte","# of bytes read from L2 into L1TEX M-Stage for surface loads","1"
"l1tex__m_xbar2l1tex_read_bytes_mem_texture","Counter","byte","# of bytes read from L2 into L1TEX M-Stage for texture","1"
"l1tex__m_xbar2l1tex_read_bytes_pipe_lsu","Counter","byte","# of bytes read from L2 into L1TEX M-Stage for LSU pipe","1"
"l1tex__m_xbar2l1tex_read_bytes_pipe_tex","Counter","byte","# of bytes read from L2 into L1TEX M-Stage for TEX pipe","1"
"l1tex__m_xbar2l1tex_read_sectors","Counter","sector","# of sectors read from L2 into L1TEX M-Stage","1"
"l1tex__m_xbar2l1tex_read_sectors_mem_global_op_atom","Counter","sector","# of sectors read from L2 into L1TEX M-Stage for global atomics","1"
"l1tex__m_xbar2l1tex_read_sectors_mem_lg_op_ld","Counter","sector","# of sectors read from L2 into L1TEX M-Stage for local/global loads","1"
"l1tex__m_xbar2l1tex_read_sectors_mem_surface_op_atom","Counter","sector","# of sectors read from L2 into L1TEX M-Stage for surface atomics","1"
"l1tex__m_xbar2l1tex_read_sectors_mem_surface_op_ld","Counter","sector","# of sectors read from L2 into L1TEX M-Stage for surface loads","1"
"l1tex__m_xbar2l1tex_read_sectors_mem_texture","Counter","sector","# of sectors read from L2 into L1TEX M-Stage for texture","1"
"l1tex__m_xbar2l1tex_read_sectors_pipe_lsu","Counter","sector","# of sectors read from L2 into L1TEX M-Stage for LSU pipe","1"
"l1tex__m_xbar2l1tex_read_sectors_pipe_tex","Counter","sector","# of sectors read from L2 into L1TEX M-Stage for TEX pipe","1"
"l1tex__m_xbar2l1tex_throughput","Throughput","%","XBAR to L1TEX M-Stage throughput","1"
"l1tex__m_xbar2l1tex_throughput_pipe_lsu","Throughput","%","XBAR to L1TEX M-Stage throughput for LSU pipe","1"
"l1tex__m_xbar2l1tex_throughput_pipe_tex","Throughput","%","XBAR to L1TEX M-Stage throughput for TEX pipe","1"
"l1tex__t_bytes","Counter","byte","# of bytes requested","1"
"l1tex__t_bytes_lookup_hit","Counter","byte","# of bytes requested with tag-hit and data-hit","1"
"l1tex__t_bytes_lookup_miss","Counter","byte","# of bytes requested that missed","1"
"l1tex__t_bytes_pipe_lsu","Counter","byte","# of bytes requested for LSU pipe local/global","1"
"l1tex__t_bytes_pipe_lsu_lookup_hit","Counter","byte","# of bytes requested with tag-hit and data-hit for LSU pipe local/global","1"
"l1tex__t_bytes_pipe_lsu_lookup_miss","Counter","byte","# of bytes requested that missed for LSU pipe local/global","1"
"l1tex__t_bytes_pipe_lsu_mem_global_op_atom","Counter","byte","# of bytes requested for global atomics","1"
"l1tex__t_bytes_pipe_lsu_mem_global_op_atom_lookup_hit","Counter","byte","# of bytes requested with tag-hit and data-hit for global atomics","1"
"l1tex__t_bytes_pipe_lsu_mem_global_op_atom_lookup_miss","Counter","byte","# of bytes requested that missed for global atomics","1"
"l1tex__t_bytes_pipe_lsu_mem_global_op_ld","Counter","byte","# of bytes requested for global loads","1"
"l1tex__t_bytes_pipe_lsu_mem_global_op_ld_lookup_hit","Counter","byte","# of bytes requested with tag-hit and data-hit for global loads","1"
"l1tex__t_bytes_pipe_lsu_mem_global_op_ld_lookup_miss","Counter","byte","# of bytes requested that missed for global loads","1"
"l1tex__t_bytes_pipe_lsu_mem_global_op_red","Counter","byte","# of bytes requested for global reductions","1"
"l1tex__t_bytes_pipe_lsu_mem_global_op_red_lookup_hit","Counter","byte","# of bytes requested with tag-hit and data-hit for global reductions","1"
"l1tex__t_bytes_pipe_lsu_mem_global_op_red_lookup_miss","Counter","byte","# of bytes requested that missed for global reductions","1"
"l1tex__t_bytes_pipe_lsu_mem_global_op_st","Counter","byte","# of bytes requested for global stores","1"
"l1tex__t_bytes_pipe_lsu_mem_global_op_st_lookup_hit","Counter","byte","# of bytes requested with tag-hit and data-hit for global stores","1"
"l1tex__t_bytes_pipe_lsu_mem_global_op_st_lookup_miss","Counter","byte","# of bytes requested that missed for global stores","1"
"l1tex__t_bytes_pipe_lsu_mem_local_op_ld","Counter","byte","# of bytes requested for local loads","1"
"l1tex__t_bytes_pipe_lsu_mem_local_op_ld_lookup_hit","Counter","byte","# of bytes requested with tag-hit and data-hit for local loads","1"
"l1tex__t_bytes_pipe_lsu_mem_local_op_ld_lookup_miss","Counter","byte","# of bytes requested that missed for local loads","1"
"l1tex__t_bytes_pipe_lsu_mem_local_op_st","Counter","byte","# of bytes requested for local stores","1"
"l1tex__t_bytes_pipe_lsu_mem_local_op_st_lookup_hit","Counter","byte","# of bytes requested with tag-hit and data-hit for local stores","1"
"l1tex__t_bytes_pipe_lsu_mem_local_op_st_lookup_miss","Counter","byte","# of bytes requested that missed for local stores","1"
"l1tex__t_bytes_pipe_tex","Counter","byte","# of bytes requested for TEX pipe","1"
"l1tex__t_bytes_pipe_tex_lookup_hit","Counter","byte","# of bytes requested with tag-hit and data-hit for TEX pipe","1"
"l1tex__t_bytes_pipe_tex_lookup_miss","Counter","byte","# of bytes requested that missed for TEX pipe","1"
"l1tex__t_bytes_pipe_tex_mem_surface","Counter","byte","# of bytes requested for surface","1"
"l1tex__t_bytes_pipe_tex_mem_surface_lookup_hit","Counter","byte","# of bytes requested with tag-hit and data-hit for surface","1"
"l1tex__t_bytes_pipe_tex_mem_surface_lookup_miss","Counter","byte","# of bytes requested that missed for surface","1"
"l1tex__t_bytes_pipe_tex_mem_surface_op_atom","Counter","byte","# of bytes requested for surface atomics","1"
"l1tex__t_bytes_pipe_tex_mem_surface_op_atom_lookup_hit","Counter","byte","# of bytes requested with tag-hit and data-hit for surface atomics","1"
"l1tex__t_bytes_pipe_tex_mem_surface_op_atom_lookup_miss","Counter","byte","# of bytes requested that missed for surface atomics","1"
"l1tex__t_bytes_pipe_tex_mem_surface_op_ld","Counter","byte","# of bytes requested for surface loads","1"
"l1tex__t_bytes_pipe_tex_mem_surface_op_ld_lookup_hit","Counter","byte","# of bytes requested with tag-hit and data-hit for surface loads","1"
"l1tex__t_bytes_pipe_tex_mem_surface_op_ld_lookup_miss","Counter","byte","# of bytes requested that missed for surface loads","1"
"l1tex__t_bytes_pipe_tex_mem_surface_op_red","Counter","byte","# of bytes requested for surface reductions","1"
"l1tex__t_bytes_pipe_tex_mem_surface_op_red_lookup_hit","Counter","byte","# of bytes requested with tag-hit and data-hit for surface reductions","1"
"l1tex__t_bytes_pipe_tex_mem_surface_op_red_lookup_miss","Counter","byte","# of bytes requested that missed for surface reductions","1"
"l1tex__t_bytes_pipe_tex_mem_surface_op_st","Counter","byte","# of bytes requested for surface stores","1"
"l1tex__t_bytes_pipe_tex_mem_surface_op_st_lookup_hit","Counter","byte","# of bytes requested with tag-hit and data-hit for surface stores","1"
"l1tex__t_bytes_pipe_tex_mem_surface_op_st_lookup_miss","Counter","byte","# of bytes requested that missed for surface stores","1"
"l1tex__t_bytes_pipe_tex_mem_texture","Counter","byte","# of bytes requested for texture","1"
"l1tex__t_bytes_pipe_tex_mem_texture_lookup_hit","Counter","byte","# of bytes requested with tag-hit and data-hit for texture","1"
"l1tex__t_bytes_pipe_tex_mem_texture_lookup_miss","Counter","byte","# of bytes requested that missed for texture","1"
"l1tex__t_bytes_pipe_tex_mem_texture_op_ld","Counter","byte","# of bytes requested for TLD instructions","1"
"l1tex__t_bytes_pipe_tex_mem_texture_op_ld_lookup_hit","Counter","byte","# of bytes requested with tag-hit and data-hit for TLD instructions","1"
"l1tex__t_bytes_pipe_tex_mem_texture_op_ld_lookup_miss","Counter","byte","# of bytes requested that missed for TLD instructions","1"
"l1tex__t_bytes_pipe_tex_mem_texture_op_tex","Counter","byte","# of bytes requested for TEX instructions","1"
"l1tex__t_bytes_pipe_tex_mem_texture_op_tex_lookup_hit","Counter","byte","# of bytes requested with tag-hit and data-hit for TEX instructions","1"
"l1tex__t_bytes_pipe_tex_mem_texture_op_tex_lookup_miss","Counter","byte","# of bytes requested that missed for TEX instructions","1"
"l1tex__t_output_wavefronts","Counter","","# of wavefronts sent to Data-Stage from T-Stage","1"
"l1tex__t_output_wavefronts_pipe_lsu","Counter","","# of wavefronts sent to Data-Stage from T-Stage for LSU pipe","1"
"l1tex__t_output_wavefronts_pipe_lsu_mem_global","Counter","","# of wavefronts sent to Data-Stage from T-Stage for global memory instructions","1"
"l1tex__t_output_wavefronts_pipe_lsu_mem_global_op_atom","Counter","","# of wavefronts sent to Data-Stage from T-Stage for global atomics","1"
"l1tex__t_output_wavefronts_pipe_lsu_mem_global_op_ld","Counter","","# of wavefronts sent to Data-Stage from T-Stage for global loads","1"
"l1tex__t_output_wavefronts_pipe_lsu_mem_global_op_red","Counter","","# of wavefronts sent to Data-Stage from T-Stage for global reductions","1"
"l1tex__t_output_wavefronts_pipe_lsu_mem_global_op_st","Counter","","# of wavefronts sent to Data-Stage from T-Stage for global stores","1"
"l1tex__t_output_wavefronts_pipe_lsu_mem_local","Counter","","# of wavefronts sent to Data-Stage from T-Stage for local memory instructions","1"
"l1tex__t_output_wavefronts_pipe_lsu_mem_local_op_ld","Counter","","# of wavefronts sent to Data-Stage from T-Stage for local loads","1"
"l1tex__t_output_wavefronts_pipe_lsu_mem_local_op_st","Counter","","# of wavefronts sent to Data-Stage from T-Stage for local stores","1"
"l1tex__t_output_wavefronts_pipe_tex","Counter","","# of wavefronts sent to Data-Stage from T-Stage for TEX pipe","1"
"l1tex__t_output_wavefronts_pipe_tex_mem_surface","Counter","","# of wavefronts sent to Data-Stage from T-Stage for surface instructions","1"
"l1tex__t_output_wavefronts_pipe_tex_mem_surface_op_atom","Counter","","# of wavefronts sent to Data-Stage from T-Stage for surface atomics","1"
"l1tex__t_output_wavefronts_pipe_tex_mem_surface_op_ld","Counter","","# of wavefronts sent to Data-Stage from T-Stage for surface loads","1"
"l1tex__t_output_wavefronts_pipe_tex_mem_surface_op_red","Counter","","# of wavefronts sent to Data-Stage from T-Stage for surface reductions","1"
"l1tex__t_output_wavefronts_pipe_tex_mem_surface_op_st","Counter","","# of wavefronts sent to Data-Stage from T-Stage for surface stores","1"
"l1tex__t_output_wavefronts_pipe_tex_mem_texture","Counter","","# of wavefronts sent to Data-Stage from T-Stage for texture instructions","1"
"l1tex__t_output_wavefronts_pipe_tex_realtime","Counter","","# of wavefronts sent to Data-Stage from T-Stage for texture and surface instructions","1"
"l1tex__t_output_wavefronts_realtime","Counter","","# of wavefronts sent to Data-Stage from T-Stage","1"
"l1tex__t_requests","Counter","request","# of requests sent to T-Stage","1"
"l1tex__t_requests_pipe_lsu","Counter","request","# of requests sent to T-Stage from the LSU instruction pipeline","1"
"l1tex__t_requests_pipe_lsu_mem_global_op_atom","Counter","request","# of requests sent to T-Stage for global atomics","1"
"l1tex__t_requests_pipe_lsu_mem_global_op_ld","Counter","request","# of requests sent to T-Stage for global loads","1"
"l1tex__t_requests_pipe_lsu_mem_global_op_red","Counter","request","# of requests sent to T-Stage for global reductions","1"
"l1tex__t_requests_pipe_lsu_mem_global_op_st","Counter","request","# of requests sent to T-Stage for global stores","1"
"l1tex__t_requests_pipe_lsu_mem_local_op_ld","Counter","request","# of requests sent to T-Stage for local loads","1"
"l1tex__t_requests_pipe_lsu_mem_local_op_st","Counter","request","# of requests sent to T-Stage for local stores","1"
"l1tex__t_requests_pipe_tex","Counter","request","# of requests sent to T-Stage from the L1TEX X-Stage","1"
"l1tex__t_requests_pipe_tex_mem_surface","Counter","request","# of requests sent to T-Stage from the L1TEX X-Stage for surfaces","1"
"l1tex__t_requests_pipe_tex_mem_surface_op_atom","Counter","request","# of requests sent to T-Stage for surface atomics","1"
"l1tex__t_requests_pipe_tex_mem_surface_op_ld","Counter","request","# of requests sent to T-Stage for surface loads","1"
"l1tex__t_requests_pipe_tex_mem_surface_op_red","Counter","request","# of requests sent to T-Stage for surface reductions","1"
"l1tex__t_requests_pipe_tex_mem_surface_op_st","Counter","request","# of requests sent to T-Stage for surface stores","1"
"l1tex__t_requests_pipe_tex_mem_texture","Counter","request","# of requests sent to T-Stage from the L1TEX X-Stage for textures","1"
"l1tex__t_requests_pipe_tex_mem_texture_op_ld","Counter","request","# of requests sent to T-Stage from the TEX pipe for TLD instructions","1"
"l1tex__t_requests_pipe_tex_mem_texture_op_tex","Counter","request","# of requests sent to T-Stage from the TEX pipe for TEX instructions","1"
"l1tex__t_sector_hit_rate","Ratio","","# of sector hits per sector","1"
"l1tex__t_sector_pipe_lsu_hit_rate","Ratio","","# of sector hits for LSU pipe local/global per sector for LSU pipe local/global","1"
"l1tex__t_sector_pipe_lsu_mem_global_op_atom_hit_rate","Ratio","","# of sector hits for global atomics per sector for global atomics","1"
"l1tex__t_sector_pipe_lsu_mem_global_op_ld_hit_rate","Ratio","","# of sector hits for global loads per sector for global loads","1"
"l1tex__t_sector_pipe_lsu_mem_global_op_red_hit_rate","Ratio","","# of sector hits for global reductions per sector for global reductions","1"
"l1tex__t_sector_pipe_lsu_mem_global_op_st_hit_rate","Ratio","","# of sector hits for global stores per sector for global stores","1"
"l1tex__t_sector_pipe_lsu_mem_local_op_ld_hit_rate","Ratio","","# of sector hits for local loads per sector for local loads","1"
"l1tex__t_sector_pipe_lsu_mem_local_op_st_hit_rate","Ratio","","# of sector hits for local stores per sector for local stores","1"
"l1tex__t_sector_pipe_tex_hit_rate","Ratio","","# of sector hits for TEX pipe per sector for TEX pipe","1"
"l1tex__t_sector_pipe_tex_mem_surface_hit_rate","Ratio","","# of sector hits for surface per sector for surface","1"
"l1tex__t_sector_pipe_tex_mem_surface_op_atom_hit_rate","Ratio","","# of sector hits for surface atomics per sector for surface atomics","1"
"l1tex__t_sector_pipe_tex_mem_surface_op_ld_hit_rate","Ratio","","# of sector hits for surface loads per sector for surface loads","1"
"l1tex__t_sector_pipe_tex_mem_surface_op_red_hit_rate","Ratio","","# of sector hits for surface reductions per sector for surface reductions","1"
"l1tex__t_sector_pipe_tex_mem_surface_op_st_hit_rate","Ratio","","# of sector hits for surface stores per sector for surface stores","1"
"l1tex__t_sector_pipe_tex_mem_texture_hit_rate","Ratio","","# of sector hits for texture per sector for texture","1"
"l1tex__t_sector_pipe_tex_mem_texture_op_ld_hit_rate","Ratio","","# of sector hits for TLD instructions per sector for TLD instructions","1"
"l1tex__t_sector_pipe_tex_mem_texture_op_tex_hit_rate","Ratio","","# of sector hits for TEX instructions per sector for TEX instructions","1"
"l1tex__t_sectors","Counter","sector","# of sectors requested","1"
"l1tex__t_sectors_lookup_hit","Counter","sector","# of sector requests to T-Stage with tag-hit and data-hit","1"
"l1tex__t_sectors_lookup_miss","Counter","sector","# of sector requests to T-Stage that missed","1"
"l1tex__t_sectors_pipe_lsu","Counter","sector","# of sectors requested for LSU pipe local/global","1"
"l1tex__t_sectors_pipe_lsu_lookup_hit","Counter","sector","# of sector requests to T-Stage with tag-hit and data-hit for LSU pipe local/global","1"
"l1tex__t_sectors_pipe_lsu_lookup_miss","Counter","sector","# of sector requests to T-Stage that missed for LSU pipe local/global","1"
"l1tex__t_sectors_pipe_lsu_mem_global_op_atom","Counter","sector","# of sectors requested for global atomics","1"
"l1tex__t_sectors_pipe_lsu_mem_global_op_atom_lookup_hit","Counter","sector","# of sector requests to T-Stage with tag-hit and data-hit for global atomics","1"
"l1tex__t_sectors_pipe_lsu_mem_global_op_atom_lookup_miss","Counter","sector","# of sector requests to T-Stage that missed for global atomics","1"
"l1tex__t_sectors_pipe_lsu_mem_global_op_ld","Counter","sector","# of sectors requested for global loads","1"
"l1tex__t_sectors_pipe_lsu_mem_global_op_ld_lookup_hit","Counter","sector","# of sector requests to T-Stage with tag-hit and data-hit for global loads","1"
"l1tex__t_sectors_pipe_lsu_mem_global_op_ld_lookup_miss","Counter","sector","# of sector requests to T-Stage that missed for global loads","1"
"l1tex__t_sectors_pipe_lsu_mem_global_op_red","Counter","sector","# of sectors requested for global reductions","1"
"l1tex__t_sectors_pipe_lsu_mem_global_op_red_lookup_hit","Counter","sector","# of sector requests to T-Stage with tag-hit and data-hit for global reductions","1"
"l1tex__t_sectors_pipe_lsu_mem_global_op_red_lookup_miss","Counter","sector","# of sector requests to T-Stage that missed for global reductions","1"
"l1tex__t_sectors_pipe_lsu_mem_global_op_st","Counter","sector","# of sectors requested for global stores","1"
"l1tex__t_sectors_pipe_lsu_mem_global_op_st_lookup_hit","Counter","sector","# of sector requests to T-Stage with tag-hit and data-hit for global stores","1"
"l1tex__t_sectors_pipe_lsu_mem_global_op_st_lookup_miss","Counter","sector","# of sector requests to T-Stage that missed for global stores","1"
"l1tex__t_sectors_pipe_lsu_mem_local_op_ld","Counter","sector","# of sectors requested for local loads","1"
"l1tex__t_sectors_pipe_lsu_mem_local_op_ld_lookup_hit","Counter","sector","# of sector requests to T-Stage with tag-hit and data-hit for local loads","1"
"l1tex__t_sectors_pipe_lsu_mem_local_op_ld_lookup_miss","Counter","sector","# of sector requests to T-Stage that missed for local loads","1"
"l1tex__t_sectors_pipe_lsu_mem_local_op_st","Counter","sector","# of sectors requested for local stores","1"
"l1tex__t_sectors_pipe_lsu_mem_local_op_st_lookup_hit","Counter","sector","# of sector requests to T-Stage with tag-hit and data-hit for local stores","1"
"l1tex__t_sectors_pipe_lsu_mem_local_op_st_lookup_miss","Counter","sector","# of sector requests to T-Stage that missed for local stores","1"
"l1tex__t_sectors_pipe_tex","Counter","sector","# of sectors requested for TEX pipe","1"
"l1tex__t_sectors_pipe_tex_lookup_hit","Counter","sector","# of sector requests to T-Stage with tag-hit and data-hit for TEX pipe","1"
"l1tex__t_sectors_pipe_tex_lookup_miss","Counter","sector","# of sector requests to T-Stage that missed for TEX pipe","1"
"l1tex__t_sectors_pipe_tex_mem_surface","Counter","sector","# of sectors requested for surface","1"
"l1tex__t_sectors_pipe_tex_mem_surface_lookup_hit","Counter","sector","# of sector requests to T-Stage with tag-hit and data-hit for surface","1"
"l1tex__t_sectors_pipe_tex_mem_surface_lookup_miss","Counter","sector","# of sector requests to T-Stage that missed for surface","1"
"l1tex__t_sectors_pipe_tex_mem_surface_op_atom","Counter","sector","# of sectors requested for surface atomics","1"
"l1tex__t_sectors_pipe_tex_mem_surface_op_atom_lookup_hit","Counter","sector","# of sector requests to T-Stage with tag-hit and data-hit for surface atomics","1"
"l1tex__t_sectors_pipe_tex_mem_surface_op_atom_lookup_miss","Counter","sector","# of sector requests to T-Stage that missed for surface atomics","1"
"l1tex__t_sectors_pipe_tex_mem_surface_op_ld","Counter","sector","# of sectors requested for surface loads","1"
"l1tex__t_sectors_pipe_tex_mem_surface_op_ld_lookup_hit","Counter","sector","# of sector requests to T-Stage with tag-hit and data-hit for surface loads","1"
"l1tex__t_sectors_pipe_tex_mem_surface_op_ld_lookup_miss","Counter","sector","# of sector requests to T-Stage that missed for surface loads","1"
"l1tex__t_sectors_pipe_tex_mem_surface_op_red","Counter","sector","# of sectors requested for surface reductions","1"
"l1tex__t_sectors_pipe_tex_mem_surface_op_red_lookup_hit","Counter","sector","# of sector requests to T-Stage with tag-hit and data-hit for surface reductions","1"
"l1tex__t_sectors_pipe_tex_mem_surface_op_red_lookup_miss","Counter","sector","# of sector requests to T-Stage that missed for surface reductions","1"
"l1tex__t_sectors_pipe_tex_mem_surface_op_st","Counter","sector","# of sectors requested for surface stores","1"
"l1tex__t_sectors_pipe_tex_mem_surface_op_st_lookup_hit","Counter","sector","# of sector requests to T-Stage with tag-hit and data-hit for surface stores","1"
"l1tex__t_sectors_pipe_tex_mem_surface_op_st_lookup_miss","Counter","sector","# of sector requests to T-Stage that missed for surface stores","1"
"l1tex__t_sectors_pipe_tex_mem_texture","Counter","sector","# of sectors requested for texture","1"
"l1tex__t_sectors_pipe_tex_mem_texture_lookup_hit","Counter","sector","# of sector requests to T-Stage with tag-hit and data-hit for texture","1"
"l1tex__t_sectors_pipe_tex_mem_texture_lookup_miss","Counter","sector","# of sector requests to T-Stage that missed for texture","1"
"l1tex__t_sectors_pipe_tex_mem_texture_op_ld","Counter","sector","# of sectors requested for TLD instructions","1"
"l1tex__t_sectors_pipe_tex_mem_texture_op_ld_lookup_hit","Counter","sector","# of sector requests to T-Stage with tag-hit and data-hit for TLD instructions","1"
"l1tex__t_sectors_pipe_tex_mem_texture_op_ld_lookup_miss","Counter","sector","# of sector requests to T-Stage that missed for TLD instructions","1"
"l1tex__t_sectors_pipe_tex_mem_texture_op_tex","Counter","sector","# of sectors requested for TEX instructions","1"
"l1tex__t_sectors_pipe_tex_mem_texture_op_tex_lookup_hit","Counter","sector","# of sector requests to T-Stage with tag-hit and data-hit for TEX instructions","1"
"l1tex__t_sectors_pipe_tex_mem_texture_op_tex_lookup_miss","Counter","sector","# of sector requests to T-Stage that missed for TEX instructions","1"
"l1tex__t_set_accesses","Counter","","# of cache set accesses","1"
"l1tex__t_set_accesses_pipe_lsu","Counter","","# of cache set accesses for LSU pipe local/global","1"
"l1tex__t_set_accesses_pipe_lsu_mem_global_op_atom","Counter","","# of cache set accesses for global atomics","1"
"l1tex__t_set_accesses_pipe_lsu_mem_global_op_ld","Counter","","# of cache set accesses for global loads","1"
"l1tex__t_set_accesses_pipe_lsu_mem_global_op_red","Counter","","# of cache set accesses for global reductions","1"
"l1tex__t_set_accesses_pipe_lsu_mem_global_op_st","Counter","","# of cache set accesses for global stores","1"
"l1tex__t_set_accesses_pipe_lsu_mem_local_op_ld","Counter","","# of cache set accesses for local loads","1"
"l1tex__t_set_accesses_pipe_lsu_mem_local_op_st","Counter","","# of cache set accesses for local stores","1"
"l1tex__t_set_accesses_pipe_tex","Counter","","# of cache set accesses for TEX pipe","1"
"l1tex__t_set_accesses_pipe_tex_mem_surface","Counter","","# of cache set accesses for surface","1"
"l1tex__t_set_accesses_pipe_tex_mem_surface_op_atom","Counter","","# of cache set accesses for surface atomics","1"
"l1tex__t_set_accesses_pipe_tex_mem_surface_op_ld","Counter","","# of cache set accesses for surface loads","1"
"l1tex__t_set_accesses_pipe_tex_mem_surface_op_red","Counter","","# of cache set accesses for surface reductions","1"
"l1tex__t_set_accesses_pipe_tex_mem_surface_op_st","Counter","","# of cache set accesses for surface stores","1"
"l1tex__t_set_accesses_pipe_tex_mem_texture","Counter","","# of cache set accesses for texture","1"
"l1tex__t_set_accesses_pipe_tex_mem_texture_op_ld","Counter","","# of cache set accesses for TLD instructions","1"
"l1tex__t_set_accesses_pipe_tex_mem_texture_op_tex","Counter","","# of cache set accesses for TEX instructions","1"
"l1tex__t_set_conflicts","Counter","cycle","# of extra cycles spent on set conflicts","1"
"l1tex__t_set_conflicts_pipe_lsu","Counter","cycle","# of extra cycles spent on set conflicts for LSU pipe local/global","1"
"l1tex__t_set_conflicts_pipe_lsu_mem_global_op_atom","Counter","cycle","# of extra cycles spent on set conflicts for global atomics","1"
"l1tex__t_set_conflicts_pipe_lsu_mem_global_op_ld","Counter","cycle","# of extra cycles spent on set conflicts for global loads","1"
"l1tex__t_set_conflicts_pipe_lsu_mem_global_op_red","Counter","cycle","# of extra cycles spent on set conflicts for global reductions","1"
"l1tex__t_set_conflicts_pipe_lsu_mem_global_op_st","Counter","cycle","# of extra cycles spent on set conflicts for global stores","1"
"l1tex__t_set_conflicts_pipe_lsu_mem_local_op_ld","Counter","cycle","# of extra cycles spent on set conflicts for local loads","1"
"l1tex__t_set_conflicts_pipe_lsu_mem_local_op_st","Counter","cycle","# of extra cycles spent on set conflicts for local stores","1"
"l1tex__t_set_conflicts_pipe_tex","Counter","cycle","# of extra cycles spent on set conflicts for TEX pipe","1"
"l1tex__t_set_conflicts_pipe_tex_mem_surface","Counter","cycle","# of extra cycles spent on set conflicts for surface","1"
"l1tex__t_set_conflicts_pipe_tex_mem_surface_op_atom","Counter","cycle","# of extra cycles spent on set conflicts for surface atomics","1"
"l1tex__t_set_conflicts_pipe_tex_mem_surface_op_ld","Counter","cycle","# of extra cycles spent on set conflicts for surface loads","1"
"l1tex__t_set_conflicts_pipe_tex_mem_surface_op_red","Counter","cycle","# of extra cycles spent on set conflicts for surface reductions","1"
"l1tex__t_set_conflicts_pipe_tex_mem_surface_op_st","Counter","cycle","# of extra cycles spent on set conflicts for surface stores","1"
"l1tex__t_set_conflicts_pipe_tex_mem_texture","Counter","cycle","# of extra cycles spent on set conflicts for texture","1"
"l1tex__t_set_conflicts_pipe_tex_mem_texture_op_ld","Counter","cycle","# of extra cycles spent on set conflicts for TLD instructions","1"
"l1tex__t_set_conflicts_pipe_tex_mem_texture_op_tex","Counter","cycle","# of extra cycles spent on set conflicts for TEX instructions","1"
"l1tex__tex_writeback_active","Counter","cycle","# of cycles where texture/surface writeback interface was active","1"
"l1tex__texin_cycles_stalled_on_tsl1_miss","Counter","cycle","# of cycles where TEXIN was stalled on TSL1 cache miss, requesting texture or sampler header","1"
"l1tex__texin_requests","Counter","request","# of requests sent to TEXIN","1"
"l1tex__texin_requests_mem_surface","Counter","request","# of surface requests sent to TEXIN","1"
"l1tex__texin_requests_mem_surface_op_atom","Counter","request","# of requests sent to TEXIN for surface atomic instructions (SUATOM, SUATOM.CAS)","1"
"l1tex__texin_requests_mem_surface_op_ld","Counter","request","# of requests sent to TEXIN for surface load instructions (SULD)","1"
"l1tex__texin_requests_mem_surface_op_null","Counter","request","# of requests sent to TEXIN for null surface instructions","1"
"l1tex__texin_requests_mem_surface_op_red","Counter","request","# of requests sent to TEXIN for surface reduction instructions (SURED)","1"
"l1tex__texin_requests_mem_surface_op_st","Counter","request","# of requests sent to TEXIN for surface store instructions (SUST)","1"
"l1tex__texin_requests_mem_texture","Counter","request","# of texture requests (quads) sent to TEXIN","1"
"l1tex__texin_requests_mem_texture_op_null","Counter","request","# of requests sent to TEXIN for null texture instructions","1"
"l1tex__texin_sm2tex_req_cycles_active","Counter","cycle","# of cycles where interface carrying requests from SM to L1TEX TEXIN-Stage was active","1"
"l1tex__texin_sm2tex_req_cycles_stalled","Counter","cycle","# of cycles where interface carrying requests from SM to L1TEX TEXIN-Stage was stalled","1"
"l1tex__throughput","Throughput","%","L1TEX Throughput","1"
"l1tex__throughput_internal_activity","Throughput","%","L1TEX Throughput, internal activity","1"
"lts__average_gcomp_input_sector_compression_rate","Ratio","","average compression rate achieved by all data","1"
"lts__average_gcomp_input_sector_success_rate","Ratio","","average # of sectors compressed by GC","1"
"lts__average_gcomp_output_sector_compression_achieved_rate","Ratio","","average compression rate achieved by compressible data","1"
"lts__cycles_active","Counter","cycle","# of cycles where LTS was active","1"
"lts__cycles_elapsed","Counter","cycle","# of cycles elapsed on LTS","1"
"lts__cycles_in_frame","Counter","cycle","# of cycles in user-defined frame","1"
"lts__cycles_in_region","Counter","cycle","# of cycles in user-defined region","1"
"lts__d_atomic_input_cycles_active","Counter","cycle","# of cycles where the atomic unit's input was active","1"
"lts__d_sectors","Counter","sector","# of sectors accessed in data banks","1"
"lts__d_sectors_fill_device","Counter","sector","# of sectors filled from device memory","1"
"lts__d_sectors_fill_sysmem","Counter","sector","# of sectors filled from system memory","1"
"lts__gcomp_input_sectors","Counter","sector","# of sectors sent to GC","1"
"lts__gcomp_output_sectors","Counter","sector","# of sectors output by GC","1"
"lts__lts2xbar_cycles_active","Counter","cycle","# of cycles where interface from LTS to XBAR was active","1"
"lts__lts2xbar_cycles_active_realtime","Counter","cycle","# of cycles where interface from LTS to XBAR was active","1"
"lts__t_bytes","Counter","byte","# of bytes requested","1"
"lts__t_request_hit_rate","Ratio","","proportion of L2 requests that hit","1"
"lts__t_requests","Counter","request","# of LTS requests","1"
"lts__t_requests_aperture_device","Counter","request","# of LTS requests accessing device memory (vidmem)","1"
"lts__t_requests_aperture_device_evict_first","Counter","request","# of LTS requests accessing device memory (vidmem) marked evict-first","1"
"lts__t_requests_aperture_device_evict_first_lookup_hit","Counter","request","# of LTS requests accessing device memory (vidmem) marked evict-first that hit","1"
"lts__t_requests_aperture_device_evict_first_lookup_miss","Counter","request","# of LTS requests accessing device memory (vidmem) marked evict-first that missed","1"
"lts__t_requests_aperture_device_evict_last","Counter","request","# of LTS requests accessing device memory (vidmem) marked evict-last","1"
"lts__t_requests_aperture_device_evict_last_lookup_hit","Counter","request","# of LTS requests accessing device memory (vidmem) marked evict-last that hit","1"
"lts__t_requests_aperture_device_evict_last_lookup_miss","Counter","request","# of LTS requests accessing device memory (vidmem) marked evict-last that missed","1"
"lts__t_requests_aperture_device_evict_normal","Counter","request","# of LTS requests accessing device memory (vidmem) marked evict-normal (LRU)","1"
"lts__t_requests_aperture_device_evict_normal_demote","Counter","request","# of LTS requests accessing device memory (vidmem) marked evict-normal-demote","1"
"lts__t_requests_aperture_device_evict_normal_demote_lookup_hit","Counter","request","# of LTS requests accessing device memory (vidmem) marked evict-normal-demote that hit","1"
"lts__t_requests_aperture_device_evict_normal_demote_lookup_miss","Counter","request","# of LTS requests accessing device memory (vidmem) marked evict-normal-demote that missed","1"
"lts__t_requests_aperture_device_evict_normal_lookup_hit","Counter","request","# of LTS requests accessing device memory (vidmem) marked evict-normal (LRU) that hit","1"
"lts__t_requests_aperture_device_evict_normal_lookup_miss","Counter","request","# of LTS requests accessing device memory (vidmem) marked evict-normal (LRU) that missed","1"
"lts__t_requests_aperture_device_lookup_hit","Counter","request","# of LTS requests accessing device memory (vidmem) that hit","1"
"lts__t_requests_aperture_device_lookup_miss","Counter","request","# of LTS requests accessing device memory (vidmem) that missed","1"
"lts__t_requests_aperture_device_op_atom","Counter","request","# of LTS requests accessing device memory (vidmem) for all atomics","1"
"lts__t_requests_aperture_device_op_atom_dot_alu","Counter","request","# of LTS requests accessing device memory (vidmem) for atomic ALU (non-CAS)","1"
"lts__t_requests_aperture_device_op_atom_dot_alu_lookup_hit","Counter","request","# of LTS requests accessing device memory (vidmem) for atomic ALU (non-CAS) that hit","1"
"lts__t_requests_aperture_device_op_atom_dot_cas","Counter","request","# of LTS requests accessing device memory (vidmem) for atomic CAS","1"
"lts__t_requests_aperture_device_op_atom_dot_cas_lookup_hit","Counter","request","# of LTS requests accessing device memory (vidmem) for atomic CAS that hit","1"
"lts__t_requests_aperture_device_op_atom_evict_first","Counter","request","# of LTS requests accessing device memory (vidmem) for all atomics marked evict-first","1"
"lts__t_requests_aperture_device_op_atom_evict_first_lookup_hit","Counter","request","# of LTS requests accessing device memory (vidmem) for all atomics marked evict-first that hit","1"
"lts__t_requests_aperture_device_op_atom_evict_first_lookup_miss","Counter","request","# of LTS requests accessing device memory (vidmem) for all atomics marked evict-first that missed","1"
"lts__t_requests_aperture_device_op_atom_evict_last","Counter","request","# of LTS requests accessing device memory (vidmem) for all atomics marked evict-last","1"
"lts__t_requests_aperture_device_op_atom_evict_last_lookup_hit","Counter","request","# of LTS requests accessing device memory (vidmem) for all atomics marked evict-last that hit","1"
"lts__t_requests_aperture_device_op_atom_evict_last_lookup_miss","Counter","request","# of LTS requests accessing device memory (vidmem) for all atomics marked evict-last that missed","1"
"lts__t_requests_aperture_device_op_atom_evict_normal","Counter","request","# of LTS requests accessing device memory (vidmem) for all atomics marked evict-normal (LRU)","1"
"lts__t_requests_aperture_device_op_atom_evict_normal_demote","Counter","request","# of LTS requests accessing device memory (vidmem) for all atomics marked evict-normal-demote","1"
"lts__t_requests_aperture_device_op_atom_evict_normal_demote_lookup_hit","Counter","request","# of LTS requests accessing device memory (vidmem) for all atomics marked evict-normal-demote that hit","1"
"lts__t_requests_aperture_device_op_atom_evict_normal_demote_lookup_miss","Counter","request","# of LTS requests accessing device memory (vidmem) for all atomics marked evict-normal-demote that missed","1"
"lts__t_requests_aperture_device_op_atom_evict_normal_lookup_hit","Counter","request","# of LTS requests accessing device memory (vidmem) for all atomics marked evict-normal (LRU) that hit","1"
"lts__t_requests_aperture_device_op_atom_evict_normal_lookup_miss","Counter","request","# of LTS requests accessing device memory (vidmem) for all atomics marked evict-normal (LRU) that missed","1"
"lts__t_requests_aperture_device_op_atom_lookup_hit","Counter","request","# of LTS requests accessing device memory (vidmem) for all atomics that hit","1"
"lts__t_requests_aperture_device_op_atom_lookup_miss","Counter","request","# of LTS requests accessing device memory (vidmem) for all atomics that missed","1"
"lts__t_requests_aperture_device_op_membar","Counter","request","# of LTS requests accessing device memory (vidmem) for memory barriers","1"
"lts__t_requests_aperture_device_op_membar_evict_first","Counter","request","# of LTS requests accessing device memory (vidmem) for memory barriers marked evict-first","1"
"lts__t_requests_aperture_device_op_membar_evict_first_lookup_hit","Counter","request","# of LTS requests accessing device memory (vidmem) for memory barriers marked evict-first that hit","1"
"lts__t_requests_aperture_device_op_membar_evict_first_lookup_miss","Counter","request","# of LTS requests accessing device memory (vidmem) for memory barriers marked evict-first that missed","1"
"lts__t_requests_aperture_device_op_membar_evict_last","Counter","request","# of LTS requests accessing device memory (vidmem) for memory barriers marked evict-last","1"
"lts__t_requests_aperture_device_op_membar_evict_last_lookup_hit","Counter","request","# of LTS requests accessing device memory (vidmem) for memory barriers marked evict-last that hit","1"
"lts__t_requests_aperture_device_op_membar_evict_last_lookup_miss","Counter","request","# of LTS requests accessing device memory (vidmem) for memory barriers marked evict-last that missed","1"
"lts__t_requests_aperture_device_op_membar_evict_normal","Counter","request","# of LTS requests accessing device memory (vidmem) for memory barriers marked evict-normal (LRU)","1"
"lts__t_requests_aperture_device_op_membar_evict_normal_demote","Counter","request","# of LTS requests accessing device memory (vidmem) for memory barriers marked evict-normal-demote","1"
"lts__t_requests_aperture_device_op_membar_evict_normal_demote_lookup_hit","Counter","request","# of LTS requests accessing device memory (vidmem) for memory barriers marked evict-normal-demote that hit","1"
"lts__t_requests_aperture_device_op_membar_evict_normal_demote_lookup_miss","Counter","request","# of LTS requests accessing device memory (vidmem) for memory barriers marked evict-normal-demote that missed","1"
"lts__t_requests_aperture_device_op_membar_evict_normal_lookup_hit","Counter","request","# of LTS requests accessing device memory (vidmem) for memory barriers marked evict-normal (LRU) that hit","1"
"lts__t_requests_aperture_device_op_membar_evict_normal_lookup_miss","Counter","request","# of LTS requests accessing device memory (vidmem) for memory barriers marked evict-normal (LRU) that missed","1"
"lts__t_requests_aperture_device_op_membar_lookup_hit","Counter","request","# of LTS requests accessing device memory (vidmem) for memory barriers that hit","1"
"lts__t_requests_aperture_device_op_membar_lookup_miss","Counter","request","# of LTS requests accessing device memory (vidmem) for memory barriers that missed","1"
"lts__t_requests_aperture_device_op_read","Counter","request","# of LTS requests accessing device memory (vidmem) for reads","1"
"lts__t_requests_aperture_device_op_read_evict_first","Counter","request","# of LTS requests accessing device memory (vidmem) for reads marked evict-first","1"
"lts__t_requests_aperture_device_op_read_evict_first_lookup_hit","Counter","request","# of LTS requests accessing device memory (vidmem) for reads marked evict-first that hit","1"
"lts__t_requests_aperture_device_op_read_evict_first_lookup_miss","Counter","request","# of LTS requests accessing device memory (vidmem) for reads marked evict-first that missed","1"
"lts__t_requests_aperture_device_op_read_evict_last","Counter","request","# of LTS requests accessing device memory (vidmem) for reads marked evict-last","1"
"lts__t_requests_aperture_device_op_read_evict_last_lookup_hit","Counter","request","# of LTS requests accessing device memory (vidmem) for reads marked evict-last that hit","1"
"lts__t_requests_aperture_device_op_read_evict_last_lookup_miss","Counter","request","# of LTS requests accessing device memory (vidmem) for reads marked evict-last that missed","1"
"lts__t_requests_aperture_device_op_read_evict_normal","Counter","request","# of LTS requests accessing device memory (vidmem) for reads marked evict-normal (LRU)","1"
"lts__t_requests_aperture_device_op_read_evict_normal_demote","Counter","request","# of LTS requests accessing device memory (vidmem) for reads marked evict-normal-demote","1"
"lts__t_requests_aperture_device_op_read_evict_normal_demote_lookup_hit","Counter","request","# of LTS requests accessing device memory (vidmem) for reads marked evict-normal-demote that hit","1"
"lts__t_requests_aperture_device_op_read_evict_normal_demote_lookup_miss","Counter","request","# of LTS requests accessing device memory (vidmem) for reads marked evict-normal-demote that missed","1"
"lts__t_requests_aperture_device_op_read_evict_normal_lookup_hit","Counter","request","# of LTS requests accessing device memory (vidmem) for reads marked evict-normal (LRU) that hit","1"
"lts__t_requests_aperture_device_op_read_evict_normal_lookup_miss","Counter","request","# of LTS requests accessing device memory (vidmem) for reads marked evict-normal (LRU) that missed","1"
"lts__t_requests_aperture_device_op_read_lookup_hit","Counter","request","# of LTS requests accessing device memory (vidmem) for reads that hit","1"
"lts__t_requests_aperture_device_op_read_lookup_miss","Counter","request","# of LTS requests accessing device memory (vidmem) for reads that missed","1"
"lts__t_requests_aperture_device_op_red","Counter","request","# of LTS requests accessing device memory (vidmem) for reductions","1"
"lts__t_requests_aperture_device_op_red_lookup_hit","Counter","request","# of LTS requests accessing device memory (vidmem) for reductions that hit","1"
"lts__t_requests_aperture_device_op_red_lookup_miss","Counter","request","# of LTS requests accessing device memory (vidmem) for reductions that missed","1"
"lts__t_requests_aperture_device_op_write","Counter","request","# of LTS requests accessing device memory (vidmem) for writes","1"
"lts__t_requests_aperture_device_op_write_evict_first","Counter","request","# of LTS requests accessing device memory (vidmem) for writes marked evict-first","1"
"lts__t_requests_aperture_device_op_write_evict_first_lookup_hit","Counter","request","# of LTS requests accessing device memory (vidmem) for writes marked evict-first that hit","1"
"lts__t_requests_aperture_device_op_write_evict_first_lookup_miss","Counter","request","# of LTS requests accessing device memory (vidmem) for writes marked evict-first that missed","1"
"lts__t_requests_aperture_device_op_write_evict_last","Counter","request","# of LTS requests accessing device memory (vidmem) for writes marked evict-last","1"
"lts__t_requests_aperture_device_op_write_evict_last_lookup_hit","Counter","request","# of LTS requests accessing device memory (vidmem) for writes marked evict-last that hit","1"
"lts__t_requests_aperture_device_op_write_evict_last_lookup_miss","Counter","request","# of LTS requests accessing device memory (vidmem) for writes marked evict-last that missed","1"
"lts__t_requests_aperture_device_op_write_evict_normal","Counter","request","# of LTS requests accessing device memory (vidmem) for writes marked evict-normal (LRU)","1"
"lts__t_requests_aperture_device_op_write_evict_normal_demote","Counter","request","# of LTS requests accessing device memory (vidmem) for writes marked evict-normal-demote","1"
"lts__t_requests_aperture_device_op_write_evict_normal_demote_lookup_hit","Counter","request","# of LTS requests accessing device memory (vidmem) for writes marked evict-normal-demote that hit","1"
"lts__t_requests_aperture_device_op_write_evict_normal_demote_lookup_miss","Counter","request","# of LTS requests accessing device memory (vidmem) for writes marked evict-normal-demote that missed","1"
"lts__t_requests_aperture_device_op_write_evict_normal_lookup_hit","Counter","request","# of LTS requests accessing device memory (vidmem) for writes marked evict-normal (LRU) that hit","1"
"lts__t_requests_aperture_device_op_write_evict_normal_lookup_miss","Counter","request","# of LTS requests accessing device memory (vidmem) for writes marked evict-normal (LRU) that missed","1"
"lts__t_requests_aperture_device_op_write_lookup_hit","Counter","request","# of LTS requests accessing device memory (vidmem) for writes that hit","1"
"lts__t_requests_aperture_device_op_write_lookup_miss","Counter","request","# of LTS requests accessing device memory (vidmem) for writes that missed","1"
"lts__t_requests_aperture_peer","Counter","request","# of LTS requests accessing peer memory (peermem)","1"
"lts__t_requests_aperture_peer_evict_first","Counter","request","# of LTS requests accessing peer memory (peermem) marked evict-first","1"
"lts__t_requests_aperture_peer_evict_first_lookup_hit","Counter","request","# of LTS requests accessing peer memory (peermem) marked evict-first that hit","1"
"lts__t_requests_aperture_peer_evict_first_lookup_miss","Counter","request","# of LTS requests accessing peer memory (peermem) marked evict-first that missed","1"
"lts__t_requests_aperture_peer_evict_last","Counter","request","# of LTS requests accessing peer memory (peermem) marked evict-last","1"
"lts__t_requests_aperture_peer_evict_last_lookup_hit","Counter","request","# of LTS requests accessing peer memory (peermem) marked evict-last that hit","1"
"lts__t_requests_aperture_peer_evict_last_lookup_miss","Counter","request","# of LTS requests accessing peer memory (peermem) marked evict-last that missed","1"
"lts__t_requests_aperture_peer_evict_normal","Counter","request","# of LTS requests accessing peer memory (peermem) marked evict-normal (LRU)","1"
"lts__t_requests_aperture_peer_evict_normal_demote","Counter","request","# of LTS requests accessing peer memory (peermem) marked evict-normal-demote","1"
"lts__t_requests_aperture_peer_evict_normal_demote_lookup_hit","Counter","request","# of LTS requests accessing peer memory (peermem) marked evict-normal-demote that hit","1"
"lts__t_requests_aperture_peer_evict_normal_demote_lookup_miss","Counter","request","# of LTS requests accessing peer memory (peermem) marked evict-normal-demote that missed","1"
"lts__t_requests_aperture_peer_evict_normal_lookup_hit","Counter","request","# of LTS requests accessing peer memory (peermem) marked evict-normal (LRU) that hit","1"
"lts__t_requests_aperture_peer_evict_normal_lookup_miss","Counter","request","# of LTS requests accessing peer memory (peermem) marked evict-normal (LRU) that missed","1"
"lts__t_requests_aperture_peer_lookup_hit","Counter","request","# of LTS requests accessing peer memory (peermem) that hit","1"
"lts__t_requests_aperture_peer_lookup_miss","Counter","request","# of LTS requests accessing peer memory (peermem) that missed","1"
"lts__t_requests_aperture_peer_op_atom","Counter","request","# of LTS requests accessing peer memory (peermem) for all atomics","1"
"lts__t_requests_aperture_peer_op_atom_dot_alu","Counter","request","# of LTS requests accessing peer memory (peermem) for atomic ALU (non-CAS)","1"
"lts__t_requests_aperture_peer_op_atom_dot_alu_lookup_hit","Counter","request","# of LTS requests accessing peer memory (peermem) for atomic ALU (non-CAS) that hit","1"
"lts__t_requests_aperture_peer_op_atom_dot_cas","Counter","request","# of LTS requests accessing peer memory (peermem) for atomic CAS","1"
"lts__t_requests_aperture_peer_op_atom_dot_cas_lookup_hit","Counter","request","# of LTS requests accessing peer memory (peermem) for atomic CAS that hit","1"
"lts__t_requests_aperture_peer_op_atom_evict_first","Counter","request","# of LTS requests accessing peer memory (peermem) for all atomics marked evict-first","1"
"lts__t_requests_aperture_peer_op_atom_evict_first_lookup_hit","Counter","request","# of LTS requests accessing peer memory (peermem) for all atomics marked evict-first that hit","1"
"lts__t_requests_aperture_peer_op_atom_evict_first_lookup_miss","Counter","request","# of LTS requests accessing peer memory (peermem) for all atomics marked evict-first that missed","1"
"lts__t_requests_aperture_peer_op_atom_evict_last","Counter","request","# of LTS requests accessing peer memory (peermem) for all atomics marked evict-last","1"
"lts__t_requests_aperture_peer_op_atom_evict_last_lookup_hit","Counter","request","# of LTS requests accessing peer memory (peermem) for all atomics marked evict-last that hit","1"
"lts__t_requests_aperture_peer_op_atom_evict_last_lookup_miss","Counter","request","# of LTS requests accessing peer memory (peermem) for all atomics marked evict-last that missed","1"
"lts__t_requests_aperture_peer_op_atom_evict_normal","Counter","request","# of LTS requests accessing peer memory (peermem) for all atomics marked evict-normal (LRU)","1"
"lts__t_requests_aperture_peer_op_atom_evict_normal_demote","Counter","request","# of LTS requests accessing peer memory (peermem) for all atomics marked evict-normal-demote","1"
"lts__t_requests_aperture_peer_op_atom_evict_normal_demote_lookup_hit","Counter","request","# of LTS requests accessing peer memory (peermem) for all atomics marked evict-normal-demote that hit","1"
"lts__t_requests_aperture_peer_op_atom_evict_normal_demote_lookup_miss","Counter","request","# of LTS requests accessing peer memory (peermem) for all atomics marked evict-normal-demote that missed","1"
"lts__t_requests_aperture_peer_op_atom_evict_normal_lookup_hit","Counter","request","# of LTS requests accessing peer memory (peermem) for all atomics marked evict-normal (LRU) that hit","1"
"lts__t_requests_aperture_peer_op_atom_evict_normal_lookup_miss","Counter","request","# of LTS requests accessing peer memory (peermem) for all atomics marked evict-normal (LRU) that missed","1"
"lts__t_requests_aperture_peer_op_atom_lookup_hit","Counter","request","# of LTS requests accessing peer memory (peermem) for all atomics that hit","1"
"lts__t_requests_aperture_peer_op_atom_lookup_miss","Counter","request","# of LTS requests accessing peer memory (peermem) for all atomics that missed","1"
"lts__t_requests_aperture_peer_op_membar","Counter","request","# of LTS requests accessing peer memory (peermem) for memory barriers","1"
"lts__t_requests_aperture_peer_op_membar_evict_first","Counter","request","# of LTS requests accessing peer memory (peermem) for memory barriers marked evict-first","1"
"lts__t_requests_aperture_peer_op_membar_evict_first_lookup_hit","Counter","request","# of LTS requests accessing peer memory (peermem) for memory barriers marked evict-first that hit","1"
"lts__t_requests_aperture_peer_op_membar_evict_first_lookup_miss","Counter","request","# of LTS requests accessing peer memory (peermem) for memory barriers marked evict-first that missed","1"
"lts__t_requests_aperture_peer_op_membar_evict_last","Counter","request","# of LTS requests accessing peer memory (peermem) for memory barriers marked evict-last","1"
"lts__t_requests_aperture_peer_op_membar_evict_last_lookup_hit","Counter","request","# of LTS requests accessing peer memory (peermem) for memory barriers marked evict-last that hit","1"
"lts__t_requests_aperture_peer_op_membar_evict_last_lookup_miss","Counter","request","# of LTS requests accessing peer memory (peermem) for memory barriers marked evict-last that missed","1"
"lts__t_requests_aperture_peer_op_membar_evict_normal","Counter","request","# of LTS requests accessing peer memory (peermem) for memory barriers marked evict-normal (LRU)","1"
"lts__t_requests_aperture_peer_op_membar_evict_normal_demote","Counter","request","# of LTS requests accessing peer memory (peermem) for memory barriers marked evict-normal-demote","1"
"lts__t_requests_aperture_peer_op_membar_evict_normal_demote_lookup_hit","Counter","request","# of LTS requests accessing peer memory (peermem) for memory barriers marked evict-normal-demote that hit","1"
"lts__t_requests_aperture_peer_op_membar_evict_normal_demote_lookup_miss","Counter","request","# of LTS requests accessing peer memory (peermem) for memory barriers marked evict-normal-demote that missed","1"
"lts__t_requests_aperture_peer_op_membar_evict_normal_lookup_hit","Counter","request","# of LTS requests accessing peer memory (peermem) for memory barriers marked evict-normal (LRU) that hit","1"
"lts__t_requests_aperture_peer_op_membar_evict_normal_lookup_miss","Counter","request","# of LTS requests accessing peer memory (peermem) for memory barriers marked evict-normal (LRU) that missed","1"
"lts__t_requests_aperture_peer_op_membar_lookup_hit","Counter","request","# of LTS requests accessing peer memory (peermem) for memory barriers that hit","1"
"lts__t_requests_aperture_peer_op_membar_lookup_miss","Counter","request","# of LTS requests accessing peer memory (peermem) for memory barriers that missed","1"
"lts__t_requests_aperture_peer_op_read","Counter","request","# of LTS requests accessing peer memory (peermem) for reads","1"
"lts__t_requests_aperture_peer_op_read_evict_first","Counter","request","# of LTS requests accessing peer memory (peermem) for reads marked evict-first","1"
"lts__t_requests_aperture_peer_op_read_evict_first_lookup_hit","Counter","request","# of LTS requests accessing peer memory (peermem) for reads marked evict-first that hit","1"
"lts__t_requests_aperture_peer_op_read_evict_first_lookup_miss","Counter","request","# of LTS requests accessing peer memory (peermem) for reads marked evict-first that missed","1"
"lts__t_requests_aperture_peer_op_read_evict_last","Counter","request","# of LTS requests accessing peer memory (peermem) for reads marked evict-last","1"
"lts__t_requests_aperture_peer_op_read_evict_last_lookup_hit","Counter","request","# of LTS requests accessing peer memory (peermem) for reads marked evict-last that hit","1"
"lts__t_requests_aperture_peer_op_read_evict_last_lookup_miss","Counter","request","# of LTS requests accessing peer memory (peermem) for reads marked evict-last that missed","1"
"lts__t_requests_aperture_peer_op_read_evict_normal","Counter","request","# of LTS requests accessing peer memory (peermem) for reads marked evict-normal (LRU)","1"
"lts__t_requests_aperture_peer_op_read_evict_normal_demote","Counter","request","# of LTS requests accessing peer memory (peermem) for reads marked evict-normal-demote","1"
"lts__t_requests_aperture_peer_op_read_evict_normal_demote_lookup_hit","Counter","request","# of LTS requests accessing peer memory (peermem) for reads marked evict-normal-demote that hit","1"
"lts__t_requests_aperture_peer_op_read_evict_normal_demote_lookup_miss","Counter","request","# of LTS requests accessing peer memory (peermem) for reads marked evict-normal-demote that missed","1"
"lts__t_requests_aperture_peer_op_read_evict_normal_lookup_hit","Counter","request","# of LTS requests accessing peer memory (peermem) for reads marked evict-normal (LRU) that hit","1"
"lts__t_requests_aperture_peer_op_read_evict_normal_lookup_miss","Counter","request","# of LTS requests accessing peer memory (peermem) for reads marked evict-normal (LRU) that missed","1"
"lts__t_requests_aperture_peer_op_read_lookup_hit","Counter","request","# of LTS requests accessing peer memory (peermem) for reads that hit","1"
"lts__t_requests_aperture_peer_op_read_lookup_miss","Counter","request","# of LTS requests accessing peer memory (peermem) for reads that missed","1"
"lts__t_requests_aperture_peer_op_red","Counter","request","# of LTS requests accessing peer memory (peermem) for reductions","1"
"lts__t_requests_aperture_peer_op_red_lookup_hit","Counter","request","# of LTS requests accessing peer memory (peermem) for reductions that hit","1"
"lts__t_requests_aperture_peer_op_red_lookup_miss","Counter","request","# of LTS requests accessing peer memory (peermem) for reductions that missed","1"
"lts__t_requests_aperture_peer_op_write","Counter","request","# of LTS requests accessing peer memory (peermem) for writes","1"
"lts__t_requests_aperture_peer_op_write_evict_first","Counter","request","# of LTS requests accessing peer memory (peermem) for writes marked evict-first","1"
"lts__t_requests_aperture_peer_op_write_evict_first_lookup_hit","Counter","request","# of LTS requests accessing peer memory (peermem) for writes marked evict-first that hit","1"
"lts__t_requests_aperture_peer_op_write_evict_first_lookup_miss","Counter","request","# of LTS requests accessing peer memory (peermem) for writes marked evict-first that missed","1"
"lts__t_requests_aperture_peer_op_write_evict_last","Counter","request","# of LTS requests accessing peer memory (peermem) for writes marked evict-last","1"
"lts__t_requests_aperture_peer_op_write_evict_last_lookup_hit","Counter","request","# of LTS requests accessing peer memory (peermem) for writes marked evict-last that hit","1"
"lts__t_requests_aperture_peer_op_write_evict_last_lookup_miss","Counter","request","# of LTS requests accessing peer memory (peermem) for writes marked evict-last that missed","1"
"lts__t_requests_aperture_peer_op_write_evict_normal","Counter","request","# of LTS requests accessing peer memory (peermem) for writes marked evict-normal (LRU)","1"
"lts__t_requests_aperture_peer_op_write_evict_normal_demote","Counter","request","# of LTS requests accessing peer memory (peermem) for writes marked evict-normal-demote","1"
"lts__t_requests_aperture_peer_op_write_evict_normal_demote_lookup_hit","Counter","request","# of LTS requests accessing peer memory (peermem) for writes marked evict-normal-demote that hit","1"
"lts__t_requests_aperture_peer_op_write_evict_normal_demote_lookup_miss","Counter","request","# of LTS requests accessing peer memory (peermem) for writes marked evict-normal-demote that missed","1"
"lts__t_requests_aperture_peer_op_write_evict_normal_lookup_hit","Counter","request","# of LTS requests accessing peer memory (peermem) for writes marked evict-normal (LRU) that hit","1"
"lts__t_requests_aperture_peer_op_write_evict_normal_lookup_miss","Counter","request","# of LTS requests accessing peer memory (peermem) for writes marked evict-normal (LRU) that missed","1"
"lts__t_requests_aperture_peer_op_write_lookup_hit","Counter","request","# of LTS requests accessing peer memory (peermem) for writes that hit","1"
"lts__t_requests_aperture_peer_op_write_lookup_miss","Counter","request","# of LTS requests accessing peer memory (peermem) for writes that missed","1"
"lts__t_requests_aperture_sysmem","Counter","request","# of LTS requests accessing system memory (sysmem)","1"
"lts__t_requests_aperture_sysmem_evict_first","Counter","request","# of LTS requests accessing system memory (sysmem) marked evict-first","1"
"lts__t_requests_aperture_sysmem_evict_first_lookup_hit","Counter","request","# of LTS requests accessing system memory (sysmem) marked evict-first that hit","1"
"lts__t_requests_aperture_sysmem_evict_first_lookup_miss","Counter","request","# of LTS requests accessing system memory (sysmem) marked evict-first that missed","1"
"lts__t_requests_aperture_sysmem_evict_last","Counter","request","# of LTS requests accessing system memory (sysmem) marked evict-last","1"
"lts__t_requests_aperture_sysmem_evict_last_lookup_hit","Counter","request","# of LTS requests accessing system memory (sysmem) marked evict-last that hit","1"
"lts__t_requests_aperture_sysmem_evict_last_lookup_miss","Counter","request","# of LTS requests accessing system memory (sysmem) marked evict-last that missed","1"
"lts__t_requests_aperture_sysmem_evict_normal","Counter","request","# of LTS requests accessing system memory (sysmem) marked evict-normal (LRU)","1"
"lts__t_requests_aperture_sysmem_evict_normal_demote","Counter","request","# of LTS requests accessing system memory (sysmem) marked evict-normal-demote","1"
"lts__t_requests_aperture_sysmem_evict_normal_demote_lookup_hit","Counter","request","# of LTS requests accessing system memory (sysmem) marked evict-normal-demote that hit","1"
"lts__t_requests_aperture_sysmem_evict_normal_demote_lookup_miss","Counter","request","# of LTS requests accessing system memory (sysmem) marked evict-normal-demote that missed","1"
"lts__t_requests_aperture_sysmem_evict_normal_lookup_hit","Counter","request","# of LTS requests accessing system memory (sysmem) marked evict-normal (LRU) that hit","1"
"lts__t_requests_aperture_sysmem_evict_normal_lookup_miss","Counter","request","# of LTS requests accessing system memory (sysmem) marked evict-normal (LRU) that missed","1"
"lts__t_requests_aperture_sysmem_lookup_hit","Counter","request","# of LTS requests accessing system memory (sysmem) that hit","1"
"lts__t_requests_aperture_sysmem_lookup_miss","Counter","request","# of LTS requests accessing system memory (sysmem) that missed","1"
"lts__t_requests_aperture_sysmem_op_atom","Counter","request","# of LTS requests accessing system memory (sysmem) for all atomics","1"
"lts__t_requests_aperture_sysmem_op_atom_dot_alu","Counter","request","# of LTS requests accessing system memory (sysmem) for atomic ALU (non-CAS)","1"
"lts__t_requests_aperture_sysmem_op_atom_dot_alu_lookup_hit","Counter","request","# of LTS requests accessing system memory (sysmem) for atomic ALU (non-CAS) that hit","1"
"lts__t_requests_aperture_sysmem_op_atom_dot_cas","Counter","request","# of LTS requests accessing system memory (sysmem) for atomic CAS","1"
"lts__t_requests_aperture_sysmem_op_atom_dot_cas_lookup_hit","Counter","request","# of LTS requests accessing system memory (sysmem) for atomic CAS that hit","1"
"lts__t_requests_aperture_sysmem_op_atom_evict_first","Counter","request","# of LTS requests accessing system memory (sysmem) for all atomics marked evict-first","1"
"lts__t_requests_aperture_sysmem_op_atom_evict_first_lookup_hit","Counter","request","# of LTS requests accessing system memory (sysmem) for all atomics marked evict-first that hit","1"
"lts__t_requests_aperture_sysmem_op_atom_evict_first_lookup_miss","Counter","request","# of LTS requests accessing system memory (sysmem) for all atomics marked evict-first that missed","1"
"lts__t_requests_aperture_sysmem_op_atom_evict_last","Counter","request","# of LTS requests accessing system memory (sysmem) for all atomics marked evict-last","1"
"lts__t_requests_aperture_sysmem_op_atom_evict_last_lookup_hit","Counter","request","# of LTS requests accessing system memory (sysmem) for all atomics marked evict-last that hit","1"
"lts__t_requests_aperture_sysmem_op_atom_evict_last_lookup_miss","Counter","request","# of LTS requests accessing system memory (sysmem) for all atomics marked evict-last that missed","1"
"lts__t_requests_aperture_sysmem_op_atom_evict_normal","Counter","request","# of LTS requests accessing system memory (sysmem) for all atomics marked evict-normal (LRU)","1"
"lts__t_requests_aperture_sysmem_op_atom_evict_normal_demote","Counter","request","# of LTS requests accessing system memory (sysmem) for all atomics marked evict-normal-demote","1"
"lts__t_requests_aperture_sysmem_op_atom_evict_normal_demote_lookup_hit","Counter","request","# of LTS requests accessing system memory (sysmem) for all atomics marked evict-normal-demote that hit","1"
"lts__t_requests_aperture_sysmem_op_atom_evict_normal_demote_lookup_miss","Counter","request","# of LTS requests accessing system memory (sysmem) for all atomics marked evict-normal-demote that missed","1"
"lts__t_requests_aperture_sysmem_op_atom_evict_normal_lookup_hit","Counter","request","# of LTS requests accessing system memory (sysmem) for all atomics marked evict-normal (LRU) that hit","1"
"lts__t_requests_aperture_sysmem_op_atom_evict_normal_lookup_miss","Counter","request","# of LTS requests accessing system memory (sysmem) for all atomics marked evict-normal (LRU) that missed","1"
"lts__t_requests_aperture_sysmem_op_atom_lookup_hit","Counter","request","# of LTS requests accessing system memory (sysmem) for all atomics that hit","1"
"lts__t_requests_aperture_sysmem_op_atom_lookup_miss","Counter","request","# of LTS requests accessing system memory (sysmem) for all atomics that missed","1"
"lts__t_requests_aperture_sysmem_op_membar","Counter","request","# of LTS requests accessing system memory (sysmem) for memory barriers","1"
"lts__t_requests_aperture_sysmem_op_membar_evict_first","Counter","request","# of LTS requests accessing system memory (sysmem) for memory barriers marked evict-first","1"
"lts__t_requests_aperture_sysmem_op_membar_evict_first_lookup_hit","Counter","request","# of LTS requests accessing system memory (sysmem) for memory barriers marked evict-first that hit","1"
"lts__t_requests_aperture_sysmem_op_membar_evict_first_lookup_miss","Counter","request","# of LTS requests accessing system memory (sysmem) for memory barriers marked evict-first that missed","1"
"lts__t_requests_aperture_sysmem_op_membar_evict_last","Counter","request","# of LTS requests accessing system memory (sysmem) for memory barriers marked evict-last","1"
"lts__t_requests_aperture_sysmem_op_membar_evict_last_lookup_hit","Counter","request","# of LTS requests accessing system memory (sysmem) for memory barriers marked evict-last that hit","1"
"lts__t_requests_aperture_sysmem_op_membar_evict_last_lookup_miss","Counter","request","# of LTS requests accessing system memory (sysmem) for memory barriers marked evict-last that missed","1"
"lts__t_requests_aperture_sysmem_op_membar_evict_normal","Counter","request","# of LTS requests accessing system memory (sysmem) for memory barriers marked evict-normal (LRU)","1"
"lts__t_requests_aperture_sysmem_op_membar_evict_normal_demote","Counter","request","# of LTS requests accessing system memory (sysmem) for memory barriers marked evict-normal-demote","1"
"lts__t_requests_aperture_sysmem_op_membar_evict_normal_demote_lookup_hit","Counter","request","# of LTS requests accessing system memory (sysmem) for memory barriers marked evict-normal-demote that hit","1"
"lts__t_requests_aperture_sysmem_op_membar_evict_normal_demote_lookup_miss","Counter","request","# of LTS requests accessing system memory (sysmem) for memory barriers marked evict-normal-demote that missed","1"
"lts__t_requests_aperture_sysmem_op_membar_evict_normal_lookup_hit","Counter","request","# of LTS requests accessing system memory (sysmem) for memory barriers marked evict-normal (LRU) that hit","1"
"lts__t_requests_aperture_sysmem_op_membar_evict_normal_lookup_miss","Counter","request","# of LTS requests accessing system memory (sysmem) for memory barriers marked evict-normal (LRU) that missed","1"
"lts__t_requests_aperture_sysmem_op_membar_lookup_hit","Counter","request","# of LTS requests accessing system memory (sysmem) for memory barriers that hit","1"
"lts__t_requests_aperture_sysmem_op_membar_lookup_miss","Counter","request","# of LTS requests accessing system memory (sysmem) for memory barriers that missed","1"
"lts__t_requests_aperture_sysmem_op_read","Counter","request","# of LTS requests accessing system memory (sysmem) for reads","1"
"lts__t_requests_aperture_sysmem_op_read_evict_first","Counter","request","# of LTS requests accessing system memory (sysmem) for reads marked evict-first","1"
"lts__t_requests_aperture_sysmem_op_read_evict_first_lookup_hit","Counter","request","# of LTS requests accessing system memory (sysmem) for reads marked evict-first that hit","1"
"lts__t_requests_aperture_sysmem_op_read_evict_first_lookup_miss","Counter","request","# of LTS requests accessing system memory (sysmem) for reads marked evict-first that missed","1"
"lts__t_requests_aperture_sysmem_op_read_evict_last","Counter","request","# of LTS requests accessing system memory (sysmem) for reads marked evict-last","1"
"lts__t_requests_aperture_sysmem_op_read_evict_last_lookup_hit","Counter","request","# of LTS requests accessing system memory (sysmem) for reads marked evict-last that hit","1"
"lts__t_requests_aperture_sysmem_op_read_evict_last_lookup_miss","Counter","request","# of LTS requests accessing system memory (sysmem) for reads marked evict-last that missed","1"
"lts__t_requests_aperture_sysmem_op_read_evict_normal","Counter","request","# of LTS requests accessing system memory (sysmem) for reads marked evict-normal (LRU)","1"
"lts__t_requests_aperture_sysmem_op_read_evict_normal_demote","Counter","request","# of LTS requests accessing system memory (sysmem) for reads marked evict-normal-demote","1"
"lts__t_requests_aperture_sysmem_op_read_evict_normal_demote_lookup_hit","Counter","request","# of LTS requests accessing system memory (sysmem) for reads marked evict-normal-demote that hit","1"
"lts__t_requests_aperture_sysmem_op_read_evict_normal_demote_lookup_miss","Counter","request","# of LTS requests accessing system memory (sysmem) for reads marked evict-normal-demote that missed","1"
"lts__t_requests_aperture_sysmem_op_read_evict_normal_lookup_hit","Counter","request","# of LTS requests accessing system memory (sysmem) for reads marked evict-normal (LRU) that hit","1"
"lts__t_requests_aperture_sysmem_op_read_evict_normal_lookup_miss","Counter","request","# of LTS requests accessing system memory (sysmem) for reads marked evict-normal (LRU) that missed","1"
"lts__t_requests_aperture_sysmem_op_read_lookup_hit","Counter","request","# of LTS requests accessing system memory (sysmem) for reads that hit","1"
"lts__t_requests_aperture_sysmem_op_read_lookup_miss","Counter","request","# of LTS requests accessing system memory (sysmem) for reads that missed","1"
"lts__t_requests_aperture_sysmem_op_red","Counter","request","# of LTS requests accessing system memory (sysmem) for reductions","1"
"lts__t_requests_aperture_sysmem_op_red_lookup_hit","Counter","request","# of LTS requests accessing system memory (sysmem) for reductions that hit","1"
"lts__t_requests_aperture_sysmem_op_red_lookup_miss","Counter","request","# of LTS requests accessing system memory (sysmem) for reductions that missed","1"
"lts__t_requests_aperture_sysmem_op_write","Counter","request","# of LTS requests accessing system memory (sysmem) for writes","1"
"lts__t_requests_aperture_sysmem_op_write_evict_first","Counter","request","# of LTS requests accessing system memory (sysmem) for writes marked evict-first","1"
"lts__t_requests_aperture_sysmem_op_write_evict_first_lookup_hit","Counter","request","# of LTS requests accessing system memory (sysmem) for writes marked evict-first that hit","1"
"lts__t_requests_aperture_sysmem_op_write_evict_first_lookup_miss","Counter","request","# of LTS requests accessing system memory (sysmem) for writes marked evict-first that missed","1"
"lts__t_requests_aperture_sysmem_op_write_evict_last","Counter","request","# of LTS requests accessing system memory (sysmem) for writes marked evict-last","1"
"lts__t_requests_aperture_sysmem_op_write_evict_last_lookup_hit","Counter","request","# of LTS requests accessing system memory (sysmem) for writes marked evict-last that hit","1"
"lts__t_requests_aperture_sysmem_op_write_evict_last_lookup_miss","Counter","request","# of LTS requests accessing system memory (sysmem) for writes marked evict-last that missed","1"
"lts__t_requests_aperture_sysmem_op_write_evict_normal","Counter","request","# of LTS requests accessing system memory (sysmem) for writes marked evict-normal (LRU)","1"
"lts__t_requests_aperture_sysmem_op_write_evict_normal_demote","Counter","request","# of LTS requests accessing system memory (sysmem) for writes marked evict-normal-demote","1"
"lts__t_requests_aperture_sysmem_op_write_evict_normal_demote_lookup_hit","Counter","request","# of LTS requests accessing system memory (sysmem) for writes marked evict-normal-demote that hit","1"
"lts__t_requests_aperture_sysmem_op_write_evict_normal_demote_lookup_miss","Counter","request","# of LTS requests accessing system memory (sysmem) for writes marked evict-normal-demote that missed","1"
"lts__t_requests_aperture_sysmem_op_write_evict_normal_lookup_hit","Counter","request","# of LTS requests accessing system memory (sysmem) for writes marked evict-normal (LRU) that hit","1"
"lts__t_requests_aperture_sysmem_op_write_evict_normal_lookup_miss","Counter","request","# of LTS requests accessing system memory (sysmem) for writes marked evict-normal (LRU) that missed","1"
"lts__t_requests_aperture_sysmem_op_write_lookup_hit","Counter","request","# of LTS requests accessing system memory (sysmem) for writes that hit","1"
"lts__t_requests_aperture_sysmem_op_write_lookup_miss","Counter","request","# of LTS requests accessing system memory (sysmem) for writes that missed","1"
"lts__t_requests_evict_first","Counter","request","# of LTS requests marked evict-first","1"
"lts__t_requests_evict_first_lookup_hit","Counter","request","# of LTS requests marked evict-first that hit","1"
"lts__t_requests_evict_first_lookup_miss","Counter","request","# of LTS requests marked evict-first that missed","1"
"lts__t_requests_evict_last","Counter","request","# of LTS requests marked evict-last","1"
"lts__t_requests_evict_last_lookup_hit","Counter","request","# of LTS requests marked evict-last that hit","1"
"lts__t_requests_evict_last_lookup_miss","Counter","request","# of LTS requests marked evict-last that missed","1"
"lts__t_requests_evict_normal","Counter","request","# of LTS requests marked evict-normal (LRU)","1"
"lts__t_requests_evict_normal_demote","Counter","request","# of LTS requests marked evict-normal-demote","1"
"lts__t_requests_evict_normal_demote_lookup_hit","Counter","request","# of LTS requests marked evict-normal-demote that hit","1"
"lts__t_requests_evict_normal_demote_lookup_miss","Counter","request","# of LTS requests marked evict-normal-demote that missed","1"
"lts__t_requests_evict_normal_lookup_hit","Counter","request","# of LTS requests marked evict-normal (LRU) that hit","1"
"lts__t_requests_evict_normal_lookup_miss","Counter","request","# of LTS requests marked evict-normal (LRU) that missed","1"
"lts__t_requests_lookup_hit","Counter","request","# of LTS requests that hit","1"
"lts__t_requests_lookup_miss","Counter","request","# of LTS requests that missed","1"
"lts__t_requests_op_atom","Counter","request","# of LTS requests for all atomics","1"
"lts__t_requests_op_atom_dot_alu","Counter","request","# of LTS requests for atomic ALU (non-CAS)","1"
"lts__t_requests_op_atom_dot_alu_lookup_hit","Counter","request","# of LTS requests for atomic ALU (non-CAS) that hit","1"
"lts__t_requests_op_atom_dot_cas","Counter","request","# of LTS requests for atomic CAS","1"
"lts__t_requests_op_atom_dot_cas_lookup_hit","Counter","request","# of LTS requests for atomic CAS that hit","1"
"lts__t_requests_op_atom_evict_first","Counter","request","# of LTS requests for all atomics marked evict-first","1"
"lts__t_requests_op_atom_evict_first_lookup_hit","Counter","request","# of LTS requests for all atomics marked evict-first that hit","1"
"lts__t_requests_op_atom_evict_first_lookup_miss","Counter","request","# of LTS requests for all atomics marked evict-first that missed","1"
"lts__t_requests_op_atom_evict_last","Counter","request","# of LTS requests for all atomics marked evict-last","1"
"lts__t_requests_op_atom_evict_last_lookup_hit","Counter","request","# of LTS requests for all atomics marked evict-last that hit","1"
"lts__t_requests_op_atom_evict_last_lookup_miss","Counter","request","# of LTS requests for all atomics marked evict-last that missed","1"
"lts__t_requests_op_atom_evict_normal","Counter","request","# of LTS requests for all atomics marked evict-normal (LRU)","1"
"lts__t_requests_op_atom_evict_normal_demote","Counter","request","# of LTS requests for all atomics marked evict-normal-demote","1"
"lts__t_requests_op_atom_evict_normal_demote_lookup_hit","Counter","request","# of LTS requests for all atomics marked evict-normal-demote that hit","1"
"lts__t_requests_op_atom_evict_normal_demote_lookup_miss","Counter","request","# of LTS requests for all atomics marked evict-normal-demote that missed","1"
"lts__t_requests_op_atom_evict_normal_lookup_hit","Counter","request","# of LTS requests for all atomics marked evict-normal (LRU) that hit","1"
"lts__t_requests_op_atom_evict_normal_lookup_miss","Counter","request","# of LTS requests for all atomics marked evict-normal (LRU) that missed","1"
"lts__t_requests_op_atom_lookup_hit","Counter","request","# of LTS requests for all atomics that hit","1"
"lts__t_requests_op_atom_lookup_miss","Counter","request","# of LTS requests for all atomics that missed","1"
"lts__t_requests_op_membar","Counter","request","# of LTS requests for memory barriers","1"
"lts__t_requests_op_membar_evict_first","Counter","request","# of LTS requests for memory barriers marked evict-first","1"
"lts__t_requests_op_membar_evict_first_lookup_hit","Counter","request","# of LTS requests for memory barriers marked evict-first that hit","1"
"lts__t_requests_op_membar_evict_first_lookup_miss","Counter","request","# of LTS requests for memory barriers marked evict-first that missed","1"
"lts__t_requests_op_membar_evict_last","Counter","request","# of LTS requests for memory barriers marked evict-last","1"
"lts__t_requests_op_membar_evict_last_lookup_hit","Counter","request","# of LTS requests for memory barriers marked evict-last that hit","1"
"lts__t_requests_op_membar_evict_last_lookup_miss","Counter","request","# of LTS requests for memory barriers marked evict-last that missed","1"
"lts__t_requests_op_membar_evict_normal","Counter","request","# of LTS requests for memory barriers marked evict-normal (LRU)","1"
"lts__t_requests_op_membar_evict_normal_demote","Counter","request","# of LTS requests for memory barriers marked evict-normal-demote","1"
"lts__t_requests_op_membar_evict_normal_demote_lookup_hit","Counter","request","# of LTS requests for memory barriers marked evict-normal-demote that hit","1"
"lts__t_requests_op_membar_evict_normal_demote_lookup_miss","Counter","request","# of LTS requests for memory barriers marked evict-normal-demote that missed","1"
"lts__t_requests_op_membar_evict_normal_lookup_hit","Counter","request","# of LTS requests for memory barriers marked evict-normal (LRU) that hit","1"
"lts__t_requests_op_membar_evict_normal_lookup_miss","Counter","request","# of LTS requests for memory barriers marked evict-normal (LRU) that missed","1"
"lts__t_requests_op_membar_lookup_hit","Counter","request","# of LTS requests for memory barriers that hit","1"
"lts__t_requests_op_membar_lookup_miss","Counter","request","# of LTS requests for memory barriers that missed","1"
"lts__t_requests_op_read","Counter","request","# of LTS requests for reads","1"
"lts__t_requests_op_read_evict_first","Counter","request","# of LTS requests for reads marked evict-first","1"
"lts__t_requests_op_read_evict_first_lookup_hit","Counter","request","# of LTS requests for reads marked evict-first that hit","1"
"lts__t_requests_op_read_evict_first_lookup_miss","Counter","request","# of LTS requests for reads marked evict-first that missed","1"
"lts__t_requests_op_read_evict_last","Counter","request","# of LTS requests for reads marked evict-last","1"
"lts__t_requests_op_read_evict_last_lookup_hit","Counter","request","# of LTS requests for reads marked evict-last that hit","1"
"lts__t_requests_op_read_evict_last_lookup_miss","Counter","request","# of LTS requests for reads marked evict-last that missed","1"
"lts__t_requests_op_read_evict_normal","Counter","request","# of LTS requests for reads marked evict-normal (LRU)","1"
"lts__t_requests_op_read_evict_normal_demote","Counter","request","# of LTS requests for reads marked evict-normal-demote","1"
"lts__t_requests_op_read_evict_normal_demote_lookup_hit","Counter","request","# of LTS requests for reads marked evict-normal-demote that hit","1"
"lts__t_requests_op_read_evict_normal_demote_lookup_miss","Counter","request","# of LTS requests for reads marked evict-normal-demote that missed","1"
"lts__t_requests_op_read_evict_normal_lookup_hit","Counter","request","# of LTS requests for reads marked evict-normal (LRU) that hit","1"
"lts__t_requests_op_read_evict_normal_lookup_miss","Counter","request","# of LTS requests for reads marked evict-normal (LRU) that missed","1"
"lts__t_requests_op_read_lookup_hit","Counter","request","# of LTS requests for reads that hit","1"
"lts__t_requests_op_read_lookup_miss","Counter","request","# of LTS requests for reads that missed","1"
"lts__t_requests_op_red","Counter","request","# of LTS requests for reductions","1"
"lts__t_requests_op_red_lookup_hit","Counter","request","# of LTS requests for reductions that hit","1"
"lts__t_requests_op_red_lookup_miss","Counter","request","# of LTS requests for reductions that missed","1"
"lts__t_requests_op_write","Counter","request","# of LTS requests for writes","1"
"lts__t_requests_op_write_evict_first","Counter","request","# of LTS requests for writes marked evict-first","1"
"lts__t_requests_op_write_evict_first_lookup_hit","Counter","request","# of LTS requests for writes marked evict-first that hit","1"
"lts__t_requests_op_write_evict_first_lookup_miss","Counter","request","# of LTS requests for writes marked evict-first that missed","1"
"lts__t_requests_op_write_evict_last","Counter","request","# of LTS requests for writes marked evict-last","1"
"lts__t_requests_op_write_evict_last_lookup_hit","Counter","request","# of LTS requests for writes marked evict-last that hit","1"
"lts__t_requests_op_write_evict_last_lookup_miss","Counter","request","# of LTS requests for writes marked evict-last that missed","1"
"lts__t_requests_op_write_evict_normal","Counter","request","# of LTS requests for writes marked evict-normal (LRU)","1"
"lts__t_requests_op_write_evict_normal_demote","Counter","request","# of LTS requests for writes marked evict-normal-demote","1"
"lts__t_requests_op_write_evict_normal_demote_lookup_hit","Counter","request","# of LTS requests for writes marked evict-normal-demote that hit","1"
"lts__t_requests_op_write_evict_normal_demote_lookup_miss","Counter","request","# of LTS requests for writes marked evict-normal-demote that missed","1"
"lts__t_requests_op_write_evict_normal_lookup_hit","Counter","request","# of LTS requests for writes marked evict-normal (LRU) that hit","1"
"lts__t_requests_op_write_evict_normal_lookup_miss","Counter","request","# of LTS requests for writes marked evict-normal (LRU) that missed","1"
"lts__t_requests_op_write_lookup_hit","Counter","request","# of LTS requests for writes that hit","1"
"lts__t_requests_op_write_lookup_miss","Counter","request","# of LTS requests for writes that missed","1"
"lts__t_requests_srcnode_gpc","Counter","request","# of LTS requests from node GPC","1"
"lts__t_requests_srcnode_gpc_aperture_device","Counter","request","# of LTS requests from node GPC accessing device memory (vidmem)","1"
"lts__t_requests_srcnode_gpc_aperture_device_evict_first","Counter","request","# of LTS requests from node GPC accessing device memory (vidmem) marked evict-first","1"
"lts__t_requests_srcnode_gpc_aperture_device_evict_first_lookup_hit","Counter","request","# of LTS requests from node GPC accessing device memory (vidmem) marked evict-first that hit","1"
"lts__t_requests_srcnode_gpc_aperture_device_evict_first_lookup_miss","Counter","request","# of LTS requests from node GPC accessing device memory (vidmem) marked evict-first that missed","1"
"lts__t_requests_srcnode_gpc_aperture_device_evict_last","Counter","request","# of LTS requests from node GPC accessing device memory (vidmem) marked evict-last","1"
"lts__t_requests_srcnode_gpc_aperture_device_evict_last_lookup_hit","Counter","request","# of LTS requests from node GPC accessing device memory (vidmem) marked evict-last that hit","1"
"lts__t_requests_srcnode_gpc_aperture_device_evict_last_lookup_miss","Counter","request","# of LTS requests from node GPC accessing device memory (vidmem) marked evict-last that missed","1"
"lts__t_requests_srcnode_gpc_aperture_device_evict_normal","Counter","request","# of LTS requests from node GPC accessing device memory (vidmem) marked evict-normal (LRU)","1"
"lts__t_requests_srcnode_gpc_aperture_device_evict_normal_demote","Counter","request","# of LTS requests from node GPC accessing device memory (vidmem) marked evict-normal-demote","1"
"lts__t_requests_srcnode_gpc_aperture_device_evict_normal_demote_lookup_hit","Counter","request","# of LTS requests from node GPC accessing device memory (vidmem) marked evict-normal-demote that hit","1"
"lts__t_requests_srcnode_gpc_aperture_device_evict_normal_demote_lookup_miss","Counter","request","# of LTS requests from node GPC accessing device memory (vidmem) marked evict-normal-demote that missed","1"
"lts__t_requests_srcnode_gpc_aperture_device_evict_normal_lookup_hit","Counter","request","# of LTS requests from node GPC accessing device memory (vidmem) marked evict-normal (LRU) that hit","1"
"lts__t_requests_srcnode_gpc_aperture_device_evict_normal_lookup_miss","Counter","request","# of LTS requests from node GPC accessing device memory (vidmem) marked evict-normal (LRU) that missed","1"
"lts__t_requests_srcnode_gpc_aperture_device_lookup_hit","Counter","request","# of LTS requests from node GPC accessing device memory (vidmem) that hit","1"
"lts__t_requests_srcnode_gpc_aperture_device_lookup_miss","Counter","request","# of LTS requests from node GPC accessing device memory (vidmem) that missed","1"
"lts__t_requests_srcnode_gpc_aperture_device_op_atom","Counter","request","# of LTS requests from node GPC accessing device memory (vidmem) for all atomics","1"
"lts__t_requests_srcnode_gpc_aperture_device_op_atom_dot_alu","Counter","request","# of LTS requests from node GPC accessing device memory (vidmem) for atomic ALU (non-CAS)","1"
"lts__t_requests_srcnode_gpc_aperture_device_op_atom_dot_alu_lookup_hit","Counter","request","# of LTS requests from node GPC accessing device memory (vidmem) for atomic ALU (non-CAS) that hit","1"
"lts__t_requests_srcnode_gpc_aperture_device_op_atom_dot_cas","Counter","request","# of LTS requests from node GPC accessing device memory (vidmem) for atomic CAS","1"
"lts__t_requests_srcnode_gpc_aperture_device_op_atom_dot_cas_lookup_hit","Counter","request","# of LTS requests from node GPC accessing device memory (vidmem) for atomic CAS that hit","1"
"lts__t_requests_srcnode_gpc_aperture_device_op_atom_lookup_hit","Counter","request","# of LTS requests from node GPC accessing device memory (vidmem) for all atomics that hit","1"
"lts__t_requests_srcnode_gpc_aperture_device_op_atom_lookup_miss","Counter","request","# of LTS requests from node GPC accessing device memory (vidmem) for all atomics that missed","1"
"lts__t_requests_srcnode_gpc_aperture_device_op_membar","Counter","request","# of LTS requests from node GPC accessing device memory (vidmem) for memory barriers","1"
"lts__t_requests_srcnode_gpc_aperture_device_op_membar_lookup_hit","Counter","request","# of LTS requests from node GPC accessing device memory (vidmem) for memory barriers that hit","1"
"lts__t_requests_srcnode_gpc_aperture_device_op_membar_lookup_miss","Counter","request","# of LTS requests from node GPC accessing device memory (vidmem) for memory barriers that missed","1"
"lts__t_requests_srcnode_gpc_aperture_device_op_read","Counter","request","# of LTS requests from node GPC accessing device memory (vidmem) for reads","1"
"lts__t_requests_srcnode_gpc_aperture_device_op_read_lookup_hit","Counter","request","# of LTS requests from node GPC accessing device memory (vidmem) for reads that hit","1"
"lts__t_requests_srcnode_gpc_aperture_device_op_read_lookup_miss","Counter","request","# of LTS requests from node GPC accessing device memory (vidmem) for reads that missed","1"
"lts__t_requests_srcnode_gpc_aperture_device_op_red","Counter","request","# of LTS requests from node GPC accessing device memory (vidmem) for reductions","1"
"lts__t_requests_srcnode_gpc_aperture_device_op_red_lookup_hit","Counter","request","# of LTS requests from node GPC accessing device memory (vidmem) for reductions that hit","1"
"lts__t_requests_srcnode_gpc_aperture_device_op_red_lookup_miss","Counter","request","# of LTS requests from node GPC accessing device memory (vidmem) for reductions that missed","1"
"lts__t_requests_srcnode_gpc_aperture_device_op_write","Counter","request","# of LTS requests from node GPC accessing device memory (vidmem) for writes","1"
"lts__t_requests_srcnode_gpc_aperture_device_op_write_lookup_hit","Counter","request","# of LTS requests from node GPC accessing device memory (vidmem) for writes that hit","1"
"lts__t_requests_srcnode_gpc_aperture_device_op_write_lookup_miss","Counter","request","# of LTS requests from node GPC accessing device memory (vidmem) for writes that missed","1"
"lts__t_requests_srcnode_gpc_aperture_peer","Counter","request","# of LTS requests from node GPC accessing peer memory (peermem)","1"
"lts__t_requests_srcnode_gpc_aperture_peer_evict_first","Counter","request","# of LTS requests from node GPC accessing peer memory (peermem) marked evict-first","1"
"lts__t_requests_srcnode_gpc_aperture_peer_evict_first_lookup_hit","Counter","request","# of LTS requests from node GPC accessing peer memory (peermem) marked evict-first that hit","1"
"lts__t_requests_srcnode_gpc_aperture_peer_evict_first_lookup_miss","Counter","request","# of LTS requests from node GPC accessing peer memory (peermem) marked evict-first that missed","1"
"lts__t_requests_srcnode_gpc_aperture_peer_evict_last","Counter","request","# of LTS requests from node GPC accessing peer memory (peermem) marked evict-last","1"
"lts__t_requests_srcnode_gpc_aperture_peer_evict_last_lookup_hit","Counter","request","# of LTS requests from node GPC accessing peer memory (peermem) marked evict-last that hit","1"
"lts__t_requests_srcnode_gpc_aperture_peer_evict_last_lookup_miss","Counter","request","# of LTS requests from node GPC accessing peer memory (peermem) marked evict-last that missed","1"
"lts__t_requests_srcnode_gpc_aperture_peer_evict_normal","Counter","request","# of LTS requests from node GPC accessing peer memory (peermem) marked evict-normal (LRU)","1"
"lts__t_requests_srcnode_gpc_aperture_peer_evict_normal_demote","Counter","request","# of LTS requests from node GPC accessing peer memory (peermem) marked evict-normal-demote","1"
"lts__t_requests_srcnode_gpc_aperture_peer_evict_normal_demote_lookup_hit","Counter","request","# of LTS requests from node GPC accessing peer memory (peermem) marked evict-normal-demote that hit","1"
"lts__t_requests_srcnode_gpc_aperture_peer_evict_normal_demote_lookup_miss","Counter","request","# of LTS requests from node GPC accessing peer memory (peermem) marked evict-normal-demote that missed","1"
"lts__t_requests_srcnode_gpc_aperture_peer_evict_normal_lookup_hit","Counter","request","# of LTS requests from node GPC accessing peer memory (peermem) marked evict-normal (LRU) that hit","1"
"lts__t_requests_srcnode_gpc_aperture_peer_evict_normal_lookup_miss","Counter","request","# of LTS requests from node GPC accessing peer memory (peermem) marked evict-normal (LRU) that missed","1"
"lts__t_requests_srcnode_gpc_aperture_peer_lookup_hit","Counter","request","# of LTS requests from node GPC accessing peer memory (peermem) that hit","1"
"lts__t_requests_srcnode_gpc_aperture_peer_lookup_miss","Counter","request","# of LTS requests from node GPC accessing peer memory (peermem) that missed","1"
"lts__t_requests_srcnode_gpc_aperture_peer_op_atom","Counter","request","# of LTS requests from node GPC accessing peer memory (peermem) for all atomics","1"
"lts__t_requests_srcnode_gpc_aperture_peer_op_atom_dot_alu","Counter","request","# of LTS requests from node GPC accessing peer memory (peermem) for atomic ALU (non-CAS)","1"
"lts__t_requests_srcnode_gpc_aperture_peer_op_atom_dot_alu_lookup_hit","Counter","request","# of LTS requests from node GPC accessing peer memory (peermem) for atomic ALU (non-CAS) that hit","1"
"lts__t_requests_srcnode_gpc_aperture_peer_op_atom_dot_cas","Counter","request","# of LTS requests from node GPC accessing peer memory (peermem) for atomic CAS","1"
"lts__t_requests_srcnode_gpc_aperture_peer_op_atom_dot_cas_lookup_hit","Counter","request","# of LTS requests from node GPC accessing peer memory (peermem) for atomic CAS that hit","1"
"lts__t_requests_srcnode_gpc_aperture_peer_op_atom_lookup_hit","Counter","request","# of LTS requests from node GPC accessing peer memory (peermem) for all atomics that hit","1"
"lts__t_requests_srcnode_gpc_aperture_peer_op_atom_lookup_miss","Counter","request","# of LTS requests from node GPC accessing peer memory (peermem) for all atomics that missed","1"
"lts__t_requests_srcnode_gpc_aperture_peer_op_membar","Counter","request","# of LTS requests from node GPC accessing peer memory (peermem) for memory barriers","1"
"lts__t_requests_srcnode_gpc_aperture_peer_op_membar_lookup_hit","Counter","request","# of LTS requests from node GPC accessing peer memory (peermem) for memory barriers that hit","1"
"lts__t_requests_srcnode_gpc_aperture_peer_op_membar_lookup_miss","Counter","request","# of LTS requests from node GPC accessing peer memory (peermem) for memory barriers that missed","1"
"lts__t_requests_srcnode_gpc_aperture_peer_op_read","Counter","request","# of LTS requests from node GPC accessing peer memory (peermem) for reads","1"
"lts__t_requests_srcnode_gpc_aperture_peer_op_read_lookup_hit","Counter","request","# of LTS requests from node GPC accessing peer memory (peermem) for reads that hit","1"
"lts__t_requests_srcnode_gpc_aperture_peer_op_read_lookup_miss","Counter","request","# of LTS requests from node GPC accessing peer memory (peermem) for reads that missed","1"
"lts__t_requests_srcnode_gpc_aperture_peer_op_red","Counter","request","# of LTS requests from node GPC accessing peer memory (peermem) for reductions","1"
"lts__t_requests_srcnode_gpc_aperture_peer_op_red_lookup_hit","Counter","request","# of LTS requests from node GPC accessing peer memory (peermem) for reductions that hit","1"
"lts__t_requests_srcnode_gpc_aperture_peer_op_red_lookup_miss","Counter","request","# of LTS requests from node GPC accessing peer memory (peermem) for reductions that missed","1"
"lts__t_requests_srcnode_gpc_aperture_peer_op_write","Counter","request","# of LTS requests from node GPC accessing peer memory (peermem) for writes","1"
"lts__t_requests_srcnode_gpc_aperture_peer_op_write_lookup_hit","Counter","request","# of LTS requests from node GPC accessing peer memory (peermem) for writes that hit","1"
"lts__t_requests_srcnode_gpc_aperture_peer_op_write_lookup_miss","Counter","request","# of LTS requests from node GPC accessing peer memory (peermem) for writes that missed","1"
"lts__t_requests_srcnode_gpc_aperture_sysmem","Counter","request","# of LTS requests from node GPC accessing system memory (sysmem)","1"
"lts__t_requests_srcnode_gpc_aperture_sysmem_evict_first","Counter","request","# of LTS requests from node GPC accessing system memory (sysmem) marked evict-first","1"
"lts__t_requests_srcnode_gpc_aperture_sysmem_evict_first_lookup_hit","Counter","request","# of LTS requests from node GPC accessing system memory (sysmem) marked evict-first that hit","1"
"lts__t_requests_srcnode_gpc_aperture_sysmem_evict_first_lookup_miss","Counter","request","# of LTS requests from node GPC accessing system memory (sysmem) marked evict-first that missed","1"
"lts__t_requests_srcnode_gpc_aperture_sysmem_evict_last","Counter","request","# of LTS requests from node GPC accessing system memory (sysmem) marked evict-last","1"
"lts__t_requests_srcnode_gpc_aperture_sysmem_evict_last_lookup_hit","Counter","request","# of LTS requests from node GPC accessing system memory (sysmem) marked evict-last that hit","1"
"lts__t_requests_srcnode_gpc_aperture_sysmem_evict_last_lookup_miss","Counter","request","# of LTS requests from node GPC accessing system memory (sysmem) marked evict-last that missed","1"
"lts__t_requests_srcnode_gpc_aperture_sysmem_evict_normal","Counter","request","# of LTS requests from node GPC accessing system memory (sysmem) marked evict-normal (LRU)","1"
"lts__t_requests_srcnode_gpc_aperture_sysmem_evict_normal_demote","Counter","request","# of LTS requests from node GPC accessing system memory (sysmem) marked evict-normal-demote","1"
"lts__t_requests_srcnode_gpc_aperture_sysmem_evict_normal_demote_lookup_hit","Counter","request","# of LTS requests from node GPC accessing system memory (sysmem) marked evict-normal-demote that hit","1"
"lts__t_requests_srcnode_gpc_aperture_sysmem_evict_normal_demote_lookup_miss","Counter","request","# of LTS requests from node GPC accessing system memory (sysmem) marked evict-normal-demote that missed","1"
"lts__t_requests_srcnode_gpc_aperture_sysmem_evict_normal_lookup_hit","Counter","request","# of LTS requests from node GPC accessing system memory (sysmem) marked evict-normal (LRU) that hit","1"
"lts__t_requests_srcnode_gpc_aperture_sysmem_evict_normal_lookup_miss","Counter","request","# of LTS requests from node GPC accessing system memory (sysmem) marked evict-normal (LRU) that missed","1"
"lts__t_requests_srcnode_gpc_aperture_sysmem_lookup_hit","Counter","request","# of LTS requests from node GPC accessing system memory (sysmem) that hit","1"
"lts__t_requests_srcnode_gpc_aperture_sysmem_lookup_miss","Counter","request","# of LTS requests from node GPC accessing system memory (sysmem) that missed","1"
"lts__t_requests_srcnode_gpc_aperture_sysmem_op_atom","Counter","request","# of LTS requests from node GPC accessing system memory (sysmem) for all atomics","1"
"lts__t_requests_srcnode_gpc_aperture_sysmem_op_atom_dot_alu","Counter","request","# of LTS requests from node GPC accessing system memory (sysmem) for atomic ALU (non-CAS)","1"
"lts__t_requests_srcnode_gpc_aperture_sysmem_op_atom_dot_alu_lookup_hit","Counter","request","# of LTS requests from node GPC accessing system memory (sysmem) for atomic ALU (non-CAS) that hit","1"
"lts__t_requests_srcnode_gpc_aperture_sysmem_op_atom_dot_cas","Counter","request","# of LTS requests from node GPC accessing system memory (sysmem) for atomic CAS","1"
"lts__t_requests_srcnode_gpc_aperture_sysmem_op_atom_dot_cas_lookup_hit","Counter","request","# of LTS requests from node GPC accessing system memory (sysmem) for atomic CAS that hit","1"
"lts__t_requests_srcnode_gpc_aperture_sysmem_op_atom_lookup_hit","Counter","request","# of LTS requests from node GPC accessing system memory (sysmem) for all atomics that hit","1"
"lts__t_requests_srcnode_gpc_aperture_sysmem_op_atom_lookup_miss","Counter","request","# of LTS requests from node GPC accessing system memory (sysmem) for all atomics that missed","1"
"lts__t_requests_srcnode_gpc_aperture_sysmem_op_membar","Counter","request","# of LTS requests from node GPC accessing system memory (sysmem) for memory barriers","1"
"lts__t_requests_srcnode_gpc_aperture_sysmem_op_membar_lookup_hit","Counter","request","# of LTS requests from node GPC accessing system memory (sysmem) for memory barriers that hit","1"
"lts__t_requests_srcnode_gpc_aperture_sysmem_op_membar_lookup_miss","Counter","request","# of LTS requests from node GPC accessing system memory (sysmem) for memory barriers that missed","1"
"lts__t_requests_srcnode_gpc_aperture_sysmem_op_read","Counter","request","# of LTS requests from node GPC accessing system memory (sysmem) for reads","1"
"lts__t_requests_srcnode_gpc_aperture_sysmem_op_read_lookup_hit","Counter","request","# of LTS requests from node GPC accessing system memory (sysmem) for reads that hit","1"
"lts__t_requests_srcnode_gpc_aperture_sysmem_op_read_lookup_miss","Counter","request","# of LTS requests from node GPC accessing system memory (sysmem) for reads that missed","1"
"lts__t_requests_srcnode_gpc_aperture_sysmem_op_red","Counter","request","# of LTS requests from node GPC accessing system memory (sysmem) for reductions","1"
"lts__t_requests_srcnode_gpc_aperture_sysmem_op_red_lookup_hit","Counter","request","# of LTS requests from node GPC accessing system memory (sysmem) for reductions that hit","1"
"lts__t_requests_srcnode_gpc_aperture_sysmem_op_red_lookup_miss","Counter","request","# of LTS requests from node GPC accessing system memory (sysmem) for reductions that missed","1"
"lts__t_requests_srcnode_gpc_aperture_sysmem_op_write","Counter","request","# of LTS requests from node GPC accessing system memory (sysmem) for writes","1"
"lts__t_requests_srcnode_gpc_aperture_sysmem_op_write_lookup_hit","Counter","request","# of LTS requests from node GPC accessing system memory (sysmem) for writes that hit","1"
"lts__t_requests_srcnode_gpc_aperture_sysmem_op_write_lookup_miss","Counter","request","# of LTS requests from node GPC accessing system memory (sysmem) for writes that missed","1"
"lts__t_requests_srcnode_gpc_evict_first","Counter","request","# of LTS requests from node GPC marked evict-first","1"
"lts__t_requests_srcnode_gpc_evict_first_lookup_hit","Counter","request","# of LTS requests from node GPC marked evict-first that hit","1"
"lts__t_requests_srcnode_gpc_evict_first_lookup_miss","Counter","request","# of LTS requests from node GPC marked evict-first that missed","1"
"lts__t_requests_srcnode_gpc_evict_last","Counter","request","# of LTS requests from node GPC marked evict-last","1"
"lts__t_requests_srcnode_gpc_evict_last_lookup_hit","Counter","request","# of LTS requests from node GPC marked evict-last that hit","1"
"lts__t_requests_srcnode_gpc_evict_last_lookup_miss","Counter","request","# of LTS requests from node GPC marked evict-last that missed","1"
"lts__t_requests_srcnode_gpc_evict_normal","Counter","request","# of LTS requests from node GPC marked evict-normal (LRU)","1"
"lts__t_requests_srcnode_gpc_evict_normal_demote","Counter","request","# of LTS requests from node GPC marked evict-normal-demote","1"
"lts__t_requests_srcnode_gpc_evict_normal_demote_lookup_hit","Counter","request","# of LTS requests from node GPC marked evict-normal-demote that hit","1"
"lts__t_requests_srcnode_gpc_evict_normal_demote_lookup_miss","Counter","request","# of LTS requests from node GPC marked evict-normal-demote that missed","1"
"lts__t_requests_srcnode_gpc_evict_normal_lookup_hit","Counter","request","# of LTS requests from node GPC marked evict-normal (LRU) that hit","1"
"lts__t_requests_srcnode_gpc_evict_normal_lookup_miss","Counter","request","# of LTS requests from node GPC marked evict-normal (LRU) that missed","1"
"lts__t_requests_srcnode_gpc_lookup_hit","Counter","request","# of LTS requests from node GPC that hit","1"
"lts__t_requests_srcnode_gpc_lookup_miss","Counter","request","# of LTS requests from node GPC that missed","1"
"lts__t_requests_srcnode_gpc_op_atom","Counter","request","# of LTS requests from node GPC for all atomics","1"
"lts__t_requests_srcnode_gpc_op_atom_dot_alu","Counter","request","# of LTS requests from node GPC for atomic ALU (non-CAS)","1"
"lts__t_requests_srcnode_gpc_op_atom_dot_alu_lookup_hit","Counter","request","# of LTS requests from node GPC for atomic ALU (non-CAS) that hit","1"
"lts__t_requests_srcnode_gpc_op_atom_dot_cas","Counter","request","# of LTS requests from node GPC for atomic CAS","1"
"lts__t_requests_srcnode_gpc_op_atom_dot_cas_lookup_hit","Counter","request","# of LTS requests from node GPC for atomic CAS that hit","1"
"lts__t_requests_srcnode_gpc_op_atom_evict_first","Counter","request","# of LTS requests from node GPC for all atomics marked evict-first","1"
"lts__t_requests_srcnode_gpc_op_atom_evict_first_lookup_hit","Counter","request","# of LTS requests from node GPC for all atomics marked evict-first that hit","1"
"lts__t_requests_srcnode_gpc_op_atom_evict_first_lookup_miss","Counter","request","# of LTS requests from node GPC for all atomics marked evict-first that missed","1"
"lts__t_requests_srcnode_gpc_op_atom_evict_last","Counter","request","# of LTS requests from node GPC for all atomics marked evict-last","1"
"lts__t_requests_srcnode_gpc_op_atom_evict_last_lookup_hit","Counter","request","# of LTS requests from node GPC for all atomics marked evict-last that hit","1"
"lts__t_requests_srcnode_gpc_op_atom_evict_last_lookup_miss","Counter","request","# of LTS requests from node GPC for all atomics marked evict-last that missed","1"
"lts__t_requests_srcnode_gpc_op_atom_evict_normal","Counter","request","# of LTS requests from node GPC for all atomics marked evict-normal (LRU)","1"
"lts__t_requests_srcnode_gpc_op_atom_evict_normal_demote","Counter","request","# of LTS requests from node GPC for all atomics marked evict-normal-demote","1"
"lts__t_requests_srcnode_gpc_op_atom_evict_normal_demote_lookup_hit","Counter","request","# of LTS requests from node GPC for all atomics marked evict-normal-demote that hit","1"
"lts__t_requests_srcnode_gpc_op_atom_evict_normal_demote_lookup_miss","Counter","request","# of LTS requests from node GPC for all atomics marked evict-normal-demote that missed","1"
"lts__t_requests_srcnode_gpc_op_atom_evict_normal_lookup_hit","Counter","request","# of LTS requests from node GPC for all atomics marked evict-normal (LRU) that hit","1"
"lts__t_requests_srcnode_gpc_op_atom_evict_normal_lookup_miss","Counter","request","# of LTS requests from node GPC for all atomics marked evict-normal (LRU) that missed","1"
"lts__t_requests_srcnode_gpc_op_atom_lookup_hit","Counter","request","# of LTS requests from node GPC for all atomics that hit","1"
"lts__t_requests_srcnode_gpc_op_atom_lookup_miss","Counter","request","# of LTS requests from node GPC for all atomics that missed","1"
"lts__t_requests_srcnode_gpc_op_membar","Counter","request","# of LTS requests from node GPC for memory barriers","1"
"lts__t_requests_srcnode_gpc_op_membar_evict_first","Counter","request","# of LTS requests from node GPC for memory barriers marked evict-first","1"
"lts__t_requests_srcnode_gpc_op_membar_evict_first_lookup_hit","Counter","request","# of LTS requests from node GPC for memory barriers marked evict-first that hit","1"
"lts__t_requests_srcnode_gpc_op_membar_evict_first_lookup_miss","Counter","request","# of LTS requests from node GPC for memory barriers marked evict-first that missed","1"
"lts__t_requests_srcnode_gpc_op_membar_evict_last","Counter","request","# of LTS requests from node GPC for memory barriers marked evict-last","1"
"lts__t_requests_srcnode_gpc_op_membar_evict_last_lookup_hit","Counter","request","# of LTS requests from node GPC for memory barriers marked evict-last that hit","1"
"lts__t_requests_srcnode_gpc_op_membar_evict_last_lookup_miss","Counter","request","# of LTS requests from node GPC for memory barriers marked evict-last that missed","1"
"lts__t_requests_srcnode_gpc_op_membar_evict_normal","Counter","request","# of LTS requests from node GPC for memory barriers marked evict-normal (LRU)","1"
"lts__t_requests_srcnode_gpc_op_membar_evict_normal_demote","Counter","request","# of LTS requests from node GPC for memory barriers marked evict-normal-demote","1"
"lts__t_requests_srcnode_gpc_op_membar_evict_normal_demote_lookup_hit","Counter","request","# of LTS requests from node GPC for memory barriers marked evict-normal-demote that hit","1"
"lts__t_requests_srcnode_gpc_op_membar_evict_normal_demote_lookup_miss","Counter","request","# of LTS requests from node GPC for memory barriers marked evict-normal-demote that missed","1"
"lts__t_requests_srcnode_gpc_op_membar_evict_normal_lookup_hit","Counter","request","# of LTS requests from node GPC for memory barriers marked evict-normal (LRU) that hit","1"
"lts__t_requests_srcnode_gpc_op_membar_evict_normal_lookup_miss","Counter","request","# of LTS requests from node GPC for memory barriers marked evict-normal (LRU) that missed","1"
"lts__t_requests_srcnode_gpc_op_membar_lookup_hit","Counter","request","# of LTS requests from node GPC for memory barriers that hit","1"
"lts__t_requests_srcnode_gpc_op_membar_lookup_miss","Counter","request","# of LTS requests from node GPC for memory barriers that missed","1"
"lts__t_requests_srcnode_gpc_op_read","Counter","request","# of LTS requests from node GPC for reads","1"
"lts__t_requests_srcnode_gpc_op_read_evict_first","Counter","request","# of LTS requests from node GPC for reads marked evict-first","1"
"lts__t_requests_srcnode_gpc_op_read_evict_first_lookup_hit","Counter","request","# of LTS requests from node GPC for reads marked evict-first that hit","1"
"lts__t_requests_srcnode_gpc_op_read_evict_first_lookup_miss","Counter","request","# of LTS requests from node GPC for reads marked evict-first that missed","1"
"lts__t_requests_srcnode_gpc_op_read_evict_last","Counter","request","# of LTS requests from node GPC for reads marked evict-last","1"
"lts__t_requests_srcnode_gpc_op_read_evict_last_lookup_hit","Counter","request","# of LTS requests from node GPC for reads marked evict-last that hit","1"
"lts__t_requests_srcnode_gpc_op_read_evict_last_lookup_miss","Counter","request","# of LTS requests from node GPC for reads marked evict-last that missed","1"
"lts__t_requests_srcnode_gpc_op_read_evict_normal","Counter","request","# of LTS requests from node GPC for reads marked evict-normal (LRU)","1"
"lts__t_requests_srcnode_gpc_op_read_evict_normal_demote","Counter","request","# of LTS requests from node GPC for reads marked evict-normal-demote","1"
"lts__t_requests_srcnode_gpc_op_read_evict_normal_demote_lookup_hit","Counter","request","# of LTS requests from node GPC for reads marked evict-normal-demote that hit","1"
"lts__t_requests_srcnode_gpc_op_read_evict_normal_demote_lookup_miss","Counter","request","# of LTS requests from node GPC for reads marked evict-normal-demote that missed","1"
"lts__t_requests_srcnode_gpc_op_read_evict_normal_lookup_hit","Counter","request","# of LTS requests from node GPC for reads marked evict-normal (LRU) that hit","1"
"lts__t_requests_srcnode_gpc_op_read_evict_normal_lookup_miss","Counter","request","# of LTS requests from node GPC for reads marked evict-normal (LRU) that missed","1"
"lts__t_requests_srcnode_gpc_op_read_lookup_hit","Counter","request","# of LTS requests from node GPC for reads that hit","1"
"lts__t_requests_srcnode_gpc_op_read_lookup_miss","Counter","request","# of LTS requests from node GPC for reads that missed","1"
"lts__t_requests_srcnode_gpc_op_red","Counter","request","# of LTS requests from node GPC for reductions","1"
"lts__t_requests_srcnode_gpc_op_red_lookup_hit","Counter","request","# of LTS requests from node GPC for reductions that hit","1"
"lts__t_requests_srcnode_gpc_op_red_lookup_miss","Counter","request","# of LTS requests from node GPC for reductions that missed","1"
"lts__t_requests_srcnode_gpc_op_write","Counter","request","# of LTS requests from node GPC for writes","1"
"lts__t_requests_srcnode_gpc_op_write_evict_first","Counter","request","# of LTS requests from node GPC for writes marked evict-first","1"
"lts__t_requests_srcnode_gpc_op_write_evict_first_lookup_hit","Counter","request","# of LTS requests from node GPC for writes marked evict-first that hit","1"
"lts__t_requests_srcnode_gpc_op_write_evict_first_lookup_miss","Counter","request","# of LTS requests from node GPC for writes marked evict-first that missed","1"
"lts__t_requests_srcnode_gpc_op_write_evict_last","Counter","request","# of LTS requests from node GPC for writes marked evict-last","1"
"lts__t_requests_srcnode_gpc_op_write_evict_last_lookup_hit","Counter","request","# of LTS requests from node GPC for writes marked evict-last that hit","1"
"lts__t_requests_srcnode_gpc_op_write_evict_last_lookup_miss","Counter","request","# of LTS requests from node GPC for writes marked evict-last that missed","1"
"lts__t_requests_srcnode_gpc_op_write_evict_normal","Counter","request","# of LTS requests from node GPC for writes marked evict-normal (LRU)","1"
"lts__t_requests_srcnode_gpc_op_write_evict_normal_demote","Counter","request","# of LTS requests from node GPC for writes marked evict-normal-demote","1"
"lts__t_requests_srcnode_gpc_op_write_evict_normal_demote_lookup_hit","Counter","request","# of LTS requests from node GPC for writes marked evict-normal-demote that hit","1"
"lts__t_requests_srcnode_gpc_op_write_evict_normal_demote_lookup_miss","Counter","request","# of LTS requests from node GPC for writes marked evict-normal-demote that missed","1"
"lts__t_requests_srcnode_gpc_op_write_evict_normal_lookup_hit","Counter","request","# of LTS requests from node GPC for writes marked evict-normal (LRU) that hit","1"
"lts__t_requests_srcnode_gpc_op_write_evict_normal_lookup_miss","Counter","request","# of LTS requests from node GPC for writes marked evict-normal (LRU) that missed","1"
"lts__t_requests_srcnode_gpc_op_write_lookup_hit","Counter","request","# of LTS requests from node GPC for writes that hit","1"
"lts__t_requests_srcnode_gpc_op_write_lookup_miss","Counter","request","# of LTS requests from node GPC for writes that missed","1"
"lts__t_requests_srcunit_l1","Counter","request","# of LTS requests from unit L1","1"
"lts__t_requests_srcunit_l1_aperture_device","Counter","request","# of LTS requests from unit L1 accessing device memory (vidmem)","1"
"lts__t_requests_srcunit_l1_aperture_device_evict_first","Counter","request","# of LTS requests from unit L1 accessing device memory (vidmem) marked evict-first","1"
"lts__t_requests_srcunit_l1_aperture_device_evict_first_lookup_hit","Counter","request","# of LTS requests from unit L1 accessing device memory (vidmem) marked evict-first that hit","1"
"lts__t_requests_srcunit_l1_aperture_device_evict_first_lookup_miss","Counter","request","# of LTS requests from unit L1 accessing device memory (vidmem) marked evict-first that missed","1"
"lts__t_requests_srcunit_l1_aperture_device_evict_last","Counter","request","# of LTS requests from unit L1 accessing device memory (vidmem) marked evict-last","1"
"lts__t_requests_srcunit_l1_aperture_device_evict_last_lookup_hit","Counter","request","# of LTS requests from unit L1 accessing device memory (vidmem) marked evict-last that hit","1"
"lts__t_requests_srcunit_l1_aperture_device_evict_last_lookup_miss","Counter","request","# of LTS requests from unit L1 accessing device memory (vidmem) marked evict-last that missed","1"
"lts__t_requests_srcunit_l1_aperture_device_evict_normal","Counter","request","# of LTS requests from unit L1 accessing device memory (vidmem) marked evict-normal (LRU)","1"
"lts__t_requests_srcunit_l1_aperture_device_evict_normal_demote","Counter","request","# of LTS requests from unit L1 accessing device memory (vidmem) marked evict-normal-demote","1"
"lts__t_requests_srcunit_l1_aperture_device_evict_normal_demote_lookup_hit","Counter","request","# of LTS requests from unit L1 accessing device memory (vidmem) marked evict-normal-demote that hit","1"
"lts__t_requests_srcunit_l1_aperture_device_evict_normal_demote_lookup_miss","Counter","request","# of LTS requests from unit L1 accessing device memory (vidmem) marked evict-normal-demote that missed","1"
"lts__t_requests_srcunit_l1_aperture_device_evict_normal_lookup_hit","Counter","request","# of LTS requests from unit L1 accessing device memory (vidmem) marked evict-normal (LRU) that hit","1"
"lts__t_requests_srcunit_l1_aperture_device_evict_normal_lookup_miss","Counter","request","# of LTS requests from unit L1 accessing device memory (vidmem) marked evict-normal (LRU) that missed","1"
"lts__t_requests_srcunit_l1_aperture_device_lookup_hit","Counter","request","# of LTS requests from unit L1 accessing device memory (vidmem) that hit","1"
"lts__t_requests_srcunit_l1_aperture_device_lookup_miss","Counter","request","# of LTS requests from unit L1 accessing device memory (vidmem) that missed","1"
"lts__t_requests_srcunit_l1_aperture_device_op_atom","Counter","request","# of LTS requests from unit L1 accessing device memory (vidmem) for all atomics","1"
"lts__t_requests_srcunit_l1_aperture_device_op_atom_dot_alu","Counter","request","# of LTS requests from unit L1 accessing device memory (vidmem) for atomic ALU (non-CAS)","1"
"lts__t_requests_srcunit_l1_aperture_device_op_atom_dot_alu_lookup_hit","Counter","request","# of LTS requests from unit L1 accessing device memory (vidmem) for atomic ALU (non-CAS) that hit","1"
"lts__t_requests_srcunit_l1_aperture_device_op_atom_dot_cas","Counter","request","# of LTS requests from unit L1 accessing device memory (vidmem) for atomic CAS","1"
"lts__t_requests_srcunit_l1_aperture_device_op_atom_dot_cas_lookup_hit","Counter","request","# of LTS requests from unit L1 accessing device memory (vidmem) for atomic CAS that hit","1"
"lts__t_requests_srcunit_l1_aperture_device_op_atom_lookup_hit","Counter","request","# of LTS requests from unit L1 accessing device memory (vidmem) for all atomics that hit","1"
"lts__t_requests_srcunit_l1_aperture_device_op_atom_lookup_miss","Counter","request","# of LTS requests from unit L1 accessing device memory (vidmem) for all atomics that missed","1"
"lts__t_requests_srcunit_l1_aperture_device_op_membar","Counter","request","# of LTS requests from unit L1 accessing device memory (vidmem) for memory barriers","1"
"lts__t_requests_srcunit_l1_aperture_device_op_membar_lookup_hit","Counter","request","# of LTS requests from unit L1 accessing device memory (vidmem) for memory barriers that hit","1"
"lts__t_requests_srcunit_l1_aperture_device_op_membar_lookup_miss","Counter","request","# of LTS requests from unit L1 accessing device memory (vidmem) for memory barriers that missed","1"
"lts__t_requests_srcunit_l1_aperture_device_op_read","Counter","request","# of LTS requests from unit L1 accessing device memory (vidmem) for reads","1"
"lts__t_requests_srcunit_l1_aperture_device_op_read_lookup_hit","Counter","request","# of LTS requests from unit L1 accessing device memory (vidmem) for reads that hit","1"
"lts__t_requests_srcunit_l1_aperture_device_op_read_lookup_miss","Counter","request","# of LTS requests from unit L1 accessing device memory (vidmem) for reads that missed","1"
"lts__t_requests_srcunit_l1_aperture_device_op_red","Counter","request","# of LTS requests from unit L1 accessing device memory (vidmem) for reductions","1"
"lts__t_requests_srcunit_l1_aperture_device_op_red_lookup_hit","Counter","request","# of LTS requests from unit L1 accessing device memory (vidmem) for reductions that hit","1"
"lts__t_requests_srcunit_l1_aperture_device_op_red_lookup_miss","Counter","request","# of LTS requests from unit L1 accessing device memory (vidmem) for reductions that missed","1"
"lts__t_requests_srcunit_l1_aperture_device_op_write","Counter","request","# of LTS requests from unit L1 accessing device memory (vidmem) for writes","1"
"lts__t_requests_srcunit_l1_aperture_device_op_write_lookup_hit","Counter","request","# of LTS requests from unit L1 accessing device memory (vidmem) for writes that hit","1"
"lts__t_requests_srcunit_l1_aperture_device_op_write_lookup_miss","Counter","request","# of LTS requests from unit L1 accessing device memory (vidmem) for writes that missed","1"
"lts__t_requests_srcunit_l1_aperture_peer","Counter","request","# of LTS requests from unit L1 accessing peer memory (peermem)","1"
"lts__t_requests_srcunit_l1_aperture_peer_evict_first","Counter","request","# of LTS requests from unit L1 accessing peer memory (peermem) marked evict-first","1"
"lts__t_requests_srcunit_l1_aperture_peer_evict_first_lookup_hit","Counter","request","# of LTS requests from unit L1 accessing peer memory (peermem) marked evict-first that hit","1"
"lts__t_requests_srcunit_l1_aperture_peer_evict_first_lookup_miss","Counter","request","# of LTS requests from unit L1 accessing peer memory (peermem) marked evict-first that missed","1"
"lts__t_requests_srcunit_l1_aperture_peer_evict_last","Counter","request","# of LTS requests from unit L1 accessing peer memory (peermem) marked evict-last","1"
"lts__t_requests_srcunit_l1_aperture_peer_evict_last_lookup_hit","Counter","request","# of LTS requests from unit L1 accessing peer memory (peermem) marked evict-last that hit","1"
"lts__t_requests_srcunit_l1_aperture_peer_evict_last_lookup_miss","Counter","request","# of LTS requests from unit L1 accessing peer memory (peermem) marked evict-last that missed","1"
"lts__t_requests_srcunit_l1_aperture_peer_evict_normal","Counter","request","# of LTS requests from unit L1 accessing peer memory (peermem) marked evict-normal (LRU)","1"
"lts__t_requests_srcunit_l1_aperture_peer_evict_normal_demote","Counter","request","# of LTS requests from unit L1 accessing peer memory (peermem) marked evict-normal-demote","1"
"lts__t_requests_srcunit_l1_aperture_peer_evict_normal_demote_lookup_hit","Counter","request","# of LTS requests from unit L1 accessing peer memory (peermem) marked evict-normal-demote that hit","1"
"lts__t_requests_srcunit_l1_aperture_peer_evict_normal_demote_lookup_miss","Counter","request","# of LTS requests from unit L1 accessing peer memory (peermem) marked evict-normal-demote that missed","1"
"lts__t_requests_srcunit_l1_aperture_peer_evict_normal_lookup_hit","Counter","request","# of LTS requests from unit L1 accessing peer memory (peermem) marked evict-normal (LRU) that hit","1"
"lts__t_requests_srcunit_l1_aperture_peer_evict_normal_lookup_miss","Counter","request","# of LTS requests from unit L1 accessing peer memory (peermem) marked evict-normal (LRU) that missed","1"
"lts__t_requests_srcunit_l1_aperture_peer_lookup_hit","Counter","request","# of LTS requests from unit L1 accessing peer memory (peermem) that hit","1"
"lts__t_requests_srcunit_l1_aperture_peer_lookup_miss","Counter","request","# of LTS requests from unit L1 accessing peer memory (peermem) that missed","1"
"lts__t_requests_srcunit_l1_aperture_peer_op_atom","Counter","request","# of LTS requests from unit L1 accessing peer memory (peermem) for all atomics","1"
"lts__t_requests_srcunit_l1_aperture_peer_op_atom_dot_alu","Counter","request","# of LTS requests from unit L1 accessing peer memory (peermem) for atomic ALU (non-CAS)","1"
"lts__t_requests_srcunit_l1_aperture_peer_op_atom_dot_alu_lookup_hit","Counter","request","# of LTS requests from unit L1 accessing peer memory (peermem) for atomic ALU (non-CAS) that hit","1"
"lts__t_requests_srcunit_l1_aperture_peer_op_atom_dot_cas","Counter","request","# of LTS requests from unit L1 accessing peer memory (peermem) for atomic CAS","1"
"lts__t_requests_srcunit_l1_aperture_peer_op_atom_dot_cas_lookup_hit","Counter","request","# of LTS requests from unit L1 accessing peer memory (peermem) for atomic CAS that hit","1"
"lts__t_requests_srcunit_l1_aperture_peer_op_atom_lookup_hit","Counter","request","# of LTS requests from unit L1 accessing peer memory (peermem) for all atomics that hit","1"
"lts__t_requests_srcunit_l1_aperture_peer_op_atom_lookup_miss","Counter","request","# of LTS requests from unit L1 accessing peer memory (peermem) for all atomics that missed","1"
"lts__t_requests_srcunit_l1_aperture_peer_op_membar","Counter","request","# of LTS requests from unit L1 accessing peer memory (peermem) for memory barriers","1"
"lts__t_requests_srcunit_l1_aperture_peer_op_membar_lookup_hit","Counter","request","# of LTS requests from unit L1 accessing peer memory (peermem) for memory barriers that hit","1"
"lts__t_requests_srcunit_l1_aperture_peer_op_membar_lookup_miss","Counter","request","# of LTS requests from unit L1 accessing peer memory (peermem) for memory barriers that missed","1"
"lts__t_requests_srcunit_l1_aperture_peer_op_read","Counter","request","# of LTS requests from unit L1 accessing peer memory (peermem) for reads","1"
"lts__t_requests_srcunit_l1_aperture_peer_op_read_lookup_hit","Counter","request","# of LTS requests from unit L1 accessing peer memory (peermem) for reads that hit","1"
"lts__t_requests_srcunit_l1_aperture_peer_op_read_lookup_miss","Counter","request","# of LTS requests from unit L1 accessing peer memory (peermem) for reads that missed","1"
"lts__t_requests_srcunit_l1_aperture_peer_op_red","Counter","request","# of LTS requests from unit L1 accessing peer memory (peermem) for reductions","1"
"lts__t_requests_srcunit_l1_aperture_peer_op_red_lookup_hit","Counter","request","# of LTS requests from unit L1 accessing peer memory (peermem) for reductions that hit","1"
"lts__t_requests_srcunit_l1_aperture_peer_op_red_lookup_miss","Counter","request","# of LTS requests from unit L1 accessing peer memory (peermem) for reductions that missed","1"
"lts__t_requests_srcunit_l1_aperture_peer_op_write","Counter","request","# of LTS requests from unit L1 accessing peer memory (peermem) for writes","1"
"lts__t_requests_srcunit_l1_aperture_peer_op_write_lookup_hit","Counter","request","# of LTS requests from unit L1 accessing peer memory (peermem) for writes that hit","1"
"lts__t_requests_srcunit_l1_aperture_peer_op_write_lookup_miss","Counter","request","# of LTS requests from unit L1 accessing peer memory (peermem) for writes that missed","1"
"lts__t_requests_srcunit_l1_aperture_sysmem","Counter","request","# of LTS requests from unit L1 accessing system memory (sysmem)","1"
"lts__t_requests_srcunit_l1_aperture_sysmem_evict_first","Counter","request","# of LTS requests from unit L1 accessing system memory (sysmem) marked evict-first","1"
"lts__t_requests_srcunit_l1_aperture_sysmem_evict_first_lookup_hit","Counter","request","# of LTS requests from unit L1 accessing system memory (sysmem) marked evict-first that hit","1"
"lts__t_requests_srcunit_l1_aperture_sysmem_evict_first_lookup_miss","Counter","request","# of LTS requests from unit L1 accessing system memory (sysmem) marked evict-first that missed","1"
"lts__t_requests_srcunit_l1_aperture_sysmem_evict_last","Counter","request","# of LTS requests from unit L1 accessing system memory (sysmem) marked evict-last","1"
"lts__t_requests_srcunit_l1_aperture_sysmem_evict_last_lookup_hit","Counter","request","# of LTS requests from unit L1 accessing system memory (sysmem) marked evict-last that hit","1"
"lts__t_requests_srcunit_l1_aperture_sysmem_evict_last_lookup_miss","Counter","request","# of LTS requests from unit L1 accessing system memory (sysmem) marked evict-last that missed","1"
"lts__t_requests_srcunit_l1_aperture_sysmem_evict_normal","Counter","request","# of LTS requests from unit L1 accessing system memory (sysmem) marked evict-normal (LRU)","1"
"lts__t_requests_srcunit_l1_aperture_sysmem_evict_normal_demote","Counter","request","# of LTS requests from unit L1 accessing system memory (sysmem) marked evict-normal-demote","1"
"lts__t_requests_srcunit_l1_aperture_sysmem_evict_normal_demote_lookup_hit","Counter","request","# of LTS requests from unit L1 accessing system memory (sysmem) marked evict-normal-demote that hit","1"
"lts__t_requests_srcunit_l1_aperture_sysmem_evict_normal_demote_lookup_miss","Counter","request","# of LTS requests from unit L1 accessing system memory (sysmem) marked evict-normal-demote that missed","1"
"lts__t_requests_srcunit_l1_aperture_sysmem_evict_normal_lookup_hit","Counter","request","# of LTS requests from unit L1 accessing system memory (sysmem) marked evict-normal (LRU) that hit","1"
"lts__t_requests_srcunit_l1_aperture_sysmem_evict_normal_lookup_miss","Counter","request","# of LTS requests from unit L1 accessing system memory (sysmem) marked evict-normal (LRU) that missed","1"
"lts__t_requests_srcunit_l1_aperture_sysmem_lookup_hit","Counter","request","# of LTS requests from unit L1 accessing system memory (sysmem) that hit","1"
"lts__t_requests_srcunit_l1_aperture_sysmem_lookup_miss","Counter","request","# of LTS requests from unit L1 accessing system memory (sysmem) that missed","1"
"lts__t_requests_srcunit_l1_aperture_sysmem_op_atom","Counter","request","# of LTS requests from unit L1 accessing system memory (sysmem) for all atomics","1"
"lts__t_requests_srcunit_l1_aperture_sysmem_op_atom_dot_alu","Counter","request","# of LTS requests from unit L1 accessing system memory (sysmem) for atomic ALU (non-CAS)","1"
"lts__t_requests_srcunit_l1_aperture_sysmem_op_atom_dot_alu_lookup_hit","Counter","request","# of LTS requests from unit L1 accessing system memory (sysmem) for atomic ALU (non-CAS) that hit","1"
"lts__t_requests_srcunit_l1_aperture_sysmem_op_atom_dot_cas","Counter","request","# of LTS requests from unit L1 accessing system memory (sysmem) for atomic CAS","1"
"lts__t_requests_srcunit_l1_aperture_sysmem_op_atom_dot_cas_lookup_hit","Counter","request","# of LTS requests from unit L1 accessing system memory (sysmem) for atomic CAS that hit","1"
"lts__t_requests_srcunit_l1_aperture_sysmem_op_atom_lookup_hit","Counter","request","# of LTS requests from unit L1 accessing system memory (sysmem) for all atomics that hit","1"
"lts__t_requests_srcunit_l1_aperture_sysmem_op_atom_lookup_miss","Counter","request","# of LTS requests from unit L1 accessing system memory (sysmem) for all atomics that missed","1"
"lts__t_requests_srcunit_l1_aperture_sysmem_op_membar","Counter","request","# of LTS requests from unit L1 accessing system memory (sysmem) for memory barriers","1"
"lts__t_requests_srcunit_l1_aperture_sysmem_op_membar_lookup_hit","Counter","request","# of LTS requests from unit L1 accessing system memory (sysmem) for memory barriers that hit","1"
"lts__t_requests_srcunit_l1_aperture_sysmem_op_membar_lookup_miss","Counter","request","# of LTS requests from unit L1 accessing system memory (sysmem) for memory barriers that missed","1"
"lts__t_requests_srcunit_l1_aperture_sysmem_op_read","Counter","request","# of LTS requests from unit L1 accessing system memory (sysmem) for reads","1"
"lts__t_requests_srcunit_l1_aperture_sysmem_op_read_lookup_hit","Counter","request","# of LTS requests from unit L1 accessing system memory (sysmem) for reads that hit","1"
"lts__t_requests_srcunit_l1_aperture_sysmem_op_read_lookup_miss","Counter","request","# of LTS requests from unit L1 accessing system memory (sysmem) for reads that missed","1"
"lts__t_requests_srcunit_l1_aperture_sysmem_op_red","Counter","request","# of LTS requests from unit L1 accessing system memory (sysmem) for reductions","1"
"lts__t_requests_srcunit_l1_aperture_sysmem_op_red_lookup_hit","Counter","request","# of LTS requests from unit L1 accessing system memory (sysmem) for reductions that hit","1"
"lts__t_requests_srcunit_l1_aperture_sysmem_op_red_lookup_miss","Counter","request","# of LTS requests from unit L1 accessing system memory (sysmem) for reductions that missed","1"
"lts__t_requests_srcunit_l1_aperture_sysmem_op_write","Counter","request","# of LTS requests from unit L1 accessing system memory (sysmem) for writes","1"
"lts__t_requests_srcunit_l1_aperture_sysmem_op_write_lookup_hit","Counter","request","# of LTS requests from unit L1 accessing system memory (sysmem) for writes that hit","1"
"lts__t_requests_srcunit_l1_aperture_sysmem_op_write_lookup_miss","Counter","request","# of LTS requests from unit L1 accessing system memory (sysmem) for writes that missed","1"
"lts__t_requests_srcunit_l1_evict_first","Counter","request","# of LTS requests from unit L1 marked evict-first","1"
"lts__t_requests_srcunit_l1_evict_first_lookup_hit","Counter","request","# of LTS requests from unit L1 marked evict-first that hit","1"
"lts__t_requests_srcunit_l1_evict_first_lookup_miss","Counter","request","# of LTS requests from unit L1 marked evict-first that missed","1"
"lts__t_requests_srcunit_l1_evict_last","Counter","request","# of LTS requests from unit L1 marked evict-last","1"
"lts__t_requests_srcunit_l1_evict_last_lookup_hit","Counter","request","# of LTS requests from unit L1 marked evict-last that hit","1"
"lts__t_requests_srcunit_l1_evict_last_lookup_miss","Counter","request","# of LTS requests from unit L1 marked evict-last that missed","1"
"lts__t_requests_srcunit_l1_evict_normal","Counter","request","# of LTS requests from unit L1 marked evict-normal (LRU)","1"
"lts__t_requests_srcunit_l1_evict_normal_demote","Counter","request","# of LTS requests from unit L1 marked evict-normal-demote","1"
"lts__t_requests_srcunit_l1_evict_normal_demote_lookup_hit","Counter","request","# of LTS requests from unit L1 marked evict-normal-demote that hit","1"
"lts__t_requests_srcunit_l1_evict_normal_demote_lookup_miss","Counter","request","# of LTS requests from unit L1 marked evict-normal-demote that missed","1"
"lts__t_requests_srcunit_l1_evict_normal_lookup_hit","Counter","request","# of LTS requests from unit L1 marked evict-normal (LRU) that hit","1"
"lts__t_requests_srcunit_l1_evict_normal_lookup_miss","Counter","request","# of LTS requests from unit L1 marked evict-normal (LRU) that missed","1"
"lts__t_requests_srcunit_l1_lookup_hit","Counter","request","# of LTS requests from unit L1 that hit","1"
"lts__t_requests_srcunit_l1_lookup_miss","Counter","request","# of LTS requests from unit L1 that missed","1"
"lts__t_requests_srcunit_l1_op_atom","Counter","request","# of LTS requests from unit L1 for all atomics","1"
"lts__t_requests_srcunit_l1_op_atom_dot_alu","Counter","request","# of LTS requests from unit L1 for atomic ALU (non-CAS)","1"
"lts__t_requests_srcunit_l1_op_atom_dot_alu_lookup_hit","Counter","request","# of LTS requests from unit L1 for atomic ALU (non-CAS) that hit","1"
"lts__t_requests_srcunit_l1_op_atom_dot_cas","Counter","request","# of LTS requests from unit L1 for atomic CAS","1"
"lts__t_requests_srcunit_l1_op_atom_dot_cas_lookup_hit","Counter","request","# of LTS requests from unit L1 for atomic CAS that hit","1"
"lts__t_requests_srcunit_l1_op_atom_evict_first","Counter","request","# of LTS requests from unit L1 for all atomics marked evict-first","1"
"lts__t_requests_srcunit_l1_op_atom_evict_first_lookup_hit","Counter","request","# of LTS requests from unit L1 for all atomics marked evict-first that hit","1"
"lts__t_requests_srcunit_l1_op_atom_evict_first_lookup_miss","Counter","request","# of LTS requests from unit L1 for all atomics marked evict-first that missed","1"
"lts__t_requests_srcunit_l1_op_atom_evict_last","Counter","request","# of LTS requests from unit L1 for all atomics marked evict-last","1"
"lts__t_requests_srcunit_l1_op_atom_evict_last_lookup_hit","Counter","request","# of LTS requests from unit L1 for all atomics marked evict-last that hit","1"
"lts__t_requests_srcunit_l1_op_atom_evict_last_lookup_miss","Counter","request","# of LTS requests from unit L1 for all atomics marked evict-last that missed","1"
"lts__t_requests_srcunit_l1_op_atom_evict_normal","Counter","request","# of LTS requests from unit L1 for all atomics marked evict-normal (LRU)","1"
"lts__t_requests_srcunit_l1_op_atom_evict_normal_demote","Counter","request","# of LTS requests from unit L1 for all atomics marked evict-normal-demote","1"
"lts__t_requests_srcunit_l1_op_atom_evict_normal_demote_lookup_hit","Counter","request","# of LTS requests from unit L1 for all atomics marked evict-normal-demote that hit","1"
"lts__t_requests_srcunit_l1_op_atom_evict_normal_demote_lookup_miss","Counter","request","# of LTS requests from unit L1 for all atomics marked evict-normal-demote that missed","1"
"lts__t_requests_srcunit_l1_op_atom_evict_normal_lookup_hit","Counter","request","# of LTS requests from unit L1 for all atomics marked evict-normal (LRU) that hit","1"
"lts__t_requests_srcunit_l1_op_atom_evict_normal_lookup_miss","Counter","request","# of LTS requests from unit L1 for all atomics marked evict-normal (LRU) that missed","1"
"lts__t_requests_srcunit_l1_op_atom_lookup_hit","Counter","request","# of LTS requests from unit L1 for all atomics that hit","1"
"lts__t_requests_srcunit_l1_op_atom_lookup_miss","Counter","request","# of LTS requests from unit L1 for all atomics that missed","1"
"lts__t_requests_srcunit_l1_op_membar","Counter","request","# of LTS requests from unit L1 for memory barriers","1"
"lts__t_requests_srcunit_l1_op_membar_evict_first","Counter","request","# of LTS requests from unit L1 for memory barriers marked evict-first","1"
"lts__t_requests_srcunit_l1_op_membar_evict_first_lookup_hit","Counter","request","# of LTS requests from unit L1 for memory barriers marked evict-first that hit","1"
"lts__t_requests_srcunit_l1_op_membar_evict_first_lookup_miss","Counter","request","# of LTS requests from unit L1 for memory barriers marked evict-first that missed","1"
"lts__t_requests_srcunit_l1_op_membar_evict_last","Counter","request","# of LTS requests from unit L1 for memory barriers marked evict-last","1"
"lts__t_requests_srcunit_l1_op_membar_evict_last_lookup_hit","Counter","request","# of LTS requests from unit L1 for memory barriers marked evict-last that hit","1"
"lts__t_requests_srcunit_l1_op_membar_evict_last_lookup_miss","Counter","request","# of LTS requests from unit L1 for memory barriers marked evict-last that missed","1"
"lts__t_requests_srcunit_l1_op_membar_evict_normal","Counter","request","# of LTS requests from unit L1 for memory barriers marked evict-normal (LRU)","1"
"lts__t_requests_srcunit_l1_op_membar_evict_normal_demote","Counter","request","# of LTS requests from unit L1 for memory barriers marked evict-normal-demote","1"
"lts__t_requests_srcunit_l1_op_membar_evict_normal_demote_lookup_hit","Counter","request","# of LTS requests from unit L1 for memory barriers marked evict-normal-demote that hit","1"
"lts__t_requests_srcunit_l1_op_membar_evict_normal_demote_lookup_miss","Counter","request","# of LTS requests from unit L1 for memory barriers marked evict-normal-demote that missed","1"
"lts__t_requests_srcunit_l1_op_membar_evict_normal_lookup_hit","Counter","request","# of LTS requests from unit L1 for memory barriers marked evict-normal (LRU) that hit","1"
"lts__t_requests_srcunit_l1_op_membar_evict_normal_lookup_miss","Counter","request","# of LTS requests from unit L1 for memory barriers marked evict-normal (LRU) that missed","1"
"lts__t_requests_srcunit_l1_op_membar_lookup_hit","Counter","request","# of LTS requests from unit L1 for memory barriers that hit","1"
"lts__t_requests_srcunit_l1_op_membar_lookup_miss","Counter","request","# of LTS requests from unit L1 for memory barriers that missed","1"
"lts__t_requests_srcunit_l1_op_read","Counter","request","# of LTS requests from unit L1 for reads","1"
"lts__t_requests_srcunit_l1_op_read_evict_first","Counter","request","# of LTS requests from unit L1 for reads marked evict-first","1"
"lts__t_requests_srcunit_l1_op_read_evict_first_lookup_hit","Counter","request","# of LTS requests from unit L1 for reads marked evict-first that hit","1"
"lts__t_requests_srcunit_l1_op_read_evict_first_lookup_miss","Counter","request","# of LTS requests from unit L1 for reads marked evict-first that missed","1"
"lts__t_requests_srcunit_l1_op_read_evict_last","Counter","request","# of LTS requests from unit L1 for reads marked evict-last","1"
"lts__t_requests_srcunit_l1_op_read_evict_last_lookup_hit","Counter","request","# of LTS requests from unit L1 for reads marked evict-last that hit","1"
"lts__t_requests_srcunit_l1_op_read_evict_last_lookup_miss","Counter","request","# of LTS requests from unit L1 for reads marked evict-last that missed","1"
"lts__t_requests_srcunit_l1_op_read_evict_normal","Counter","request","# of LTS requests from unit L1 for reads marked evict-normal (LRU)","1"
"lts__t_requests_srcunit_l1_op_read_evict_normal_demote","Counter","request","# of LTS requests from unit L1 for reads marked evict-normal-demote","1"
"lts__t_requests_srcunit_l1_op_read_evict_normal_demote_lookup_hit","Counter","request","# of LTS requests from unit L1 for reads marked evict-normal-demote that hit","1"
"lts__t_requests_srcunit_l1_op_read_evict_normal_demote_lookup_miss","Counter","request","# of LTS requests from unit L1 for reads marked evict-normal-demote that missed","1"
"lts__t_requests_srcunit_l1_op_read_evict_normal_lookup_hit","Counter","request","# of LTS requests from unit L1 for reads marked evict-normal (LRU) that hit","1"
"lts__t_requests_srcunit_l1_op_read_evict_normal_lookup_miss","Counter","request","# of LTS requests from unit L1 for reads marked evict-normal (LRU) that missed","1"
"lts__t_requests_srcunit_l1_op_read_lookup_hit","Counter","request","# of LTS requests from unit L1 for reads that hit","1"
"lts__t_requests_srcunit_l1_op_read_lookup_miss","Counter","request","# of LTS requests from unit L1 for reads that missed","1"
"lts__t_requests_srcunit_l1_op_red","Counter","request","# of LTS requests from unit L1 for reductions","1"
"lts__t_requests_srcunit_l1_op_red_lookup_hit","Counter","request","# of LTS requests from unit L1 for reductions that hit","1"
"lts__t_requests_srcunit_l1_op_red_lookup_miss","Counter","request","# of LTS requests from unit L1 for reductions that missed","1"
"lts__t_requests_srcunit_l1_op_write","Counter","request","# of LTS requests from unit L1 for writes","1"
"lts__t_requests_srcunit_l1_op_write_evict_first","Counter","request","# of LTS requests from unit L1 for writes marked evict-first","1"
"lts__t_requests_srcunit_l1_op_write_evict_first_lookup_hit","Counter","request","# of LTS requests from unit L1 for writes marked evict-first that hit","1"
"lts__t_requests_srcunit_l1_op_write_evict_first_lookup_miss","Counter","request","# of LTS requests from unit L1 for writes marked evict-first that missed","1"
"lts__t_requests_srcunit_l1_op_write_evict_last","Counter","request","# of LTS requests from unit L1 for writes marked evict-last","1"
"lts__t_requests_srcunit_l1_op_write_evict_last_lookup_hit","Counter","request","# of LTS requests from unit L1 for writes marked evict-last that hit","1"
"lts__t_requests_srcunit_l1_op_write_evict_last_lookup_miss","Counter","request","# of LTS requests from unit L1 for writes marked evict-last that missed","1"
"lts__t_requests_srcunit_l1_op_write_evict_normal","Counter","request","# of LTS requests from unit L1 for writes marked evict-normal (LRU)","1"
"lts__t_requests_srcunit_l1_op_write_evict_normal_demote","Counter","request","# of LTS requests from unit L1 for writes marked evict-normal-demote","1"
"lts__t_requests_srcunit_l1_op_write_evict_normal_demote_lookup_hit","Counter","request","# of LTS requests from unit L1 for writes marked evict-normal-demote that hit","1"
"lts__t_requests_srcunit_l1_op_write_evict_normal_demote_lookup_miss","Counter","request","# of LTS requests from unit L1 for writes marked evict-normal-demote that missed","1"
"lts__t_requests_srcunit_l1_op_write_evict_normal_lookup_hit","Counter","request","# of LTS requests from unit L1 for writes marked evict-normal (LRU) that hit","1"
"lts__t_requests_srcunit_l1_op_write_evict_normal_lookup_miss","Counter","request","# of LTS requests from unit L1 for writes marked evict-normal (LRU) that missed","1"
"lts__t_requests_srcunit_l1_op_write_lookup_hit","Counter","request","# of LTS requests from unit L1 for writes that hit","1"
"lts__t_requests_srcunit_l1_op_write_lookup_miss","Counter","request","# of LTS requests from unit L1 for writes that missed","1"
"lts__t_requests_srcunit_tex","Counter","request","# of LTS requests from unit TEX","1"
"lts__t_requests_srcunit_tex_aperture_device","Counter","request","# of LTS requests from unit TEX accessing device memory (vidmem)","1"
"lts__t_requests_srcunit_tex_aperture_device_evict_first","Counter","request","# of LTS requests from unit TEX accessing device memory (vidmem) marked evict-first","1"
"lts__t_requests_srcunit_tex_aperture_device_evict_first_lookup_hit","Counter","request","# of LTS requests from unit TEX accessing device memory (vidmem) marked evict-first that hit","1"
"lts__t_requests_srcunit_tex_aperture_device_evict_first_lookup_miss","Counter","request","# of LTS requests from unit TEX accessing device memory (vidmem) marked evict-first that missed","1"
"lts__t_requests_srcunit_tex_aperture_device_evict_last","Counter","request","# of LTS requests from unit TEX accessing device memory (vidmem) marked evict-last","1"
"lts__t_requests_srcunit_tex_aperture_device_evict_last_lookup_hit","Counter","request","# of LTS requests from unit TEX accessing device memory (vidmem) marked evict-last that hit","1"
"lts__t_requests_srcunit_tex_aperture_device_evict_last_lookup_miss","Counter","request","# of LTS requests from unit TEX accessing device memory (vidmem) marked evict-last that missed","1"
"lts__t_requests_srcunit_tex_aperture_device_evict_normal","Counter","request","# of LTS requests from unit TEX accessing device memory (vidmem) marked evict-normal (LRU)","1"
"lts__t_requests_srcunit_tex_aperture_device_evict_normal_demote","Counter","request","# of LTS requests from unit TEX accessing device memory (vidmem) marked evict-normal-demote","1"
"lts__t_requests_srcunit_tex_aperture_device_evict_normal_demote_lookup_hit","Counter","request","# of LTS requests from unit TEX accessing device memory (vidmem) marked evict-normal-demote that hit","1"
"lts__t_requests_srcunit_tex_aperture_device_evict_normal_demote_lookup_miss","Counter","request","# of LTS requests from unit TEX accessing device memory (vidmem) marked evict-normal-demote that missed","1"
"lts__t_requests_srcunit_tex_aperture_device_evict_normal_lookup_hit","Counter","request","# of LTS requests from unit TEX accessing device memory (vidmem) marked evict-normal (LRU) that hit","1"
"lts__t_requests_srcunit_tex_aperture_device_evict_normal_lookup_miss","Counter","request","# of LTS requests from unit TEX accessing device memory (vidmem) marked evict-normal (LRU) that missed","1"
"lts__t_requests_srcunit_tex_aperture_device_lookup_hit","Counter","request","# of LTS requests from unit TEX accessing device memory (vidmem) that hit","1"
"lts__t_requests_srcunit_tex_aperture_device_lookup_miss","Counter","request","# of LTS requests from unit TEX accessing device memory (vidmem) that missed","1"
"lts__t_requests_srcunit_tex_aperture_device_op_atom","Counter","request","# of LTS requests from unit TEX accessing device memory (vidmem) for all atomics","1"
"lts__t_requests_srcunit_tex_aperture_device_op_atom_dot_alu","Counter","request","# of LTS requests from unit TEX accessing device memory (vidmem) for atomic ALU (non-CAS)","1"
"lts__t_requests_srcunit_tex_aperture_device_op_atom_dot_alu_lookup_hit","Counter","request","# of LTS requests from unit TEX accessing device memory (vidmem) for atomic ALU (non-CAS) that hit","1"
"lts__t_requests_srcunit_tex_aperture_device_op_atom_dot_cas","Counter","request","# of LTS requests from unit TEX accessing device memory (vidmem) for atomic CAS","1"
"lts__t_requests_srcunit_tex_aperture_device_op_atom_dot_cas_lookup_hit","Counter","request","# of LTS requests from unit TEX accessing device memory (vidmem) for atomic CAS that hit","1"
"lts__t_requests_srcunit_tex_aperture_device_op_atom_lookup_hit","Counter","request","# of LTS requests from unit TEX accessing device memory (vidmem) for all atomics that hit","1"
"lts__t_requests_srcunit_tex_aperture_device_op_atom_lookup_miss","Counter","request","# of LTS requests from unit TEX accessing device memory (vidmem) for all atomics that missed","1"
"lts__t_requests_srcunit_tex_aperture_device_op_membar","Counter","request","# of LTS requests from unit TEX accessing device memory (vidmem) for memory barriers","1"
"lts__t_requests_srcunit_tex_aperture_device_op_membar_lookup_hit","Counter","request","# of LTS requests from unit TEX accessing device memory (vidmem) for memory barriers that hit","1"
"lts__t_requests_srcunit_tex_aperture_device_op_membar_lookup_miss","Counter","request","# of LTS requests from unit TEX accessing device memory (vidmem) for memory barriers that missed","1"
"lts__t_requests_srcunit_tex_aperture_device_op_read","Counter","request","# of LTS requests from unit TEX accessing device memory (vidmem) for reads","1"
"lts__t_requests_srcunit_tex_aperture_device_op_read_lookup_hit","Counter","request","# of LTS requests from unit TEX accessing device memory (vidmem) for reads that hit","1"
"lts__t_requests_srcunit_tex_aperture_device_op_read_lookup_miss","Counter","request","# of LTS requests from unit TEX accessing device memory (vidmem) for reads that missed","1"
"lts__t_requests_srcunit_tex_aperture_device_op_red","Counter","request","# of LTS requests from unit TEX accessing device memory (vidmem) for reductions","1"
"lts__t_requests_srcunit_tex_aperture_device_op_red_lookup_hit","Counter","request","# of LTS requests from unit TEX accessing device memory (vidmem) for reductions that hit","1"
"lts__t_requests_srcunit_tex_aperture_device_op_red_lookup_miss","Counter","request","# of LTS requests from unit TEX accessing device memory (vidmem) for reductions that missed","1"
"lts__t_requests_srcunit_tex_aperture_device_op_write","Counter","request","# of LTS requests from unit TEX accessing device memory (vidmem) for writes","1"
"lts__t_requests_srcunit_tex_aperture_device_op_write_lookup_hit","Counter","request","# of LTS requests from unit TEX accessing device memory (vidmem) for writes that hit","1"
"lts__t_requests_srcunit_tex_aperture_device_op_write_lookup_miss","Counter","request","# of LTS requests from unit TEX accessing device memory (vidmem) for writes that missed","1"
"lts__t_requests_srcunit_tex_aperture_peer","Counter","request","# of LTS requests from unit TEX accessing peer memory (peermem)","1"
"lts__t_requests_srcunit_tex_aperture_peer_evict_first","Counter","request","# of LTS requests from unit TEX accessing peer memory (peermem) marked evict-first","1"
"lts__t_requests_srcunit_tex_aperture_peer_evict_first_lookup_hit","Counter","request","# of LTS requests from unit TEX accessing peer memory (peermem) marked evict-first that hit","1"
"lts__t_requests_srcunit_tex_aperture_peer_evict_first_lookup_miss","Counter","request","# of LTS requests from unit TEX accessing peer memory (peermem) marked evict-first that missed","1"
"lts__t_requests_srcunit_tex_aperture_peer_evict_last","Counter","request","# of LTS requests from unit TEX accessing peer memory (peermem) marked evict-last","1"
"lts__t_requests_srcunit_tex_aperture_peer_evict_last_lookup_hit","Counter","request","# of LTS requests from unit TEX accessing peer memory (peermem) marked evict-last that hit","1"
"lts__t_requests_srcunit_tex_aperture_peer_evict_last_lookup_miss","Counter","request","# of LTS requests from unit TEX accessing peer memory (peermem) marked evict-last that missed","1"
"lts__t_requests_srcunit_tex_aperture_peer_evict_normal","Counter","request","# of LTS requests from unit TEX accessing peer memory (peermem) marked evict-normal (LRU)","1"
"lts__t_requests_srcunit_tex_aperture_peer_evict_normal_demote","Counter","request","# of LTS requests from unit TEX accessing peer memory (peermem) marked evict-normal-demote","1"
"lts__t_requests_srcunit_tex_aperture_peer_evict_normal_demote_lookup_hit","Counter","request","# of LTS requests from unit TEX accessing peer memory (peermem) marked evict-normal-demote that hit","1"
"lts__t_requests_srcunit_tex_aperture_peer_evict_normal_demote_lookup_miss","Counter","request","# of LTS requests from unit TEX accessing peer memory (peermem) marked evict-normal-demote that missed","1"
"lts__t_requests_srcunit_tex_aperture_peer_evict_normal_lookup_hit","Counter","request","# of LTS requests from unit TEX accessing peer memory (peermem) marked evict-normal (LRU) that hit","1"
"lts__t_requests_srcunit_tex_aperture_peer_evict_normal_lookup_miss","Counter","request","# of LTS requests from unit TEX accessing peer memory (peermem) marked evict-normal (LRU) that missed","1"
"lts__t_requests_srcunit_tex_aperture_peer_lookup_hit","Counter","request","# of LTS requests from unit TEX accessing peer memory (peermem) that hit","1"
"lts__t_requests_srcunit_tex_aperture_peer_lookup_miss","Counter","request","# of LTS requests from unit TEX accessing peer memory (peermem) that missed","1"
"lts__t_requests_srcunit_tex_aperture_peer_op_atom","Counter","request","# of LTS requests from unit TEX accessing peer memory (peermem) for all atomics","1"
"lts__t_requests_srcunit_tex_aperture_peer_op_atom_dot_alu","Counter","request","# of LTS requests from unit TEX accessing peer memory (peermem) for atomic ALU (non-CAS)","1"
"lts__t_requests_srcunit_tex_aperture_peer_op_atom_dot_alu_lookup_hit","Counter","request","# of LTS requests from unit TEX accessing peer memory (peermem) for atomic ALU (non-CAS) that hit","1"
"lts__t_requests_srcunit_tex_aperture_peer_op_atom_dot_cas","Counter","request","# of LTS requests from unit TEX accessing peer memory (peermem) for atomic CAS","1"
"lts__t_requests_srcunit_tex_aperture_peer_op_atom_dot_cas_lookup_hit","Counter","request","# of LTS requests from unit TEX accessing peer memory (peermem) for atomic CAS that hit","1"
"lts__t_requests_srcunit_tex_aperture_peer_op_atom_lookup_hit","Counter","request","# of LTS requests from unit TEX accessing peer memory (peermem) for all atomics that hit","1"
"lts__t_requests_srcunit_tex_aperture_peer_op_atom_lookup_miss","Counter","request","# of LTS requests from unit TEX accessing peer memory (peermem) for all atomics that missed","1"
"lts__t_requests_srcunit_tex_aperture_peer_op_membar","Counter","request","# of LTS requests from unit TEX accessing peer memory (peermem) for memory barriers","1"
"lts__t_requests_srcunit_tex_aperture_peer_op_membar_lookup_hit","Counter","request","# of LTS requests from unit TEX accessing peer memory (peermem) for memory barriers that hit","1"
"lts__t_requests_srcunit_tex_aperture_peer_op_membar_lookup_miss","Counter","request","# of LTS requests from unit TEX accessing peer memory (peermem) for memory barriers that missed","1"
"lts__t_requests_srcunit_tex_aperture_peer_op_read","Counter","request","# of LTS requests from unit TEX accessing peer memory (peermem) for reads","1"
"lts__t_requests_srcunit_tex_aperture_peer_op_read_lookup_hit","Counter","request","# of LTS requests from unit TEX accessing peer memory (peermem) for reads that hit","1"
"lts__t_requests_srcunit_tex_aperture_peer_op_read_lookup_miss","Counter","request","# of LTS requests from unit TEX accessing peer memory (peermem) for reads that missed","1"
"lts__t_requests_srcunit_tex_aperture_peer_op_red","Counter","request","# of LTS requests from unit TEX accessing peer memory (peermem) for reductions","1"
"lts__t_requests_srcunit_tex_aperture_peer_op_red_lookup_hit","Counter","request","# of LTS requests from unit TEX accessing peer memory (peermem) for reductions that hit","1"
"lts__t_requests_srcunit_tex_aperture_peer_op_red_lookup_miss","Counter","request","# of LTS requests from unit TEX accessing peer memory (peermem) for reductions that missed","1"
"lts__t_requests_srcunit_tex_aperture_peer_op_write","Counter","request","# of LTS requests from unit TEX accessing peer memory (peermem) for writes","1"
"lts__t_requests_srcunit_tex_aperture_peer_op_write_lookup_hit","Counter","request","# of LTS requests from unit TEX accessing peer memory (peermem) for writes that hit","1"
"lts__t_requests_srcunit_tex_aperture_peer_op_write_lookup_miss","Counter","request","# of LTS requests from unit TEX accessing peer memory (peermem) for writes that missed","1"
"lts__t_requests_srcunit_tex_aperture_sysmem","Counter","request","# of LTS requests from unit TEX accessing system memory (sysmem)","1"
"lts__t_requests_srcunit_tex_aperture_sysmem_evict_first","Counter","request","# of LTS requests from unit TEX accessing system memory (sysmem) marked evict-first","1"
"lts__t_requests_srcunit_tex_aperture_sysmem_evict_first_lookup_hit","Counter","request","# of LTS requests from unit TEX accessing system memory (sysmem) marked evict-first that hit","1"
"lts__t_requests_srcunit_tex_aperture_sysmem_evict_first_lookup_miss","Counter","request","# of LTS requests from unit TEX accessing system memory (sysmem) marked evict-first that missed","1"
"lts__t_requests_srcunit_tex_aperture_sysmem_evict_last","Counter","request","# of LTS requests from unit TEX accessing system memory (sysmem) marked evict-last","1"
"lts__t_requests_srcunit_tex_aperture_sysmem_evict_last_lookup_hit","Counter","request","# of LTS requests from unit TEX accessing system memory (sysmem) marked evict-last that hit","1"
"lts__t_requests_srcunit_tex_aperture_sysmem_evict_last_lookup_miss","Counter","request","# of LTS requests from unit TEX accessing system memory (sysmem) marked evict-last that missed","1"
"lts__t_requests_srcunit_tex_aperture_sysmem_evict_normal","Counter","request","# of LTS requests from unit TEX accessing system memory (sysmem) marked evict-normal (LRU)","1"
"lts__t_requests_srcunit_tex_aperture_sysmem_evict_normal_demote","Counter","request","# of LTS requests from unit TEX accessing system memory (sysmem) marked evict-normal-demote","1"
"lts__t_requests_srcunit_tex_aperture_sysmem_evict_normal_demote_lookup_hit","Counter","request","# of LTS requests from unit TEX accessing system memory (sysmem) marked evict-normal-demote that hit","1"
"lts__t_requests_srcunit_tex_aperture_sysmem_evict_normal_demote_lookup_miss","Counter","request","# of LTS requests from unit TEX accessing system memory (sysmem) marked evict-normal-demote that missed","1"
"lts__t_requests_srcunit_tex_aperture_sysmem_evict_normal_lookup_hit","Counter","request","# of LTS requests from unit TEX accessing system memory (sysmem) marked evict-normal (LRU) that hit","1"
"lts__t_requests_srcunit_tex_aperture_sysmem_evict_normal_lookup_miss","Counter","request","# of LTS requests from unit TEX accessing system memory (sysmem) marked evict-normal (LRU) that missed","1"
"lts__t_requests_srcunit_tex_aperture_sysmem_lookup_hit","Counter","request","# of LTS requests from unit TEX accessing system memory (sysmem) that hit","1"
"lts__t_requests_srcunit_tex_aperture_sysmem_lookup_miss","Counter","request","# of LTS requests from unit TEX accessing system memory (sysmem) that missed","1"
"lts__t_requests_srcunit_tex_aperture_sysmem_op_atom","Counter","request","# of LTS requests from unit TEX accessing system memory (sysmem) for all atomics","1"
"lts__t_requests_srcunit_tex_aperture_sysmem_op_atom_dot_alu","Counter","request","# of LTS requests from unit TEX accessing system memory (sysmem) for atomic ALU (non-CAS)","1"
"lts__t_requests_srcunit_tex_aperture_sysmem_op_atom_dot_alu_lookup_hit","Counter","request","# of LTS requests from unit TEX accessing system memory (sysmem) for atomic ALU (non-CAS) that hit","1"
"lts__t_requests_srcunit_tex_aperture_sysmem_op_atom_dot_cas","Counter","request","# of LTS requests from unit TEX accessing system memory (sysmem) for atomic CAS","1"
"lts__t_requests_srcunit_tex_aperture_sysmem_op_atom_dot_cas_lookup_hit","Counter","request","# of LTS requests from unit TEX accessing system memory (sysmem) for atomic CAS that hit","1"
"lts__t_requests_srcunit_tex_aperture_sysmem_op_atom_lookup_hit","Counter","request","# of LTS requests from unit TEX accessing system memory (sysmem) for all atomics that hit","1"
"lts__t_requests_srcunit_tex_aperture_sysmem_op_atom_lookup_miss","Counter","request","# of LTS requests from unit TEX accessing system memory (sysmem) for all atomics that missed","1"
"lts__t_requests_srcunit_tex_aperture_sysmem_op_membar","Counter","request","# of LTS requests from unit TEX accessing system memory (sysmem) for memory barriers","1"
"lts__t_requests_srcunit_tex_aperture_sysmem_op_membar_lookup_hit","Counter","request","# of LTS requests from unit TEX accessing system memory (sysmem) for memory barriers that hit","1"
"lts__t_requests_srcunit_tex_aperture_sysmem_op_membar_lookup_miss","Counter","request","# of LTS requests from unit TEX accessing system memory (sysmem) for memory barriers that missed","1"
"lts__t_requests_srcunit_tex_aperture_sysmem_op_read","Counter","request","# of LTS requests from unit TEX accessing system memory (sysmem) for reads","1"
"lts__t_requests_srcunit_tex_aperture_sysmem_op_read_lookup_hit","Counter","request","# of LTS requests from unit TEX accessing system memory (sysmem) for reads that hit","1"
"lts__t_requests_srcunit_tex_aperture_sysmem_op_read_lookup_miss","Counter","request","# of LTS requests from unit TEX accessing system memory (sysmem) for reads that missed","1"
"lts__t_requests_srcunit_tex_aperture_sysmem_op_red","Counter","request","# of LTS requests from unit TEX accessing system memory (sysmem) for reductions","1"
"lts__t_requests_srcunit_tex_aperture_sysmem_op_red_lookup_hit","Counter","request","# of LTS requests from unit TEX accessing system memory (sysmem) for reductions that hit","1"
"lts__t_requests_srcunit_tex_aperture_sysmem_op_red_lookup_miss","Counter","request","# of LTS requests from unit TEX accessing system memory (sysmem) for reductions that missed","1"
"lts__t_requests_srcunit_tex_aperture_sysmem_op_write","Counter","request","# of LTS requests from unit TEX accessing system memory (sysmem) for writes","1"
"lts__t_requests_srcunit_tex_aperture_sysmem_op_write_lookup_hit","Counter","request","# of LTS requests from unit TEX accessing system memory (sysmem) for writes that hit","1"
"lts__t_requests_srcunit_tex_aperture_sysmem_op_write_lookup_miss","Counter","request","# of LTS requests from unit TEX accessing system memory (sysmem) for writes that missed","1"
"lts__t_requests_srcunit_tex_evict_first","Counter","request","# of LTS requests from unit TEX marked evict-first","1"
"lts__t_requests_srcunit_tex_evict_first_lookup_hit","Counter","request","# of LTS requests from unit TEX marked evict-first that hit","1"
"lts__t_requests_srcunit_tex_evict_first_lookup_miss","Counter","request","# of LTS requests from unit TEX marked evict-first that missed","1"
"lts__t_requests_srcunit_tex_evict_last","Counter","request","# of LTS requests from unit TEX marked evict-last","1"
"lts__t_requests_srcunit_tex_evict_last_lookup_hit","Counter","request","# of LTS requests from unit TEX marked evict-last that hit","1"
"lts__t_requests_srcunit_tex_evict_last_lookup_miss","Counter","request","# of LTS requests from unit TEX marked evict-last that missed","1"
"lts__t_requests_srcunit_tex_evict_normal","Counter","request","# of LTS requests from unit TEX marked evict-normal (LRU)","1"
"lts__t_requests_srcunit_tex_evict_normal_demote","Counter","request","# of LTS requests from unit TEX marked evict-normal-demote","1"
"lts__t_requests_srcunit_tex_evict_normal_demote_lookup_hit","Counter","request","# of LTS requests from unit TEX marked evict-normal-demote that hit","1"
"lts__t_requests_srcunit_tex_evict_normal_demote_lookup_miss","Counter","request","# of LTS requests from unit TEX marked evict-normal-demote that missed","1"
"lts__t_requests_srcunit_tex_evict_normal_lookup_hit","Counter","request","# of LTS requests from unit TEX marked evict-normal (LRU) that hit","1"
"lts__t_requests_srcunit_tex_evict_normal_lookup_miss","Counter","request","# of LTS requests from unit TEX marked evict-normal (LRU) that missed","1"
"lts__t_requests_srcunit_tex_lookup_hit","Counter","request","# of LTS requests from unit TEX that hit","1"
"lts__t_requests_srcunit_tex_lookup_miss","Counter","request","# of LTS requests from unit TEX that missed","1"
"lts__t_requests_srcunit_tex_op_atom","Counter","request","# of LTS requests from unit TEX for all atomics","1"
"lts__t_requests_srcunit_tex_op_atom_dot_alu","Counter","request","# of LTS requests from unit TEX for atomic ALU (non-CAS)","1"
"lts__t_requests_srcunit_tex_op_atom_dot_alu_lookup_hit","Counter","request","# of LTS requests from unit TEX for atomic ALU (non-CAS) that hit","1"
"lts__t_requests_srcunit_tex_op_atom_dot_cas","Counter","request","# of LTS requests from unit TEX for atomic CAS","1"
"lts__t_requests_srcunit_tex_op_atom_dot_cas_lookup_hit","Counter","request","# of LTS requests from unit TEX for atomic CAS that hit","1"
"lts__t_requests_srcunit_tex_op_atom_evict_first","Counter","request","# of LTS requests from unit TEX for all atomics marked evict-first","1"
"lts__t_requests_srcunit_tex_op_atom_evict_first_lookup_hit","Counter","request","# of LTS requests from unit TEX for all atomics marked evict-first that hit","1"
"lts__t_requests_srcunit_tex_op_atom_evict_first_lookup_miss","Counter","request","# of LTS requests from unit TEX for all atomics marked evict-first that missed","1"
"lts__t_requests_srcunit_tex_op_atom_evict_last","Counter","request","# of LTS requests from unit TEX for all atomics marked evict-last","1"
"lts__t_requests_srcunit_tex_op_atom_evict_last_lookup_hit","Counter","request","# of LTS requests from unit TEX for all atomics marked evict-last that hit","1"
"lts__t_requests_srcunit_tex_op_atom_evict_last_lookup_miss","Counter","request","# of LTS requests from unit TEX for all atomics marked evict-last that missed","1"
"lts__t_requests_srcunit_tex_op_atom_evict_normal","Counter","request","# of LTS requests from unit TEX for all atomics marked evict-normal (LRU)","1"
"lts__t_requests_srcunit_tex_op_atom_evict_normal_demote","Counter","request","# of LTS requests from unit TEX for all atomics marked evict-normal-demote","1"
"lts__t_requests_srcunit_tex_op_atom_evict_normal_demote_lookup_hit","Counter","request","# of LTS requests from unit TEX for all atomics marked evict-normal-demote that hit","1"
"lts__t_requests_srcunit_tex_op_atom_evict_normal_demote_lookup_miss","Counter","request","# of LTS requests from unit TEX for all atomics marked evict-normal-demote that missed","1"
"lts__t_requests_srcunit_tex_op_atom_evict_normal_lookup_hit","Counter","request","# of LTS requests from unit TEX for all atomics marked evict-normal (LRU) that hit","1"
"lts__t_requests_srcunit_tex_op_atom_evict_normal_lookup_miss","Counter","request","# of LTS requests from unit TEX for all atomics marked evict-normal (LRU) that missed","1"
"lts__t_requests_srcunit_tex_op_atom_lookup_hit","Counter","request","# of LTS requests from unit TEX for all atomics that hit","1"
"lts__t_requests_srcunit_tex_op_atom_lookup_miss","Counter","request","# of LTS requests from unit TEX for all atomics that missed","1"
"lts__t_requests_srcunit_tex_op_membar","Counter","request","# of LTS requests from unit TEX for memory barriers","1"
"lts__t_requests_srcunit_tex_op_membar_evict_first","Counter","request","# of LTS requests from unit TEX for memory barriers marked evict-first","1"
"lts__t_requests_srcunit_tex_op_membar_evict_first_lookup_hit","Counter","request","# of LTS requests from unit TEX for memory barriers marked evict-first that hit","1"
"lts__t_requests_srcunit_tex_op_membar_evict_first_lookup_miss","Counter","request","# of LTS requests from unit TEX for memory barriers marked evict-first that missed","1"
"lts__t_requests_srcunit_tex_op_membar_evict_last","Counter","request","# of LTS requests from unit TEX for memory barriers marked evict-last","1"
"lts__t_requests_srcunit_tex_op_membar_evict_last_lookup_hit","Counter","request","# of LTS requests from unit TEX for memory barriers marked evict-last that hit","1"
"lts__t_requests_srcunit_tex_op_membar_evict_last_lookup_miss","Counter","request","# of LTS requests from unit TEX for memory barriers marked evict-last that missed","1"
"lts__t_requests_srcunit_tex_op_membar_evict_normal","Counter","request","# of LTS requests from unit TEX for memory barriers marked evict-normal (LRU)","1"
"lts__t_requests_srcunit_tex_op_membar_evict_normal_demote","Counter","request","# of LTS requests from unit TEX for memory barriers marked evict-normal-demote","1"
"lts__t_requests_srcunit_tex_op_membar_evict_normal_demote_lookup_hit","Counter","request","# of LTS requests from unit TEX for memory barriers marked evict-normal-demote that hit","1"
"lts__t_requests_srcunit_tex_op_membar_evict_normal_demote_lookup_miss","Counter","request","# of LTS requests from unit TEX for memory barriers marked evict-normal-demote that missed","1"
"lts__t_requests_srcunit_tex_op_membar_evict_normal_lookup_hit","Counter","request","# of LTS requests from unit TEX for memory barriers marked evict-normal (LRU) that hit","1"
"lts__t_requests_srcunit_tex_op_membar_evict_normal_lookup_miss","Counter","request","# of LTS requests from unit TEX for memory barriers marked evict-normal (LRU) that missed","1"
"lts__t_requests_srcunit_tex_op_membar_lookup_hit","Counter","request","# of LTS requests from unit TEX for memory barriers that hit","1"
"lts__t_requests_srcunit_tex_op_membar_lookup_miss","Counter","request","# of LTS requests from unit TEX for memory barriers that missed","1"
"lts__t_requests_srcunit_tex_op_read","Counter","request","# of LTS requests from unit TEX for reads","1"
"lts__t_requests_srcunit_tex_op_read_evict_first","Counter","request","# of LTS requests from unit TEX for reads marked evict-first","1"
"lts__t_requests_srcunit_tex_op_read_evict_first_lookup_hit","Counter","request","# of LTS requests from unit TEX for reads marked evict-first that hit","1"
"lts__t_requests_srcunit_tex_op_read_evict_first_lookup_miss","Counter","request","# of LTS requests from unit TEX for reads marked evict-first that missed","1"
"lts__t_requests_srcunit_tex_op_read_evict_last","Counter","request","# of LTS requests from unit TEX for reads marked evict-last","1"
"lts__t_requests_srcunit_tex_op_read_evict_last_lookup_hit","Counter","request","# of LTS requests from unit TEX for reads marked evict-last that hit","1"
"lts__t_requests_srcunit_tex_op_read_evict_last_lookup_miss","Counter","request","# of LTS requests from unit TEX for reads marked evict-last that missed","1"
"lts__t_requests_srcunit_tex_op_read_evict_normal","Counter","request","# of LTS requests from unit TEX for reads marked evict-normal (LRU)","1"
"lts__t_requests_srcunit_tex_op_read_evict_normal_demote","Counter","request","# of LTS requests from unit TEX for reads marked evict-normal-demote","1"
"lts__t_requests_srcunit_tex_op_read_evict_normal_demote_lookup_hit","Counter","request","# of LTS requests from unit TEX for reads marked evict-normal-demote that hit","1"
"lts__t_requests_srcunit_tex_op_read_evict_normal_demote_lookup_miss","Counter","request","# of LTS requests from unit TEX for reads marked evict-normal-demote that missed","1"
"lts__t_requests_srcunit_tex_op_read_evict_normal_lookup_hit","Counter","request","# of LTS requests from unit TEX for reads marked evict-normal (LRU) that hit","1"
"lts__t_requests_srcunit_tex_op_read_evict_normal_lookup_miss","Counter","request","# of LTS requests from unit TEX for reads marked evict-normal (LRU) that missed","1"
"lts__t_requests_srcunit_tex_op_read_lookup_hit","Counter","request","# of LTS requests from unit TEX for reads that hit","1"
"lts__t_requests_srcunit_tex_op_read_lookup_miss","Counter","request","# of LTS requests from unit TEX for reads that missed","1"
"lts__t_requests_srcunit_tex_op_red","Counter","request","# of LTS requests from unit TEX for reductions","1"
"lts__t_requests_srcunit_tex_op_red_lookup_hit","Counter","request","# of LTS requests from unit TEX for reductions that hit","1"
"lts__t_requests_srcunit_tex_op_red_lookup_miss","Counter","request","# of LTS requests from unit TEX for reductions that missed","1"
"lts__t_requests_srcunit_tex_op_write","Counter","request","# of LTS requests from unit TEX for writes","1"
"lts__t_requests_srcunit_tex_op_write_evict_first","Counter","request","# of LTS requests from unit TEX for writes marked evict-first","1"
"lts__t_requests_srcunit_tex_op_write_evict_first_lookup_hit","Counter","request","# of LTS requests from unit TEX for writes marked evict-first that hit","1"
"lts__t_requests_srcunit_tex_op_write_evict_first_lookup_miss","Counter","request","# of LTS requests from unit TEX for writes marked evict-first that missed","1"
"lts__t_requests_srcunit_tex_op_write_evict_last","Counter","request","# of LTS requests from unit TEX for writes marked evict-last","1"
"lts__t_requests_srcunit_tex_op_write_evict_last_lookup_hit","Counter","request","# of LTS requests from unit TEX for writes marked evict-last that hit","1"
"lts__t_requests_srcunit_tex_op_write_evict_last_lookup_miss","Counter","request","# of LTS requests from unit TEX for writes marked evict-last that missed","1"
"lts__t_requests_srcunit_tex_op_write_evict_normal","Counter","request","# of LTS requests from unit TEX for writes marked evict-normal (LRU)","1"
"lts__t_requests_srcunit_tex_op_write_evict_normal_demote","Counter","request","# of LTS requests from unit TEX for writes marked evict-normal-demote","1"
"lts__t_requests_srcunit_tex_op_write_evict_normal_demote_lookup_hit","Counter","request","# of LTS requests from unit TEX for writes marked evict-normal-demote that hit","1"
"lts__t_requests_srcunit_tex_op_write_evict_normal_demote_lookup_miss","Counter","request","# of LTS requests from unit TEX for writes marked evict-normal-demote that missed","1"
"lts__t_requests_srcunit_tex_op_write_evict_normal_lookup_hit","Counter","request","# of LTS requests from unit TEX for writes marked evict-normal (LRU) that hit","1"
"lts__t_requests_srcunit_tex_op_write_evict_normal_lookup_miss","Counter","request","# of LTS requests from unit TEX for writes marked evict-normal (LRU) that missed","1"
"lts__t_requests_srcunit_tex_op_write_lookup_hit","Counter","request","# of LTS requests from unit TEX for writes that hit","1"
"lts__t_requests_srcunit_tex_op_write_lookup_miss","Counter","request","# of LTS requests from unit TEX for writes that missed","1"
"lts__t_sector_hit_rate","Ratio","","proportion of L2 sector lookups that hit","1"
"lts__t_sector_op_atom_dot_alu_hit_rate","Ratio","","# of sector hits for _op_atom_dot_alu per sector access for _op_atom_dot_alu","1"
"lts__t_sector_op_atom_dot_cas_hit_rate","Ratio","","# of sector hits for _op_atom_dot_cas per sector access for _op_atom_dot_cas","1"
"lts__t_sector_op_atom_hit_rate","Ratio","","# of sector hits for _op_atom per sector access for _op_atom","1"
"lts__t_sector_op_read_hit_rate","Ratio","","# of sector hits for _op_read per sector access for _op_read","1"
"lts__t_sector_op_red_hit_rate","Ratio","","# of sector hits for _op_red per sector access for _op_red","1"
"lts__t_sector_op_write_hit_rate","Ratio","","# of sector hits for _op_write per sector access for _op_write","1"
"lts__t_sectors","Counter","sector","# of LTS sectors","1"
"lts__t_sectors_aperture_device","Counter","sector","# of LTS sectors accessing device memory (vidmem)","1"
"lts__t_sectors_aperture_device_evict_first","Counter","sector","# of LTS sectors accessing device memory (vidmem) marked evict-first","1"
"lts__t_sectors_aperture_device_evict_first_lookup_hit","Counter","sector","# of LTS sectors accessing device memory (vidmem) marked evict-first that hit","1"
"lts__t_sectors_aperture_device_evict_first_lookup_miss","Counter","sector","# of LTS sectors accessing device memory (vidmem) marked evict-first that missed","1"
"lts__t_sectors_aperture_device_evict_last","Counter","sector","# of LTS sectors accessing device memory (vidmem) marked evict-last","1"
"lts__t_sectors_aperture_device_evict_last_lookup_hit","Counter","sector","# of LTS sectors accessing device memory (vidmem) marked evict-last that hit","1"
"lts__t_sectors_aperture_device_evict_last_lookup_miss","Counter","sector","# of LTS sectors accessing device memory (vidmem) marked evict-last that missed","1"
"lts__t_sectors_aperture_device_evict_normal","Counter","sector","# of LTS sectors accessing device memory (vidmem) marked evict-normal (LRU)","1"
"lts__t_sectors_aperture_device_evict_normal_demote","Counter","sector","# of LTS sectors accessing device memory (vidmem) marked evict-normal-demote","1"
"lts__t_sectors_aperture_device_evict_normal_demote_lookup_hit","Counter","sector","# of LTS sectors accessing device memory (vidmem) marked evict-normal-demote that hit","1"
"lts__t_sectors_aperture_device_evict_normal_demote_lookup_miss","Counter","sector","# of LTS sectors accessing device memory (vidmem) marked evict-normal-demote that missed","1"
"lts__t_sectors_aperture_device_evict_normal_lookup_hit","Counter","sector","# of LTS sectors accessing device memory (vidmem) marked evict-normal (LRU) that hit","1"
"lts__t_sectors_aperture_device_evict_normal_lookup_miss","Counter","sector","# of LTS sectors accessing device memory (vidmem) marked evict-normal (LRU) that missed","1"
"lts__t_sectors_aperture_device_lookup_hit","Counter","sector","# of LTS sectors accessing device memory (vidmem) that hit","1"
"lts__t_sectors_aperture_device_lookup_miss","Counter","sector","# of LTS sectors accessing device memory (vidmem) that missed","1"
"lts__t_sectors_aperture_device_op_atom","Counter","sector","# of LTS sectors accessing device memory (vidmem) for all atomics","1"
"lts__t_sectors_aperture_device_op_atom_dot_alu","Counter","sector","# of LTS sectors accessing device memory (vidmem) for atomic ALU (non-CAS)","1"
"lts__t_sectors_aperture_device_op_atom_dot_alu_lookup_hit","Counter","sector","# of LTS sectors accessing device memory (vidmem) for atomic ALU (non-CAS) that hit","1"
"lts__t_sectors_aperture_device_op_atom_dot_alu_lookup_miss","Counter","sector","# of LTS sectors accessing device memory (vidmem) for atomic ALU (non-CAS) that missed","1"
"lts__t_sectors_aperture_device_op_atom_dot_cas","Counter","sector","# of LTS sectors accessing device memory (vidmem) for atomic CAS","1"
"lts__t_sectors_aperture_device_op_atom_dot_cas_lookup_hit","Counter","sector","# of LTS sectors accessing device memory (vidmem) for atomic CAS that hit","1"
"lts__t_sectors_aperture_device_op_atom_dot_cas_lookup_miss","Counter","sector","# of LTS sectors accessing device memory (vidmem) for atomic CAS that missed","1"
"lts__t_sectors_aperture_device_op_atom_evict_first","Counter","sector","# of LTS sectors accessing device memory (vidmem) for all atomics marked evict-first","1"
"lts__t_sectors_aperture_device_op_atom_evict_first_lookup_hit","Counter","sector","# of LTS sectors accessing device memory (vidmem) for all atomics marked evict-first that hit","1"
"lts__t_sectors_aperture_device_op_atom_evict_first_lookup_miss","Counter","sector","# of LTS sectors accessing device memory (vidmem) for all atomics marked evict-first that missed","1"
"lts__t_sectors_aperture_device_op_atom_evict_last","Counter","sector","# of LTS sectors accessing device memory (vidmem) for all atomics marked evict-last","1"
"lts__t_sectors_aperture_device_op_atom_evict_last_lookup_hit","Counter","sector","# of LTS sectors accessing device memory (vidmem) for all atomics marked evict-last that hit","1"
"lts__t_sectors_aperture_device_op_atom_evict_last_lookup_miss","Counter","sector","# of LTS sectors accessing device memory (vidmem) for all atomics marked evict-last that missed","1"
"lts__t_sectors_aperture_device_op_atom_evict_normal","Counter","sector","# of LTS sectors accessing device memory (vidmem) for all atomics marked evict-normal (LRU)","1"
"lts__t_sectors_aperture_device_op_atom_evict_normal_demote","Counter","sector","# of LTS sectors accessing device memory (vidmem) for all atomics marked evict-normal-demote","1"
"lts__t_sectors_aperture_device_op_atom_evict_normal_demote_lookup_hit","Counter","sector","# of LTS sectors accessing device memory (vidmem) for all atomics marked evict-normal-demote that hit","1"
"lts__t_sectors_aperture_device_op_atom_evict_normal_demote_lookup_miss","Counter","sector","# of LTS sectors accessing device memory (vidmem) for all atomics marked evict-normal-demote that missed","1"
"lts__t_sectors_aperture_device_op_atom_evict_normal_lookup_hit","Counter","sector","# of LTS sectors accessing device memory (vidmem) for all atomics marked evict-normal (LRU) that hit","1"
"lts__t_sectors_aperture_device_op_atom_evict_normal_lookup_miss","Counter","sector","# of LTS sectors accessing device memory (vidmem) for all atomics marked evict-normal (LRU) that missed","1"
"lts__t_sectors_aperture_device_op_atom_lookup_hit","Counter","sector","# of LTS sectors accessing device memory (vidmem) for all atomics that hit","1"
"lts__t_sectors_aperture_device_op_atom_lookup_miss","Counter","sector","# of LTS sectors accessing device memory (vidmem) for all atomics that missed","1"
"lts__t_sectors_aperture_device_op_membar","Counter","sector","# of LTS sectors accessing device memory (vidmem) for memory barriers","1"
"lts__t_sectors_aperture_device_op_membar_evict_first","Counter","sector","# of LTS sectors accessing device memory (vidmem) for memory barriers marked evict-first","1"
"lts__t_sectors_aperture_device_op_membar_evict_first_lookup_hit","Counter","sector","# of LTS sectors accessing device memory (vidmem) for memory barriers marked evict-first that hit","1"
"lts__t_sectors_aperture_device_op_membar_evict_first_lookup_miss","Counter","sector","# of LTS sectors accessing device memory (vidmem) for memory barriers marked evict-first that missed","1"
"lts__t_sectors_aperture_device_op_membar_evict_last","Counter","sector","# of LTS sectors accessing device memory (vidmem) for memory barriers marked evict-last","1"
"lts__t_sectors_aperture_device_op_membar_evict_last_lookup_hit","Counter","sector","# of LTS sectors accessing device memory (vidmem) for memory barriers marked evict-last that hit","1"
"lts__t_sectors_aperture_device_op_membar_evict_last_lookup_miss","Counter","sector","# of LTS sectors accessing device memory (vidmem) for memory barriers marked evict-last that missed","1"
"lts__t_sectors_aperture_device_op_membar_evict_normal","Counter","sector","# of LTS sectors accessing device memory (vidmem) for memory barriers marked evict-normal (LRU)","1"
"lts__t_sectors_aperture_device_op_membar_evict_normal_demote","Counter","sector","# of LTS sectors accessing device memory (vidmem) for memory barriers marked evict-normal-demote","1"
"lts__t_sectors_aperture_device_op_membar_evict_normal_demote_lookup_hit","Counter","sector","# of LTS sectors accessing device memory (vidmem) for memory barriers marked evict-normal-demote that hit","1"
"lts__t_sectors_aperture_device_op_membar_evict_normal_demote_lookup_miss","Counter","sector","# of LTS sectors accessing device memory (vidmem) for memory barriers marked evict-normal-demote that missed","1"
"lts__t_sectors_aperture_device_op_membar_evict_normal_lookup_hit","Counter","sector","# of LTS sectors accessing device memory (vidmem) for memory barriers marked evict-normal (LRU) that hit","1"
"lts__t_sectors_aperture_device_op_membar_evict_normal_lookup_miss","Counter","sector","# of LTS sectors accessing device memory (vidmem) for memory barriers marked evict-normal (LRU) that missed","1"
"lts__t_sectors_aperture_device_op_membar_lookup_hit","Counter","sector","# of LTS sectors accessing device memory (vidmem) for memory barriers that hit","1"
"lts__t_sectors_aperture_device_op_membar_lookup_miss","Counter","sector","# of LTS sectors accessing device memory (vidmem) for memory barriers that missed","1"
"lts__t_sectors_aperture_device_op_read","Counter","sector","# of LTS sectors accessing device memory (vidmem) for reads","1"
"lts__t_sectors_aperture_device_op_read_evict_first","Counter","sector","# of LTS sectors accessing device memory (vidmem) for reads marked evict-first","1"
"lts__t_sectors_aperture_device_op_read_evict_first_lookup_hit","Counter","sector","# of LTS sectors accessing device memory (vidmem) for reads marked evict-first that hit","1"
"lts__t_sectors_aperture_device_op_read_evict_first_lookup_miss","Counter","sector","# of LTS sectors accessing device memory (vidmem) for reads marked evict-first that missed","1"
"lts__t_sectors_aperture_device_op_read_evict_last","Counter","sector","# of LTS sectors accessing device memory (vidmem) for reads marked evict-last","1"
"lts__t_sectors_aperture_device_op_read_evict_last_lookup_hit","Counter","sector","# of LTS sectors accessing device memory (vidmem) for reads marked evict-last that hit","1"
"lts__t_sectors_aperture_device_op_read_evict_last_lookup_miss","Counter","sector","# of LTS sectors accessing device memory (vidmem) for reads marked evict-last that missed","1"
"lts__t_sectors_aperture_device_op_read_evict_normal","Counter","sector","# of LTS sectors accessing device memory (vidmem) for reads marked evict-normal (LRU)","1"
"lts__t_sectors_aperture_device_op_read_evict_normal_demote","Counter","sector","# of LTS sectors accessing device memory (vidmem) for reads marked evict-normal-demote","1"
"lts__t_sectors_aperture_device_op_read_evict_normal_demote_lookup_hit","Counter","sector","# of LTS sectors accessing device memory (vidmem) for reads marked evict-normal-demote that hit","1"
"lts__t_sectors_aperture_device_op_read_evict_normal_demote_lookup_miss","Counter","sector","# of LTS sectors accessing device memory (vidmem) for reads marked evict-normal-demote that missed","1"
"lts__t_sectors_aperture_device_op_read_evict_normal_lookup_hit","Counter","sector","# of LTS sectors accessing device memory (vidmem) for reads marked evict-normal (LRU) that hit","1"
"lts__t_sectors_aperture_device_op_read_evict_normal_lookup_miss","Counter","sector","# of LTS sectors accessing device memory (vidmem) for reads marked evict-normal (LRU) that missed","1"
"lts__t_sectors_aperture_device_op_read_lookup_hit","Counter","sector","# of LTS sectors accessing device memory (vidmem) for reads that hit","1"
"lts__t_sectors_aperture_device_op_read_lookup_miss","Counter","sector","# of LTS sectors accessing device memory (vidmem) for reads that missed","1"
"lts__t_sectors_aperture_device_op_red","Counter","sector","# of LTS sectors accessing device memory (vidmem) for reductions","1"
"lts__t_sectors_aperture_device_op_red_lookup_hit","Counter","sector","# of LTS sectors accessing device memory (vidmem) for reductions that hit","1"
"lts__t_sectors_aperture_device_op_red_lookup_miss","Counter","sector","# of LTS sectors accessing device memory (vidmem) for reductions that missed","1"
"lts__t_sectors_aperture_device_op_write","Counter","sector","# of LTS sectors accessing device memory (vidmem) for writes","1"
"lts__t_sectors_aperture_device_op_write_evict_first","Counter","sector","# of LTS sectors accessing device memory (vidmem) for writes marked evict-first","1"
"lts__t_sectors_aperture_device_op_write_evict_first_lookup_hit","Counter","sector","# of LTS sectors accessing device memory (vidmem) for writes marked evict-first that hit","1"
"lts__t_sectors_aperture_device_op_write_evict_first_lookup_miss","Counter","sector","# of LTS sectors accessing device memory (vidmem) for writes marked evict-first that missed","1"
"lts__t_sectors_aperture_device_op_write_evict_last","Counter","sector","# of LTS sectors accessing device memory (vidmem) for writes marked evict-last","1"
"lts__t_sectors_aperture_device_op_write_evict_last_lookup_hit","Counter","sector","# of LTS sectors accessing device memory (vidmem) for writes marked evict-last that hit","1"
"lts__t_sectors_aperture_device_op_write_evict_last_lookup_miss","Counter","sector","# of LTS sectors accessing device memory (vidmem) for writes marked evict-last that missed","1"
"lts__t_sectors_aperture_device_op_write_evict_normal","Counter","sector","# of LTS sectors accessing device memory (vidmem) for writes marked evict-normal (LRU)","1"
"lts__t_sectors_aperture_device_op_write_evict_normal_demote","Counter","sector","# of LTS sectors accessing device memory (vidmem) for writes marked evict-normal-demote","1"
"lts__t_sectors_aperture_device_op_write_evict_normal_demote_lookup_hit","Counter","sector","# of LTS sectors accessing device memory (vidmem) for writes marked evict-normal-demote that hit","1"
"lts__t_sectors_aperture_device_op_write_evict_normal_demote_lookup_miss","Counter","sector","# of LTS sectors accessing device memory (vidmem) for writes marked evict-normal-demote that missed","1"
"lts__t_sectors_aperture_device_op_write_evict_normal_lookup_hit","Counter","sector","# of LTS sectors accessing device memory (vidmem) for writes marked evict-normal (LRU) that hit","1"
"lts__t_sectors_aperture_device_op_write_evict_normal_lookup_miss","Counter","sector","# of LTS sectors accessing device memory (vidmem) for writes marked evict-normal (LRU) that missed","1"
"lts__t_sectors_aperture_device_op_write_lookup_hit","Counter","sector","# of LTS sectors accessing device memory (vidmem) for writes that hit","1"
"lts__t_sectors_aperture_device_op_write_lookup_miss","Counter","sector","# of LTS sectors accessing device memory (vidmem) for writes that missed","1"
"lts__t_sectors_aperture_peer","Counter","sector","# of LTS sectors accessing peer memory (peermem)","1"
"lts__t_sectors_aperture_peer_evict_first","Counter","sector","# of LTS sectors accessing peer memory (peermem) marked evict-first","1"
"lts__t_sectors_aperture_peer_evict_first_lookup_hit","Counter","sector","# of LTS sectors accessing peer memory (peermem) marked evict-first that hit","1"
"lts__t_sectors_aperture_peer_evict_first_lookup_miss","Counter","sector","# of LTS sectors accessing peer memory (peermem) marked evict-first that missed","1"
"lts__t_sectors_aperture_peer_evict_last","Counter","sector","# of LTS sectors accessing peer memory (peermem) marked evict-last","1"
"lts__t_sectors_aperture_peer_evict_last_lookup_hit","Counter","sector","# of LTS sectors accessing peer memory (peermem) marked evict-last that hit","1"
"lts__t_sectors_aperture_peer_evict_last_lookup_miss","Counter","sector","# of LTS sectors accessing peer memory (peermem) marked evict-last that missed","1"
"lts__t_sectors_aperture_peer_evict_normal","Counter","sector","# of LTS sectors accessing peer memory (peermem) marked evict-normal (LRU)","1"
"lts__t_sectors_aperture_peer_evict_normal_demote","Counter","sector","# of LTS sectors accessing peer memory (peermem) marked evict-normal-demote","1"
"lts__t_sectors_aperture_peer_evict_normal_demote_lookup_hit","Counter","sector","# of LTS sectors accessing peer memory (peermem) marked evict-normal-demote that hit","1"
"lts__t_sectors_aperture_peer_evict_normal_demote_lookup_miss","Counter","sector","# of LTS sectors accessing peer memory (peermem) marked evict-normal-demote that missed","1"
"lts__t_sectors_aperture_peer_evict_normal_lookup_hit","Counter","sector","# of LTS sectors accessing peer memory (peermem) marked evict-normal (LRU) that hit","1"
"lts__t_sectors_aperture_peer_evict_normal_lookup_miss","Counter","sector","# of LTS sectors accessing peer memory (peermem) marked evict-normal (LRU) that missed","1"
"lts__t_sectors_aperture_peer_lookup_hit","Counter","sector","# of LTS sectors accessing peer memory (peermem) that hit","1"
"lts__t_sectors_aperture_peer_lookup_miss","Counter","sector","# of LTS sectors accessing peer memory (peermem) that missed","1"
"lts__t_sectors_aperture_peer_op_atom","Counter","sector","# of LTS sectors accessing peer memory (peermem) for all atomics","1"
"lts__t_sectors_aperture_peer_op_atom_dot_alu","Counter","sector","# of LTS sectors accessing peer memory (peermem) for atomic ALU (non-CAS)","1"
"lts__t_sectors_aperture_peer_op_atom_dot_alu_lookup_hit","Counter","sector","# of LTS sectors accessing peer memory (peermem) for atomic ALU (non-CAS) that hit","1"
"lts__t_sectors_aperture_peer_op_atom_dot_alu_lookup_miss","Counter","sector","# of LTS sectors accessing peer memory (peermem) for atomic ALU (non-CAS) that missed","1"
"lts__t_sectors_aperture_peer_op_atom_dot_cas","Counter","sector","# of LTS sectors accessing peer memory (peermem) for atomic CAS","1"
"lts__t_sectors_aperture_peer_op_atom_dot_cas_lookup_hit","Counter","sector","# of LTS sectors accessing peer memory (peermem) for atomic CAS that hit","1"
"lts__t_sectors_aperture_peer_op_atom_dot_cas_lookup_miss","Counter","sector","# of LTS sectors accessing peer memory (peermem) for atomic CAS that missed","1"
"lts__t_sectors_aperture_peer_op_atom_evict_first","Counter","sector","# of LTS sectors accessing peer memory (peermem) for all atomics marked evict-first","1"
"lts__t_sectors_aperture_peer_op_atom_evict_first_lookup_hit","Counter","sector","# of LTS sectors accessing peer memory (peermem) for all atomics marked evict-first that hit","1"
"lts__t_sectors_aperture_peer_op_atom_evict_first_lookup_miss","Counter","sector","# of LTS sectors accessing peer memory (peermem) for all atomics marked evict-first that missed","1"
"lts__t_sectors_aperture_peer_op_atom_evict_last","Counter","sector","# of LTS sectors accessing peer memory (peermem) for all atomics marked evict-last","1"
"lts__t_sectors_aperture_peer_op_atom_evict_last_lookup_hit","Counter","sector","# of LTS sectors accessing peer memory (peermem) for all atomics marked evict-last that hit","1"
"lts__t_sectors_aperture_peer_op_atom_evict_last_lookup_miss","Counter","sector","# of LTS sectors accessing peer memory (peermem) for all atomics marked evict-last that missed","1"
"lts__t_sectors_aperture_peer_op_atom_evict_normal","Counter","sector","# of LTS sectors accessing peer memory (peermem) for all atomics marked evict-normal (LRU)","1"
"lts__t_sectors_aperture_peer_op_atom_evict_normal_demote","Counter","sector","# of LTS sectors accessing peer memory (peermem) for all atomics marked evict-normal-demote","1"
"lts__t_sectors_aperture_peer_op_atom_evict_normal_demote_lookup_hit","Counter","sector","# of LTS sectors accessing peer memory (peermem) for all atomics marked evict-normal-demote that hit","1"
"lts__t_sectors_aperture_peer_op_atom_evict_normal_demote_lookup_miss","Counter","sector","# of LTS sectors accessing peer memory (peermem) for all atomics marked evict-normal-demote that missed","1"
"lts__t_sectors_aperture_peer_op_atom_evict_normal_lookup_hit","Counter","sector","# of LTS sectors accessing peer memory (peermem) for all atomics marked evict-normal (LRU) that hit","1"
"lts__t_sectors_aperture_peer_op_atom_evict_normal_lookup_miss","Counter","sector","# of LTS sectors accessing peer memory (peermem) for all atomics marked evict-normal (LRU) that missed","1"
"lts__t_sectors_aperture_peer_op_atom_lookup_hit","Counter","sector","# of LTS sectors accessing peer memory (peermem) for all atomics that hit","1"
"lts__t_sectors_aperture_peer_op_atom_lookup_miss","Counter","sector","# of LTS sectors accessing peer memory (peermem) for all atomics that missed","1"
"lts__t_sectors_aperture_peer_op_membar","Counter","sector","# of LTS sectors accessing peer memory (peermem) for memory barriers","1"
"lts__t_sectors_aperture_peer_op_membar_evict_first","Counter","sector","# of LTS sectors accessing peer memory (peermem) for memory barriers marked evict-first","1"
"lts__t_sectors_aperture_peer_op_membar_evict_first_lookup_hit","Counter","sector","# of LTS sectors accessing peer memory (peermem) for memory barriers marked evict-first that hit","1"
"lts__t_sectors_aperture_peer_op_membar_evict_first_lookup_miss","Counter","sector","# of LTS sectors accessing peer memory (peermem) for memory barriers marked evict-first that missed","1"
"lts__t_sectors_aperture_peer_op_membar_evict_last","Counter","sector","# of LTS sectors accessing peer memory (peermem) for memory barriers marked evict-last","1"
"lts__t_sectors_aperture_peer_op_membar_evict_last_lookup_hit","Counter","sector","# of LTS sectors accessing peer memory (peermem) for memory barriers marked evict-last that hit","1"
"lts__t_sectors_aperture_peer_op_membar_evict_last_lookup_miss","Counter","sector","# of LTS sectors accessing peer memory (peermem) for memory barriers marked evict-last that missed","1"
"lts__t_sectors_aperture_peer_op_membar_evict_normal","Counter","sector","# of LTS sectors accessing peer memory (peermem) for memory barriers marked evict-normal (LRU)","1"
"lts__t_sectors_aperture_peer_op_membar_evict_normal_demote","Counter","sector","# of LTS sectors accessing peer memory (peermem) for memory barriers marked evict-normal-demote","1"
"lts__t_sectors_aperture_peer_op_membar_evict_normal_demote_lookup_hit","Counter","sector","# of LTS sectors accessing peer memory (peermem) for memory barriers marked evict-normal-demote that hit","1"
"lts__t_sectors_aperture_peer_op_membar_evict_normal_demote_lookup_miss","Counter","sector","# of LTS sectors accessing peer memory (peermem) for memory barriers marked evict-normal-demote that missed","1"
"lts__t_sectors_aperture_peer_op_membar_evict_normal_lookup_hit","Counter","sector","# of LTS sectors accessing peer memory (peermem) for memory barriers marked evict-normal (LRU) that hit","1"
"lts__t_sectors_aperture_peer_op_membar_evict_normal_lookup_miss","Counter","sector","# of LTS sectors accessing peer memory (peermem) for memory barriers marked evict-normal (LRU) that missed","1"
"lts__t_sectors_aperture_peer_op_membar_lookup_hit","Counter","sector","# of LTS sectors accessing peer memory (peermem) for memory barriers that hit","1"
"lts__t_sectors_aperture_peer_op_membar_lookup_miss","Counter","sector","# of LTS sectors accessing peer memory (peermem) for memory barriers that missed","1"
"lts__t_sectors_aperture_peer_op_read","Counter","sector","# of LTS sectors accessing peer memory (peermem) for reads","1"
"lts__t_sectors_aperture_peer_op_read_evict_first","Counter","sector","# of LTS sectors accessing peer memory (peermem) for reads marked evict-first","1"
"lts__t_sectors_aperture_peer_op_read_evict_first_lookup_hit","Counter","sector","# of LTS sectors accessing peer memory (peermem) for reads marked evict-first that hit","1"
"lts__t_sectors_aperture_peer_op_read_evict_first_lookup_miss","Counter","sector","# of LTS sectors accessing peer memory (peermem) for reads marked evict-first that missed","1"
"lts__t_sectors_aperture_peer_op_read_evict_last","Counter","sector","# of LTS sectors accessing peer memory (peermem) for reads marked evict-last","1"
"lts__t_sectors_aperture_peer_op_read_evict_last_lookup_hit","Counter","sector","# of LTS sectors accessing peer memory (peermem) for reads marked evict-last that hit","1"
"lts__t_sectors_aperture_peer_op_read_evict_last_lookup_miss","Counter","sector","# of LTS sectors accessing peer memory (peermem) for reads marked evict-last that missed","1"
"lts__t_sectors_aperture_peer_op_read_evict_normal","Counter","sector","# of LTS sectors accessing peer memory (peermem) for reads marked evict-normal (LRU)","1"
"lts__t_sectors_aperture_peer_op_read_evict_normal_demote","Counter","sector","# of LTS sectors accessing peer memory (peermem) for reads marked evict-normal-demote","1"
"lts__t_sectors_aperture_peer_op_read_evict_normal_demote_lookup_hit","Counter","sector","# of LTS sectors accessing peer memory (peermem) for reads marked evict-normal-demote that hit","1"
"lts__t_sectors_aperture_peer_op_read_evict_normal_demote_lookup_miss","Counter","sector","# of LTS sectors accessing peer memory (peermem) for reads marked evict-normal-demote that missed","1"
"lts__t_sectors_aperture_peer_op_read_evict_normal_lookup_hit","Counter","sector","# of LTS sectors accessing peer memory (peermem) for reads marked evict-normal (LRU) that hit","1"
"lts__t_sectors_aperture_peer_op_read_evict_normal_lookup_miss","Counter","sector","# of LTS sectors accessing peer memory (peermem) for reads marked evict-normal (LRU) that missed","1"
"lts__t_sectors_aperture_peer_op_read_lookup_hit","Counter","sector","# of LTS sectors accessing peer memory (peermem) for reads that hit","1"
"lts__t_sectors_aperture_peer_op_read_lookup_miss","Counter","sector","# of LTS sectors accessing peer memory (peermem) for reads that missed","1"
"lts__t_sectors_aperture_peer_op_red","Counter","sector","# of LTS sectors accessing peer memory (peermem) for reductions","1"
"lts__t_sectors_aperture_peer_op_red_lookup_hit","Counter","sector","# of LTS sectors accessing peer memory (peermem) for reductions that hit","1"
"lts__t_sectors_aperture_peer_op_red_lookup_miss","Counter","sector","# of LTS sectors accessing peer memory (peermem) for reductions that missed","1"
"lts__t_sectors_aperture_peer_op_write","Counter","sector","# of LTS sectors accessing peer memory (peermem) for writes","1"
"lts__t_sectors_aperture_peer_op_write_evict_first","Counter","sector","# of LTS sectors accessing peer memory (peermem) for writes marked evict-first","1"
"lts__t_sectors_aperture_peer_op_write_evict_first_lookup_hit","Counter","sector","# of LTS sectors accessing peer memory (peermem) for writes marked evict-first that hit","1"
"lts__t_sectors_aperture_peer_op_write_evict_first_lookup_miss","Counter","sector","# of LTS sectors accessing peer memory (peermem) for writes marked evict-first that missed","1"
"lts__t_sectors_aperture_peer_op_write_evict_last","Counter","sector","# of LTS sectors accessing peer memory (peermem) for writes marked evict-last","1"
"lts__t_sectors_aperture_peer_op_write_evict_last_lookup_hit","Counter","sector","# of LTS sectors accessing peer memory (peermem) for writes marked evict-last that hit","1"
"lts__t_sectors_aperture_peer_op_write_evict_last_lookup_miss","Counter","sector","# of LTS sectors accessing peer memory (peermem) for writes marked evict-last that missed","1"
"lts__t_sectors_aperture_peer_op_write_evict_normal","Counter","sector","# of LTS sectors accessing peer memory (peermem) for writes marked evict-normal (LRU)","1"
"lts__t_sectors_aperture_peer_op_write_evict_normal_demote","Counter","sector","# of LTS sectors accessing peer memory (peermem) for writes marked evict-normal-demote","1"
"lts__t_sectors_aperture_peer_op_write_evict_normal_demote_lookup_hit","Counter","sector","# of LTS sectors accessing peer memory (peermem) for writes marked evict-normal-demote that hit","1"
"lts__t_sectors_aperture_peer_op_write_evict_normal_demote_lookup_miss","Counter","sector","# of LTS sectors accessing peer memory (peermem) for writes marked evict-normal-demote that missed","1"
"lts__t_sectors_aperture_peer_op_write_evict_normal_lookup_hit","Counter","sector","# of LTS sectors accessing peer memory (peermem) for writes marked evict-normal (LRU) that hit","1"
"lts__t_sectors_aperture_peer_op_write_evict_normal_lookup_miss","Counter","sector","# of LTS sectors accessing peer memory (peermem) for writes marked evict-normal (LRU) that missed","1"
"lts__t_sectors_aperture_peer_op_write_lookup_hit","Counter","sector","# of LTS sectors accessing peer memory (peermem) for writes that hit","1"
"lts__t_sectors_aperture_peer_op_write_lookup_miss","Counter","sector","# of LTS sectors accessing peer memory (peermem) for writes that missed","1"
"lts__t_sectors_aperture_sysmem","Counter","sector","# of LTS sectors accessing system memory (sysmem)","1"
"lts__t_sectors_aperture_sysmem_evict_first","Counter","sector","# of LTS sectors accessing system memory (sysmem) marked evict-first","1"
"lts__t_sectors_aperture_sysmem_evict_first_lookup_hit","Counter","sector","# of LTS sectors accessing system memory (sysmem) marked evict-first that hit","1"
"lts__t_sectors_aperture_sysmem_evict_first_lookup_miss","Counter","sector","# of LTS sectors accessing system memory (sysmem) marked evict-first that missed","1"
"lts__t_sectors_aperture_sysmem_evict_last","Counter","sector","# of LTS sectors accessing system memory (sysmem) marked evict-last","1"
"lts__t_sectors_aperture_sysmem_evict_last_lookup_hit","Counter","sector","# of LTS sectors accessing system memory (sysmem) marked evict-last that hit","1"
"lts__t_sectors_aperture_sysmem_evict_last_lookup_miss","Counter","sector","# of LTS sectors accessing system memory (sysmem) marked evict-last that missed","1"
"lts__t_sectors_aperture_sysmem_evict_normal","Counter","sector","# of LTS sectors accessing system memory (sysmem) marked evict-normal (LRU)","1"
"lts__t_sectors_aperture_sysmem_evict_normal_demote","Counter","sector","# of LTS sectors accessing system memory (sysmem) marked evict-normal-demote","1"
"lts__t_sectors_aperture_sysmem_evict_normal_demote_lookup_hit","Counter","sector","# of LTS sectors accessing system memory (sysmem) marked evict-normal-demote that hit","1"
"lts__t_sectors_aperture_sysmem_evict_normal_demote_lookup_miss","Counter","sector","# of LTS sectors accessing system memory (sysmem) marked evict-normal-demote that missed","1"
"lts__t_sectors_aperture_sysmem_evict_normal_lookup_hit","Counter","sector","# of LTS sectors accessing system memory (sysmem) marked evict-normal (LRU) that hit","1"
"lts__t_sectors_aperture_sysmem_evict_normal_lookup_miss","Counter","sector","# of LTS sectors accessing system memory (sysmem) marked evict-normal (LRU) that missed","1"
"lts__t_sectors_aperture_sysmem_lookup_hit","Counter","sector","# of LTS sectors accessing system memory (sysmem) that hit","1"
"lts__t_sectors_aperture_sysmem_lookup_miss","Counter","sector","# of LTS sectors accessing system memory (sysmem) that missed","1"
"lts__t_sectors_aperture_sysmem_op_atom","Counter","sector","# of LTS sectors accessing system memory (sysmem) for all atomics","1"
"lts__t_sectors_aperture_sysmem_op_atom_dot_alu","Counter","sector","# of LTS sectors accessing system memory (sysmem) for atomic ALU (non-CAS)","1"
"lts__t_sectors_aperture_sysmem_op_atom_dot_alu_lookup_hit","Counter","sector","# of LTS sectors accessing system memory (sysmem) for atomic ALU (non-CAS) that hit","1"
"lts__t_sectors_aperture_sysmem_op_atom_dot_alu_lookup_miss","Counter","sector","# of LTS sectors accessing system memory (sysmem) for atomic ALU (non-CAS) that missed","1"
"lts__t_sectors_aperture_sysmem_op_atom_dot_cas","Counter","sector","# of LTS sectors accessing system memory (sysmem) for atomic CAS","1"
"lts__t_sectors_aperture_sysmem_op_atom_dot_cas_lookup_hit","Counter","sector","# of LTS sectors accessing system memory (sysmem) for atomic CAS that hit","1"
"lts__t_sectors_aperture_sysmem_op_atom_dot_cas_lookup_miss","Counter","sector","# of LTS sectors accessing system memory (sysmem) for atomic CAS that missed","1"
"lts__t_sectors_aperture_sysmem_op_atom_evict_first","Counter","sector","# of LTS sectors accessing system memory (sysmem) for all atomics marked evict-first","1"
"lts__t_sectors_aperture_sysmem_op_atom_evict_first_lookup_hit","Counter","sector","# of LTS sectors accessing system memory (sysmem) for all atomics marked evict-first that hit","1"
"lts__t_sectors_aperture_sysmem_op_atom_evict_first_lookup_miss","Counter","sector","# of LTS sectors accessing system memory (sysmem) for all atomics marked evict-first that missed","1"
"lts__t_sectors_aperture_sysmem_op_atom_evict_last","Counter","sector","# of LTS sectors accessing system memory (sysmem) for all atomics marked evict-last","1"
"lts__t_sectors_aperture_sysmem_op_atom_evict_last_lookup_hit","Counter","sector","# of LTS sectors accessing system memory (sysmem) for all atomics marked evict-last that hit","1"
"lts__t_sectors_aperture_sysmem_op_atom_evict_last_lookup_miss","Counter","sector","# of LTS sectors accessing system memory (sysmem) for all atomics marked evict-last that missed","1"
"lts__t_sectors_aperture_sysmem_op_atom_evict_normal","Counter","sector","# of LTS sectors accessing system memory (sysmem) for all atomics marked evict-normal (LRU)","1"
"lts__t_sectors_aperture_sysmem_op_atom_evict_normal_demote","Counter","sector","# of LTS sectors accessing system memory (sysmem) for all atomics marked evict-normal-demote","1"
"lts__t_sectors_aperture_sysmem_op_atom_evict_normal_demote_lookup_hit","Counter","sector","# of LTS sectors accessing system memory (sysmem) for all atomics marked evict-normal-demote that hit","1"
"lts__t_sectors_aperture_sysmem_op_atom_evict_normal_demote_lookup_miss","Counter","sector","# of LTS sectors accessing system memory (sysmem) for all atomics marked evict-normal-demote that missed","1"
"lts__t_sectors_aperture_sysmem_op_atom_evict_normal_lookup_hit","Counter","sector","# of LTS sectors accessing system memory (sysmem) for all atomics marked evict-normal (LRU) that hit","1"
"lts__t_sectors_aperture_sysmem_op_atom_evict_normal_lookup_miss","Counter","sector","# of LTS sectors accessing system memory (sysmem) for all atomics marked evict-normal (LRU) that missed","1"
"lts__t_sectors_aperture_sysmem_op_atom_lookup_hit","Counter","sector","# of LTS sectors accessing system memory (sysmem) for all atomics that hit","1"
"lts__t_sectors_aperture_sysmem_op_atom_lookup_miss","Counter","sector","# of LTS sectors accessing system memory (sysmem) for all atomics that missed","1"
"lts__t_sectors_aperture_sysmem_op_membar","Counter","sector","# of LTS sectors accessing system memory (sysmem) for memory barriers","1"
"lts__t_sectors_aperture_sysmem_op_membar_evict_first","Counter","sector","# of LTS sectors accessing system memory (sysmem) for memory barriers marked evict-first","1"
"lts__t_sectors_aperture_sysmem_op_membar_evict_first_lookup_hit","Counter","sector","# of LTS sectors accessing system memory (sysmem) for memory barriers marked evict-first that hit","1"
"lts__t_sectors_aperture_sysmem_op_membar_evict_first_lookup_miss","Counter","sector","# of LTS sectors accessing system memory (sysmem) for memory barriers marked evict-first that missed","1"
"lts__t_sectors_aperture_sysmem_op_membar_evict_last","Counter","sector","# of LTS sectors accessing system memory (sysmem) for memory barriers marked evict-last","1"
"lts__t_sectors_aperture_sysmem_op_membar_evict_last_lookup_hit","Counter","sector","# of LTS sectors accessing system memory (sysmem) for memory barriers marked evict-last that hit","1"
"lts__t_sectors_aperture_sysmem_op_membar_evict_last_lookup_miss","Counter","sector","# of LTS sectors accessing system memory (sysmem) for memory barriers marked evict-last that missed","1"
"lts__t_sectors_aperture_sysmem_op_membar_evict_normal","Counter","sector","# of LTS sectors accessing system memory (sysmem) for memory barriers marked evict-normal (LRU)","1"
"lts__t_sectors_aperture_sysmem_op_membar_evict_normal_demote","Counter","sector","# of LTS sectors accessing system memory (sysmem) for memory barriers marked evict-normal-demote","1"
"lts__t_sectors_aperture_sysmem_op_membar_evict_normal_demote_lookup_hit","Counter","sector","# of LTS sectors accessing system memory (sysmem) for memory barriers marked evict-normal-demote that hit","1"
"lts__t_sectors_aperture_sysmem_op_membar_evict_normal_demote_lookup_miss","Counter","sector","# of LTS sectors accessing system memory (sysmem) for memory barriers marked evict-normal-demote that missed","1"
"lts__t_sectors_aperture_sysmem_op_membar_evict_normal_lookup_hit","Counter","sector","# of LTS sectors accessing system memory (sysmem) for memory barriers marked evict-normal (LRU) that hit","1"
"lts__t_sectors_aperture_sysmem_op_membar_evict_normal_lookup_miss","Counter","sector","# of LTS sectors accessing system memory (sysmem) for memory barriers marked evict-normal (LRU) that missed","1"
"lts__t_sectors_aperture_sysmem_op_membar_lookup_hit","Counter","sector","# of LTS sectors accessing system memory (sysmem) for memory barriers that hit","1"
"lts__t_sectors_aperture_sysmem_op_membar_lookup_miss","Counter","sector","# of LTS sectors accessing system memory (sysmem) for memory barriers that missed","1"
"lts__t_sectors_aperture_sysmem_op_read","Counter","sector","# of LTS sectors accessing system memory (sysmem) for reads","1"
"lts__t_sectors_aperture_sysmem_op_read_evict_first","Counter","sector","# of LTS sectors accessing system memory (sysmem) for reads marked evict-first","1"
"lts__t_sectors_aperture_sysmem_op_read_evict_first_lookup_hit","Counter","sector","# of LTS sectors accessing system memory (sysmem) for reads marked evict-first that hit","1"
"lts__t_sectors_aperture_sysmem_op_read_evict_first_lookup_miss","Counter","sector","# of LTS sectors accessing system memory (sysmem) for reads marked evict-first that missed","1"
"lts__t_sectors_aperture_sysmem_op_read_evict_last","Counter","sector","# of LTS sectors accessing system memory (sysmem) for reads marked evict-last","1"
"lts__t_sectors_aperture_sysmem_op_read_evict_last_lookup_hit","Counter","sector","# of LTS sectors accessing system memory (sysmem) for reads marked evict-last that hit","1"
"lts__t_sectors_aperture_sysmem_op_read_evict_last_lookup_miss","Counter","sector","# of LTS sectors accessing system memory (sysmem) for reads marked evict-last that missed","1"
"lts__t_sectors_aperture_sysmem_op_read_evict_normal","Counter","sector","# of LTS sectors accessing system memory (sysmem) for reads marked evict-normal (LRU)","1"
"lts__t_sectors_aperture_sysmem_op_read_evict_normal_demote","Counter","sector","# of LTS sectors accessing system memory (sysmem) for reads marked evict-normal-demote","1"
"lts__t_sectors_aperture_sysmem_op_read_evict_normal_demote_lookup_hit","Counter","sector","# of LTS sectors accessing system memory (sysmem) for reads marked evict-normal-demote that hit","1"
"lts__t_sectors_aperture_sysmem_op_read_evict_normal_demote_lookup_miss","Counter","sector","# of LTS sectors accessing system memory (sysmem) for reads marked evict-normal-demote that missed","1"
"lts__t_sectors_aperture_sysmem_op_read_evict_normal_lookup_hit","Counter","sector","# of LTS sectors accessing system memory (sysmem) for reads marked evict-normal (LRU) that hit","1"
"lts__t_sectors_aperture_sysmem_op_read_evict_normal_lookup_miss","Counter","sector","# of LTS sectors accessing system memory (sysmem) for reads marked evict-normal (LRU) that missed","1"
"lts__t_sectors_aperture_sysmem_op_read_lookup_hit","Counter","sector","# of LTS sectors accessing system memory (sysmem) for reads that hit","1"
"lts__t_sectors_aperture_sysmem_op_read_lookup_miss","Counter","sector","# of LTS sectors accessing system memory (sysmem) for reads that missed","1"
"lts__t_sectors_aperture_sysmem_op_red","Counter","sector","# of LTS sectors accessing system memory (sysmem) for reductions","1"
"lts__t_sectors_aperture_sysmem_op_red_lookup_hit","Counter","sector","# of LTS sectors accessing system memory (sysmem) for reductions that hit","1"
"lts__t_sectors_aperture_sysmem_op_red_lookup_miss","Counter","sector","# of LTS sectors accessing system memory (sysmem) for reductions that missed","1"
"lts__t_sectors_aperture_sysmem_op_write","Counter","sector","# of LTS sectors accessing system memory (sysmem) for writes","1"
"lts__t_sectors_aperture_sysmem_op_write_evict_first","Counter","sector","# of LTS sectors accessing system memory (sysmem) for writes marked evict-first","1"
"lts__t_sectors_aperture_sysmem_op_write_evict_first_lookup_hit","Counter","sector","# of LTS sectors accessing system memory (sysmem) for writes marked evict-first that hit","1"
"lts__t_sectors_aperture_sysmem_op_write_evict_first_lookup_miss","Counter","sector","# of LTS sectors accessing system memory (sysmem) for writes marked evict-first that missed","1"
"lts__t_sectors_aperture_sysmem_op_write_evict_last","Counter","sector","# of LTS sectors accessing system memory (sysmem) for writes marked evict-last","1"
"lts__t_sectors_aperture_sysmem_op_write_evict_last_lookup_hit","Counter","sector","# of LTS sectors accessing system memory (sysmem) for writes marked evict-last that hit","1"
"lts__t_sectors_aperture_sysmem_op_write_evict_last_lookup_miss","Counter","sector","# of LTS sectors accessing system memory (sysmem) for writes marked evict-last that missed","1"
"lts__t_sectors_aperture_sysmem_op_write_evict_normal","Counter","sector","# of LTS sectors accessing system memory (sysmem) for writes marked evict-normal (LRU)","1"
"lts__t_sectors_aperture_sysmem_op_write_evict_normal_demote","Counter","sector","# of LTS sectors accessing system memory (sysmem) for writes marked evict-normal-demote","1"
"lts__t_sectors_aperture_sysmem_op_write_evict_normal_demote_lookup_hit","Counter","sector","# of LTS sectors accessing system memory (sysmem) for writes marked evict-normal-demote that hit","1"
"lts__t_sectors_aperture_sysmem_op_write_evict_normal_demote_lookup_miss","Counter","sector","# of LTS sectors accessing system memory (sysmem) for writes marked evict-normal-demote that missed","1"
"lts__t_sectors_aperture_sysmem_op_write_evict_normal_lookup_hit","Counter","sector","# of LTS sectors accessing system memory (sysmem) for writes marked evict-normal (LRU) that hit","1"
"lts__t_sectors_aperture_sysmem_op_write_evict_normal_lookup_miss","Counter","sector","# of LTS sectors accessing system memory (sysmem) for writes marked evict-normal (LRU) that missed","1"
"lts__t_sectors_aperture_sysmem_op_write_lookup_hit","Counter","sector","# of LTS sectors accessing system memory (sysmem) for writes that hit","1"
"lts__t_sectors_aperture_sysmem_op_write_lookup_miss","Counter","sector","# of LTS sectors accessing system memory (sysmem) for writes that missed","1"
"lts__t_sectors_data_ecc","Counter","sector","# of sectors for LTS ECC data","1"
"lts__t_sectors_data_user","Counter","sector","# of sectors for LTS user data","1"
"lts__t_sectors_evict_first","Counter","sector","# of LTS sectors marked evict-first","1"
"lts__t_sectors_evict_first_lookup_hit","Counter","sector","# of LTS sectors marked evict-first that hit","1"
"lts__t_sectors_evict_first_lookup_miss","Counter","sector","# of LTS sectors marked evict-first that missed","1"
"lts__t_sectors_evict_last","Counter","sector","# of LTS sectors marked evict-last","1"
"lts__t_sectors_evict_last_lookup_hit","Counter","sector","# of LTS sectors marked evict-last that hit","1"
"lts__t_sectors_evict_last_lookup_miss","Counter","sector","# of LTS sectors marked evict-last that missed","1"
"lts__t_sectors_evict_normal","Counter","sector","# of LTS sectors marked evict-normal (LRU)","1"
"lts__t_sectors_evict_normal_demote","Counter","sector","# of LTS sectors marked evict-normal-demote","1"
"lts__t_sectors_evict_normal_demote_lookup_hit","Counter","sector","# of LTS sectors marked evict-normal-demote that hit","1"
"lts__t_sectors_evict_normal_demote_lookup_miss","Counter","sector","# of LTS sectors marked evict-normal-demote that missed","1"
"lts__t_sectors_evict_normal_lookup_hit","Counter","sector","# of LTS sectors marked evict-normal (LRU) that hit","1"
"lts__t_sectors_evict_normal_lookup_miss","Counter","sector","# of LTS sectors marked evict-normal (LRU) that missed","1"
"lts__t_sectors_lookup_hit","Counter","sector","# of LTS sectors that hit","1"
"lts__t_sectors_lookup_miss","Counter","sector","# of LTS sectors that missed","1"
"lts__t_sectors_lookup_miss_data_promoted","Counter","sector","# of sectors for LTS that missed for sector-promoted data","1"
"lts__t_sectors_lookup_miss_data_user","Counter","sector","# of sectors for LTS that missed for user data","1"
"lts__t_sectors_op_atom","Counter","sector","# of LTS sectors for all atomics","1"
"lts__t_sectors_op_atom_dot_alu","Counter","sector","# of LTS sectors for atomic ALU (non-CAS)","1"
"lts__t_sectors_op_atom_dot_alu_lookup_hit","Counter","sector","# of LTS sectors for atomic ALU (non-CAS) that hit","1"
"lts__t_sectors_op_atom_dot_alu_lookup_miss","Counter","sector","# of LTS sectors for atomic ALU (non-CAS) that missed","1"
"lts__t_sectors_op_atom_dot_cas","Counter","sector","# of LTS sectors for atomic CAS","1"
"lts__t_sectors_op_atom_dot_cas_lookup_hit","Counter","sector","# of LTS sectors for atomic CAS that hit","1"
"lts__t_sectors_op_atom_dot_cas_lookup_miss","Counter","sector","# of LTS sectors for atomic CAS that missed","1"
"lts__t_sectors_op_atom_evict_first","Counter","sector","# of LTS sectors for all atomics marked evict-first","1"
"lts__t_sectors_op_atom_evict_first_lookup_hit","Counter","sector","# of LTS sectors for all atomics marked evict-first that hit","1"
"lts__t_sectors_op_atom_evict_first_lookup_miss","Counter","sector","# of LTS sectors for all atomics marked evict-first that missed","1"
"lts__t_sectors_op_atom_evict_last","Counter","sector","# of LTS sectors for all atomics marked evict-last","1"
"lts__t_sectors_op_atom_evict_last_lookup_hit","Counter","sector","# of LTS sectors for all atomics marked evict-last that hit","1"
"lts__t_sectors_op_atom_evict_last_lookup_miss","Counter","sector","# of LTS sectors for all atomics marked evict-last that missed","1"
"lts__t_sectors_op_atom_evict_normal","Counter","sector","# of LTS sectors for all atomics marked evict-normal (LRU)","1"
"lts__t_sectors_op_atom_evict_normal_demote","Counter","sector","# of LTS sectors for all atomics marked evict-normal-demote","1"
"lts__t_sectors_op_atom_evict_normal_demote_lookup_hit","Counter","sector","# of LTS sectors for all atomics marked evict-normal-demote that hit","1"
"lts__t_sectors_op_atom_evict_normal_demote_lookup_miss","Counter","sector","# of LTS sectors for all atomics marked evict-normal-demote that missed","1"
"lts__t_sectors_op_atom_evict_normal_lookup_hit","Counter","sector","# of LTS sectors for all atomics marked evict-normal (LRU) that hit","1"
"lts__t_sectors_op_atom_evict_normal_lookup_miss","Counter","sector","# of LTS sectors for all atomics marked evict-normal (LRU) that missed","1"
"lts__t_sectors_op_atom_lookup_hit","Counter","sector","# of LTS sectors for all atomics that hit","1"
"lts__t_sectors_op_atom_lookup_miss","Counter","sector","# of LTS sectors for all atomics that missed","1"
"lts__t_sectors_op_membar","Counter","sector","# of LTS sectors for memory barriers","1"
"lts__t_sectors_op_membar_evict_first","Counter","sector","# of LTS sectors for memory barriers marked evict-first","1"
"lts__t_sectors_op_membar_evict_first_lookup_hit","Counter","sector","# of LTS sectors for memory barriers marked evict-first that hit","1"
"lts__t_sectors_op_membar_evict_first_lookup_miss","Counter","sector","# of LTS sectors for memory barriers marked evict-first that missed","1"
"lts__t_sectors_op_membar_evict_last","Counter","sector","# of LTS sectors for memory barriers marked evict-last","1"
"lts__t_sectors_op_membar_evict_last_lookup_hit","Counter","sector","# of LTS sectors for memory barriers marked evict-last that hit","1"
"lts__t_sectors_op_membar_evict_last_lookup_miss","Counter","sector","# of LTS sectors for memory barriers marked evict-last that missed","1"
"lts__t_sectors_op_membar_evict_normal","Counter","sector","# of LTS sectors for memory barriers marked evict-normal (LRU)","1"
"lts__t_sectors_op_membar_evict_normal_demote","Counter","sector","# of LTS sectors for memory barriers marked evict-normal-demote","1"
"lts__t_sectors_op_membar_evict_normal_demote_lookup_hit","Counter","sector","# of LTS sectors for memory barriers marked evict-normal-demote that hit","1"
"lts__t_sectors_op_membar_evict_normal_demote_lookup_miss","Counter","sector","# of LTS sectors for memory barriers marked evict-normal-demote that missed","1"
"lts__t_sectors_op_membar_evict_normal_lookup_hit","Counter","sector","# of LTS sectors for memory barriers marked evict-normal (LRU) that hit","1"
"lts__t_sectors_op_membar_evict_normal_lookup_miss","Counter","sector","# of LTS sectors for memory barriers marked evict-normal (LRU) that missed","1"
"lts__t_sectors_op_membar_lookup_hit","Counter","sector","# of LTS sectors for memory barriers that hit","1"
"lts__t_sectors_op_membar_lookup_miss","Counter","sector","# of LTS sectors for memory barriers that missed","1"
"lts__t_sectors_op_read","Counter","sector","# of LTS sectors for reads","1"
"lts__t_sectors_op_read_evict_first","Counter","sector","# of LTS sectors for reads marked evict-first","1"
"lts__t_sectors_op_read_evict_first_lookup_hit","Counter","sector","# of LTS sectors for reads marked evict-first that hit","1"
"lts__t_sectors_op_read_evict_first_lookup_miss","Counter","sector","# of LTS sectors for reads marked evict-first that missed","1"
"lts__t_sectors_op_read_evict_last","Counter","sector","# of LTS sectors for reads marked evict-last","1"
"lts__t_sectors_op_read_evict_last_lookup_hit","Counter","sector","# of LTS sectors for reads marked evict-last that hit","1"
"lts__t_sectors_op_read_evict_last_lookup_miss","Counter","sector","# of LTS sectors for reads marked evict-last that missed","1"
"lts__t_sectors_op_read_evict_normal","Counter","sector","# of LTS sectors for reads marked evict-normal (LRU)","1"
"lts__t_sectors_op_read_evict_normal_demote","Counter","sector","# of LTS sectors for reads marked evict-normal-demote","1"
"lts__t_sectors_op_read_evict_normal_demote_lookup_hit","Counter","sector","# of LTS sectors for reads marked evict-normal-demote that hit","1"
"lts__t_sectors_op_read_evict_normal_demote_lookup_miss","Counter","sector","# of LTS sectors for reads marked evict-normal-demote that missed","1"
"lts__t_sectors_op_read_evict_normal_lookup_hit","Counter","sector","# of LTS sectors for reads marked evict-normal (LRU) that hit","1"
"lts__t_sectors_op_read_evict_normal_lookup_miss","Counter","sector","# of LTS sectors for reads marked evict-normal (LRU) that missed","1"
"lts__t_sectors_op_read_lookup_hit","Counter","sector","# of LTS sectors for reads that hit","1"
"lts__t_sectors_op_read_lookup_miss","Counter","sector","# of LTS sectors for reads that missed","1"
"lts__t_sectors_op_red","Counter","sector","# of LTS sectors for reductions","1"
"lts__t_sectors_op_red_lookup_hit","Counter","sector","# of LTS sectors for reductions that hit","1"
"lts__t_sectors_op_red_lookup_miss","Counter","sector","# of LTS sectors for reductions that missed","1"
"lts__t_sectors_op_write","Counter","sector","# of LTS sectors for writes","1"
"lts__t_sectors_op_write_evict_first","Counter","sector","# of LTS sectors for writes marked evict-first","1"
"lts__t_sectors_op_write_evict_first_lookup_hit","Counter","sector","# of LTS sectors for writes marked evict-first that hit","1"
"lts__t_sectors_op_write_evict_first_lookup_miss","Counter","sector","# of LTS sectors for writes marked evict-first that missed","1"
"lts__t_sectors_op_write_evict_last","Counter","sector","# of LTS sectors for writes marked evict-last","1"
"lts__t_sectors_op_write_evict_last_lookup_hit","Counter","sector","# of LTS sectors for writes marked evict-last that hit","1"
"lts__t_sectors_op_write_evict_last_lookup_miss","Counter","sector","# of LTS sectors for writes marked evict-last that missed","1"
"lts__t_sectors_op_write_evict_normal","Counter","sector","# of LTS sectors for writes marked evict-normal (LRU)","1"
"lts__t_sectors_op_write_evict_normal_demote","Counter","sector","# of LTS sectors for writes marked evict-normal-demote","1"
"lts__t_sectors_op_write_evict_normal_demote_lookup_hit","Counter","sector","# of LTS sectors for writes marked evict-normal-demote that hit","1"
"lts__t_sectors_op_write_evict_normal_demote_lookup_miss","Counter","sector","# of LTS sectors for writes marked evict-normal-demote that missed","1"
"lts__t_sectors_op_write_evict_normal_lookup_hit","Counter","sector","# of LTS sectors for writes marked evict-normal (LRU) that hit","1"
"lts__t_sectors_op_write_evict_normal_lookup_miss","Counter","sector","# of LTS sectors for writes marked evict-normal (LRU) that missed","1"
"lts__t_sectors_op_write_lookup_hit","Counter","sector","# of LTS sectors for writes that hit","1"
"lts__t_sectors_op_write_lookup_miss","Counter","sector","# of LTS sectors for writes that missed","1"
"lts__t_sectors_srcnode_gpc","Counter","sector","# of LTS sectors from node GPC","1"
"lts__t_sectors_srcnode_gpc_aperture_device","Counter","sector","# of LTS sectors from node GPC accessing device memory (vidmem)","1"
"lts__t_sectors_srcnode_gpc_aperture_device_evict_first","Counter","sector","# of LTS sectors from node GPC accessing device memory (vidmem) marked evict-first","1"
"lts__t_sectors_srcnode_gpc_aperture_device_evict_first_lookup_hit","Counter","sector","# of LTS sectors from node GPC accessing device memory (vidmem) marked evict-first that hit","1"
"lts__t_sectors_srcnode_gpc_aperture_device_evict_first_lookup_miss","Counter","sector","# of LTS sectors from node GPC accessing device memory (vidmem) marked evict-first that missed","1"
"lts__t_sectors_srcnode_gpc_aperture_device_evict_last","Counter","sector","# of LTS sectors from node GPC accessing device memory (vidmem) marked evict-last","1"
"lts__t_sectors_srcnode_gpc_aperture_device_evict_last_lookup_hit","Counter","sector","# of LTS sectors from node GPC accessing device memory (vidmem) marked evict-last that hit","1"
"lts__t_sectors_srcnode_gpc_aperture_device_evict_last_lookup_miss","Counter","sector","# of LTS sectors from node GPC accessing device memory (vidmem) marked evict-last that missed","1"
"lts__t_sectors_srcnode_gpc_aperture_device_evict_normal","Counter","sector","# of LTS sectors from node GPC accessing device memory (vidmem) marked evict-normal (LRU)","1"
"lts__t_sectors_srcnode_gpc_aperture_device_evict_normal_demote","Counter","sector","# of LTS sectors from node GPC accessing device memory (vidmem) marked evict-normal-demote","1"
"lts__t_sectors_srcnode_gpc_aperture_device_evict_normal_demote_lookup_hit","Counter","sector","# of LTS sectors from node GPC accessing device memory (vidmem) marked evict-normal-demote that hit","1"
"lts__t_sectors_srcnode_gpc_aperture_device_evict_normal_demote_lookup_miss","Counter","sector","# of LTS sectors from node GPC accessing device memory (vidmem) marked evict-normal-demote that missed","1"
"lts__t_sectors_srcnode_gpc_aperture_device_evict_normal_lookup_hit","Counter","sector","# of LTS sectors from node GPC accessing device memory (vidmem) marked evict-normal (LRU) that hit","1"
"lts__t_sectors_srcnode_gpc_aperture_device_evict_normal_lookup_miss","Counter","sector","# of LTS sectors from node GPC accessing device memory (vidmem) marked evict-normal (LRU) that missed","1"
"lts__t_sectors_srcnode_gpc_aperture_device_lookup_hit","Counter","sector","# of LTS sectors from node GPC accessing device memory (vidmem) that hit","1"
"lts__t_sectors_srcnode_gpc_aperture_device_lookup_miss","Counter","sector","# of LTS sectors from node GPC accessing device memory (vidmem) that missed","1"
"lts__t_sectors_srcnode_gpc_aperture_device_op_atom","Counter","sector","# of LTS sectors from node GPC accessing device memory (vidmem) for all atomics","1"
"lts__t_sectors_srcnode_gpc_aperture_device_op_atom_dot_alu","Counter","sector","# of LTS sectors from node GPC accessing device memory (vidmem) for atomic ALU (non-CAS)","1"
"lts__t_sectors_srcnode_gpc_aperture_device_op_atom_dot_alu_lookup_hit","Counter","sector","# of LTS sectors from node GPC accessing device memory (vidmem) for atomic ALU (non-CAS) that hit","1"
"lts__t_sectors_srcnode_gpc_aperture_device_op_atom_dot_alu_lookup_miss","Counter","sector","# of LTS sectors from node GPC accessing device memory (vidmem) for atomic ALU (non-CAS) that missed","1"
"lts__t_sectors_srcnode_gpc_aperture_device_op_atom_dot_cas","Counter","sector","# of LTS sectors from node GPC accessing device memory (vidmem) for atomic CAS","1"
"lts__t_sectors_srcnode_gpc_aperture_device_op_atom_dot_cas_lookup_hit","Counter","sector","# of LTS sectors from node GPC accessing device memory (vidmem) for atomic CAS that hit","1"
"lts__t_sectors_srcnode_gpc_aperture_device_op_atom_dot_cas_lookup_miss","Counter","sector","# of LTS sectors from node GPC accessing device memory (vidmem) for atomic CAS that missed","1"
"lts__t_sectors_srcnode_gpc_aperture_device_op_atom_lookup_hit","Counter","sector","# of LTS sectors from node GPC accessing device memory (vidmem) for all atomics that hit","1"
"lts__t_sectors_srcnode_gpc_aperture_device_op_atom_lookup_miss","Counter","sector","# of LTS sectors from node GPC accessing device memory (vidmem) for all atomics that missed","1"
"lts__t_sectors_srcnode_gpc_aperture_device_op_membar","Counter","sector","# of LTS sectors from node GPC accessing device memory (vidmem) for memory barriers","1"
"lts__t_sectors_srcnode_gpc_aperture_device_op_membar_lookup_hit","Counter","sector","# of LTS sectors from node GPC accessing device memory (vidmem) for memory barriers that hit","1"
"lts__t_sectors_srcnode_gpc_aperture_device_op_membar_lookup_miss","Counter","sector","# of LTS sectors from node GPC accessing device memory (vidmem) for memory barriers that missed","1"
"lts__t_sectors_srcnode_gpc_aperture_device_op_read","Counter","sector","# of LTS sectors from node GPC accessing device memory (vidmem) for reads","1"
"lts__t_sectors_srcnode_gpc_aperture_device_op_read_lookup_hit","Counter","sector","# of LTS sectors from node GPC accessing device memory (vidmem) for reads that hit","1"
"lts__t_sectors_srcnode_gpc_aperture_device_op_read_lookup_miss","Counter","sector","# of LTS sectors from node GPC accessing device memory (vidmem) for reads that missed","1"
"lts__t_sectors_srcnode_gpc_aperture_device_op_red","Counter","sector","# of LTS sectors from node GPC accessing device memory (vidmem) for reductions","1"
"lts__t_sectors_srcnode_gpc_aperture_device_op_red_lookup_hit","Counter","sector","# of LTS sectors from node GPC accessing device memory (vidmem) for reductions that hit","1"
"lts__t_sectors_srcnode_gpc_aperture_device_op_red_lookup_miss","Counter","sector","# of LTS sectors from node GPC accessing device memory (vidmem) for reductions that missed","1"
"lts__t_sectors_srcnode_gpc_aperture_device_op_write","Counter","sector","# of LTS sectors from node GPC accessing device memory (vidmem) for writes","1"
"lts__t_sectors_srcnode_gpc_aperture_device_op_write_lookup_hit","Counter","sector","# of LTS sectors from node GPC accessing device memory (vidmem) for writes that hit","1"
"lts__t_sectors_srcnode_gpc_aperture_device_op_write_lookup_miss","Counter","sector","# of LTS sectors from node GPC accessing device memory (vidmem) for writes that missed","1"
"lts__t_sectors_srcnode_gpc_aperture_peer","Counter","sector","# of LTS sectors from node GPC accessing peer memory (peermem)","1"
"lts__t_sectors_srcnode_gpc_aperture_peer_evict_first","Counter","sector","# of LTS sectors from node GPC accessing peer memory (peermem) marked evict-first","1"
"lts__t_sectors_srcnode_gpc_aperture_peer_evict_first_lookup_hit","Counter","sector","# of LTS sectors from node GPC accessing peer memory (peermem) marked evict-first that hit","1"
"lts__t_sectors_srcnode_gpc_aperture_peer_evict_first_lookup_miss","Counter","sector","# of LTS sectors from node GPC accessing peer memory (peermem) marked evict-first that missed","1"
"lts__t_sectors_srcnode_gpc_aperture_peer_evict_last","Counter","sector","# of LTS sectors from node GPC accessing peer memory (peermem) marked evict-last","1"
"lts__t_sectors_srcnode_gpc_aperture_peer_evict_last_lookup_hit","Counter","sector","# of LTS sectors from node GPC accessing peer memory (peermem) marked evict-last that hit","1"
"lts__t_sectors_srcnode_gpc_aperture_peer_evict_last_lookup_miss","Counter","sector","# of LTS sectors from node GPC accessing peer memory (peermem) marked evict-last that missed","1"
"lts__t_sectors_srcnode_gpc_aperture_peer_evict_normal","Counter","sector","# of LTS sectors from node GPC accessing peer memory (peermem) marked evict-normal (LRU)","1"
"lts__t_sectors_srcnode_gpc_aperture_peer_evict_normal_demote","Counter","sector","# of LTS sectors from node GPC accessing peer memory (peermem) marked evict-normal-demote","1"
"lts__t_sectors_srcnode_gpc_aperture_peer_evict_normal_demote_lookup_hit","Counter","sector","# of LTS sectors from node GPC accessing peer memory (peermem) marked evict-normal-demote that hit","1"
"lts__t_sectors_srcnode_gpc_aperture_peer_evict_normal_demote_lookup_miss","Counter","sector","# of LTS sectors from node GPC accessing peer memory (peermem) marked evict-normal-demote that missed","1"
"lts__t_sectors_srcnode_gpc_aperture_peer_evict_normal_lookup_hit","Counter","sector","# of LTS sectors from node GPC accessing peer memory (peermem) marked evict-normal (LRU) that hit","1"
"lts__t_sectors_srcnode_gpc_aperture_peer_evict_normal_lookup_miss","Counter","sector","# of LTS sectors from node GPC accessing peer memory (peermem) marked evict-normal (LRU) that missed","1"
"lts__t_sectors_srcnode_gpc_aperture_peer_lookup_hit","Counter","sector","# of LTS sectors from node GPC accessing peer memory (peermem) that hit","1"
"lts__t_sectors_srcnode_gpc_aperture_peer_lookup_miss","Counter","sector","# of LTS sectors from node GPC accessing peer memory (peermem) that missed","1"
"lts__t_sectors_srcnode_gpc_aperture_peer_op_atom","Counter","sector","# of LTS sectors from node GPC accessing peer memory (peermem) for all atomics","1"
"lts__t_sectors_srcnode_gpc_aperture_peer_op_atom_dot_alu","Counter","sector","# of LTS sectors from node GPC accessing peer memory (peermem) for atomic ALU (non-CAS)","1"
"lts__t_sectors_srcnode_gpc_aperture_peer_op_atom_dot_alu_lookup_hit","Counter","sector","# of LTS sectors from node GPC accessing peer memory (peermem) for atomic ALU (non-CAS) that hit","1"
"lts__t_sectors_srcnode_gpc_aperture_peer_op_atom_dot_alu_lookup_miss","Counter","sector","# of LTS sectors from node GPC accessing peer memory (peermem) for atomic ALU (non-CAS) that missed","1"
"lts__t_sectors_srcnode_gpc_aperture_peer_op_atom_dot_cas","Counter","sector","# of LTS sectors from node GPC accessing peer memory (peermem) for atomic CAS","1"
"lts__t_sectors_srcnode_gpc_aperture_peer_op_atom_dot_cas_lookup_hit","Counter","sector","# of LTS sectors from node GPC accessing peer memory (peermem) for atomic CAS that hit","1"
"lts__t_sectors_srcnode_gpc_aperture_peer_op_atom_dot_cas_lookup_miss","Counter","sector","# of LTS sectors from node GPC accessing peer memory (peermem) for atomic CAS that missed","1"
"lts__t_sectors_srcnode_gpc_aperture_peer_op_atom_lookup_hit","Counter","sector","# of LTS sectors from node GPC accessing peer memory (peermem) for all atomics that hit","1"
"lts__t_sectors_srcnode_gpc_aperture_peer_op_atom_lookup_miss","Counter","sector","# of LTS sectors from node GPC accessing peer memory (peermem) for all atomics that missed","1"
"lts__t_sectors_srcnode_gpc_aperture_peer_op_membar","Counter","sector","# of LTS sectors from node GPC accessing peer memory (peermem) for memory barriers","1"
"lts__t_sectors_srcnode_gpc_aperture_peer_op_membar_lookup_hit","Counter","sector","# of LTS sectors from node GPC accessing peer memory (peermem) for memory barriers that hit","1"
"lts__t_sectors_srcnode_gpc_aperture_peer_op_membar_lookup_miss","Counter","sector","# of LTS sectors from node GPC accessing peer memory (peermem) for memory barriers that missed","1"
"lts__t_sectors_srcnode_gpc_aperture_peer_op_read","Counter","sector","# of LTS sectors from node GPC accessing peer memory (peermem) for reads","1"
"lts__t_sectors_srcnode_gpc_aperture_peer_op_read_lookup_hit","Counter","sector","# of LTS sectors from node GPC accessing peer memory (peermem) for reads that hit","1"
"lts__t_sectors_srcnode_gpc_aperture_peer_op_read_lookup_miss","Counter","sector","# of LTS sectors from node GPC accessing peer memory (peermem) for reads that missed","1"
"lts__t_sectors_srcnode_gpc_aperture_peer_op_red","Counter","sector","# of LTS sectors from node GPC accessing peer memory (peermem) for reductions","1"
"lts__t_sectors_srcnode_gpc_aperture_peer_op_red_lookup_hit","Counter","sector","# of LTS sectors from node GPC accessing peer memory (peermem) for reductions that hit","1"
"lts__t_sectors_srcnode_gpc_aperture_peer_op_red_lookup_miss","Counter","sector","# of LTS sectors from node GPC accessing peer memory (peermem) for reductions that missed","1"
"lts__t_sectors_srcnode_gpc_aperture_peer_op_write","Counter","sector","# of LTS sectors from node GPC accessing peer memory (peermem) for writes","1"
"lts__t_sectors_srcnode_gpc_aperture_peer_op_write_lookup_hit","Counter","sector","# of LTS sectors from node GPC accessing peer memory (peermem) for writes that hit","1"
"lts__t_sectors_srcnode_gpc_aperture_peer_op_write_lookup_miss","Counter","sector","# of LTS sectors from node GPC accessing peer memory (peermem) for writes that missed","1"
"lts__t_sectors_srcnode_gpc_aperture_sysmem","Counter","sector","# of LTS sectors from node GPC accessing system memory (sysmem)","1"
"lts__t_sectors_srcnode_gpc_aperture_sysmem_evict_first","Counter","sector","# of LTS sectors from node GPC accessing system memory (sysmem) marked evict-first","1"
"lts__t_sectors_srcnode_gpc_aperture_sysmem_evict_first_lookup_hit","Counter","sector","# of LTS sectors from node GPC accessing system memory (sysmem) marked evict-first that hit","1"
"lts__t_sectors_srcnode_gpc_aperture_sysmem_evict_first_lookup_miss","Counter","sector","# of LTS sectors from node GPC accessing system memory (sysmem) marked evict-first that missed","1"
"lts__t_sectors_srcnode_gpc_aperture_sysmem_evict_last","Counter","sector","# of LTS sectors from node GPC accessing system memory (sysmem) marked evict-last","1"
"lts__t_sectors_srcnode_gpc_aperture_sysmem_evict_last_lookup_hit","Counter","sector","# of LTS sectors from node GPC accessing system memory (sysmem) marked evict-last that hit","1"
"lts__t_sectors_srcnode_gpc_aperture_sysmem_evict_last_lookup_miss","Counter","sector","# of LTS sectors from node GPC accessing system memory (sysmem) marked evict-last that missed","1"
"lts__t_sectors_srcnode_gpc_aperture_sysmem_evict_normal","Counter","sector","# of LTS sectors from node GPC accessing system memory (sysmem) marked evict-normal (LRU)","1"
"lts__t_sectors_srcnode_gpc_aperture_sysmem_evict_normal_demote","Counter","sector","# of LTS sectors from node GPC accessing system memory (sysmem) marked evict-normal-demote","1"
"lts__t_sectors_srcnode_gpc_aperture_sysmem_evict_normal_demote_lookup_hit","Counter","sector","# of LTS sectors from node GPC accessing system memory (sysmem) marked evict-normal-demote that hit","1"
"lts__t_sectors_srcnode_gpc_aperture_sysmem_evict_normal_demote_lookup_miss","Counter","sector","# of LTS sectors from node GPC accessing system memory (sysmem) marked evict-normal-demote that missed","1"
"lts__t_sectors_srcnode_gpc_aperture_sysmem_evict_normal_lookup_hit","Counter","sector","# of LTS sectors from node GPC accessing system memory (sysmem) marked evict-normal (LRU) that hit","1"
"lts__t_sectors_srcnode_gpc_aperture_sysmem_evict_normal_lookup_miss","Counter","sector","# of LTS sectors from node GPC accessing system memory (sysmem) marked evict-normal (LRU) that missed","1"
"lts__t_sectors_srcnode_gpc_aperture_sysmem_lookup_hit","Counter","sector","# of LTS sectors from node GPC accessing system memory (sysmem) that hit","1"
"lts__t_sectors_srcnode_gpc_aperture_sysmem_lookup_miss","Counter","sector","# of LTS sectors from node GPC accessing system memory (sysmem) that missed","1"
"lts__t_sectors_srcnode_gpc_aperture_sysmem_op_atom","Counter","sector","# of LTS sectors from node GPC accessing system memory (sysmem) for all atomics","1"
"lts__t_sectors_srcnode_gpc_aperture_sysmem_op_atom_dot_alu","Counter","sector","# of LTS sectors from node GPC accessing system memory (sysmem) for atomic ALU (non-CAS)","1"
"lts__t_sectors_srcnode_gpc_aperture_sysmem_op_atom_dot_alu_lookup_hit","Counter","sector","# of LTS sectors from node GPC accessing system memory (sysmem) for atomic ALU (non-CAS) that hit","1"
"lts__t_sectors_srcnode_gpc_aperture_sysmem_op_atom_dot_alu_lookup_miss","Counter","sector","# of LTS sectors from node GPC accessing system memory (sysmem) for atomic ALU (non-CAS) that missed","1"
"lts__t_sectors_srcnode_gpc_aperture_sysmem_op_atom_dot_cas","Counter","sector","# of LTS sectors from node GPC accessing system memory (sysmem) for atomic CAS","1"
"lts__t_sectors_srcnode_gpc_aperture_sysmem_op_atom_dot_cas_lookup_hit","Counter","sector","# of LTS sectors from node GPC accessing system memory (sysmem) for atomic CAS that hit","1"
"lts__t_sectors_srcnode_gpc_aperture_sysmem_op_atom_dot_cas_lookup_miss","Counter","sector","# of LTS sectors from node GPC accessing system memory (sysmem) for atomic CAS that missed","1"
"lts__t_sectors_srcnode_gpc_aperture_sysmem_op_atom_lookup_hit","Counter","sector","# of LTS sectors from node GPC accessing system memory (sysmem) for all atomics that hit","1"
"lts__t_sectors_srcnode_gpc_aperture_sysmem_op_atom_lookup_miss","Counter","sector","# of LTS sectors from node GPC accessing system memory (sysmem) for all atomics that missed","1"
"lts__t_sectors_srcnode_gpc_aperture_sysmem_op_membar","Counter","sector","# of LTS sectors from node GPC accessing system memory (sysmem) for memory barriers","1"
"lts__t_sectors_srcnode_gpc_aperture_sysmem_op_membar_lookup_hit","Counter","sector","# of LTS sectors from node GPC accessing system memory (sysmem) for memory barriers that hit","1"
"lts__t_sectors_srcnode_gpc_aperture_sysmem_op_membar_lookup_miss","Counter","sector","# of LTS sectors from node GPC accessing system memory (sysmem) for memory barriers that missed","1"
"lts__t_sectors_srcnode_gpc_aperture_sysmem_op_read","Counter","sector","# of LTS sectors from node GPC accessing system memory (sysmem) for reads","1"
"lts__t_sectors_srcnode_gpc_aperture_sysmem_op_read_lookup_hit","Counter","sector","# of LTS sectors from node GPC accessing system memory (sysmem) for reads that hit","1"
"lts__t_sectors_srcnode_gpc_aperture_sysmem_op_read_lookup_miss","Counter","sector","# of LTS sectors from node GPC accessing system memory (sysmem) for reads that missed","1"
"lts__t_sectors_srcnode_gpc_aperture_sysmem_op_red","Counter","sector","# of LTS sectors from node GPC accessing system memory (sysmem) for reductions","1"
"lts__t_sectors_srcnode_gpc_aperture_sysmem_op_red_lookup_hit","Counter","sector","# of LTS sectors from node GPC accessing system memory (sysmem) for reductions that hit","1"
"lts__t_sectors_srcnode_gpc_aperture_sysmem_op_red_lookup_miss","Counter","sector","# of LTS sectors from node GPC accessing system memory (sysmem) for reductions that missed","1"
"lts__t_sectors_srcnode_gpc_aperture_sysmem_op_write","Counter","sector","# of LTS sectors from node GPC accessing system memory (sysmem) for writes","1"
"lts__t_sectors_srcnode_gpc_aperture_sysmem_op_write_lookup_hit","Counter","sector","# of LTS sectors from node GPC accessing system memory (sysmem) for writes that hit","1"
"lts__t_sectors_srcnode_gpc_aperture_sysmem_op_write_lookup_miss","Counter","sector","# of LTS sectors from node GPC accessing system memory (sysmem) for writes that missed","1"
"lts__t_sectors_srcnode_gpc_evict_first","Counter","sector","# of LTS sectors from node GPC marked evict-first","1"
"lts__t_sectors_srcnode_gpc_evict_first_lookup_hit","Counter","sector","# of LTS sectors from node GPC marked evict-first that hit","1"
"lts__t_sectors_srcnode_gpc_evict_first_lookup_miss","Counter","sector","# of LTS sectors from node GPC marked evict-first that missed","1"
"lts__t_sectors_srcnode_gpc_evict_last","Counter","sector","# of LTS sectors from node GPC marked evict-last","1"
"lts__t_sectors_srcnode_gpc_evict_last_lookup_hit","Counter","sector","# of LTS sectors from node GPC marked evict-last that hit","1"
"lts__t_sectors_srcnode_gpc_evict_last_lookup_miss","Counter","sector","# of LTS sectors from node GPC marked evict-last that missed","1"
"lts__t_sectors_srcnode_gpc_evict_normal","Counter","sector","# of LTS sectors from node GPC marked evict-normal (LRU)","1"
"lts__t_sectors_srcnode_gpc_evict_normal_demote","Counter","sector","# of LTS sectors from node GPC marked evict-normal-demote","1"
"lts__t_sectors_srcnode_gpc_evict_normal_demote_lookup_hit","Counter","sector","# of LTS sectors from node GPC marked evict-normal-demote that hit","1"
"lts__t_sectors_srcnode_gpc_evict_normal_demote_lookup_miss","Counter","sector","# of LTS sectors from node GPC marked evict-normal-demote that missed","1"
"lts__t_sectors_srcnode_gpc_evict_normal_lookup_hit","Counter","sector","# of LTS sectors from node GPC marked evict-normal (LRU) that hit","1"
"lts__t_sectors_srcnode_gpc_evict_normal_lookup_miss","Counter","sector","# of LTS sectors from node GPC marked evict-normal (LRU) that missed","1"
"lts__t_sectors_srcnode_gpc_lookup_hit","Counter","sector","# of LTS sectors from node GPC that hit","1"
"lts__t_sectors_srcnode_gpc_lookup_miss","Counter","sector","# of LTS sectors from node GPC that missed","1"
"lts__t_sectors_srcnode_gpc_op_atom","Counter","sector","# of LTS sectors from node GPC for all atomics","1"
"lts__t_sectors_srcnode_gpc_op_atom_dot_alu","Counter","sector","# of LTS sectors from node GPC for atomic ALU (non-CAS)","1"
"lts__t_sectors_srcnode_gpc_op_atom_dot_alu_lookup_hit","Counter","sector","# of LTS sectors from node GPC for atomic ALU (non-CAS) that hit","1"
"lts__t_sectors_srcnode_gpc_op_atom_dot_alu_lookup_miss","Counter","sector","# of LTS sectors from node GPC for atomic ALU (non-CAS) that missed","1"
"lts__t_sectors_srcnode_gpc_op_atom_dot_cas","Counter","sector","# of LTS sectors from node GPC for atomic CAS","1"
"lts__t_sectors_srcnode_gpc_op_atom_dot_cas_lookup_hit","Counter","sector","# of LTS sectors from node GPC for atomic CAS that hit","1"
"lts__t_sectors_srcnode_gpc_op_atom_dot_cas_lookup_miss","Counter","sector","# of LTS sectors from node GPC for atomic CAS that missed","1"
"lts__t_sectors_srcnode_gpc_op_atom_evict_first","Counter","sector","# of LTS sectors from node GPC for all atomics marked evict-first","1"
"lts__t_sectors_srcnode_gpc_op_atom_evict_first_lookup_hit","Counter","sector","# of LTS sectors from node GPC for all atomics marked evict-first that hit","1"
"lts__t_sectors_srcnode_gpc_op_atom_evict_first_lookup_miss","Counter","sector","# of LTS sectors from node GPC for all atomics marked evict-first that missed","1"
"lts__t_sectors_srcnode_gpc_op_atom_evict_last","Counter","sector","# of LTS sectors from node GPC for all atomics marked evict-last","1"
"lts__t_sectors_srcnode_gpc_op_atom_evict_last_lookup_hit","Counter","sector","# of LTS sectors from node GPC for all atomics marked evict-last that hit","1"
"lts__t_sectors_srcnode_gpc_op_atom_evict_last_lookup_miss","Counter","sector","# of LTS sectors from node GPC for all atomics marked evict-last that missed","1"
"lts__t_sectors_srcnode_gpc_op_atom_evict_normal","Counter","sector","# of LTS sectors from node GPC for all atomics marked evict-normal (LRU)","1"
"lts__t_sectors_srcnode_gpc_op_atom_evict_normal_demote","Counter","sector","# of LTS sectors from node GPC for all atomics marked evict-normal-demote","1"
"lts__t_sectors_srcnode_gpc_op_atom_evict_normal_demote_lookup_hit","Counter","sector","# of LTS sectors from node GPC for all atomics marked evict-normal-demote that hit","1"
"lts__t_sectors_srcnode_gpc_op_atom_evict_normal_demote_lookup_miss","Counter","sector","# of LTS sectors from node GPC for all atomics marked evict-normal-demote that missed","1"
"lts__t_sectors_srcnode_gpc_op_atom_evict_normal_lookup_hit","Counter","sector","# of LTS sectors from node GPC for all atomics marked evict-normal (LRU) that hit","1"
"lts__t_sectors_srcnode_gpc_op_atom_evict_normal_lookup_miss","Counter","sector","# of LTS sectors from node GPC for all atomics marked evict-normal (LRU) that missed","1"
"lts__t_sectors_srcnode_gpc_op_atom_lookup_hit","Counter","sector","# of LTS sectors from node GPC for all atomics that hit","1"
"lts__t_sectors_srcnode_gpc_op_atom_lookup_miss","Counter","sector","# of LTS sectors from node GPC for all atomics that missed","1"
"lts__t_sectors_srcnode_gpc_op_membar","Counter","sector","# of LTS sectors from node GPC for memory barriers","1"
"lts__t_sectors_srcnode_gpc_op_membar_evict_first","Counter","sector","# of LTS sectors from node GPC for memory barriers marked evict-first","1"
"lts__t_sectors_srcnode_gpc_op_membar_evict_first_lookup_hit","Counter","sector","# of LTS sectors from node GPC for memory barriers marked evict-first that hit","1"
"lts__t_sectors_srcnode_gpc_op_membar_evict_first_lookup_miss","Counter","sector","# of LTS sectors from node GPC for memory barriers marked evict-first that missed","1"
"lts__t_sectors_srcnode_gpc_op_membar_evict_last","Counter","sector","# of LTS sectors from node GPC for memory barriers marked evict-last","1"
"lts__t_sectors_srcnode_gpc_op_membar_evict_last_lookup_hit","Counter","sector","# of LTS sectors from node GPC for memory barriers marked evict-last that hit","1"
"lts__t_sectors_srcnode_gpc_op_membar_evict_last_lookup_miss","Counter","sector","# of LTS sectors from node GPC for memory barriers marked evict-last that missed","1"
"lts__t_sectors_srcnode_gpc_op_membar_evict_normal","Counter","sector","# of LTS sectors from node GPC for memory barriers marked evict-normal (LRU)","1"
"lts__t_sectors_srcnode_gpc_op_membar_evict_normal_demote","Counter","sector","# of LTS sectors from node GPC for memory barriers marked evict-normal-demote","1"
"lts__t_sectors_srcnode_gpc_op_membar_evict_normal_demote_lookup_hit","Counter","sector","# of LTS sectors from node GPC for memory barriers marked evict-normal-demote that hit","1"
"lts__t_sectors_srcnode_gpc_op_membar_evict_normal_demote_lookup_miss","Counter","sector","# of LTS sectors from node GPC for memory barriers marked evict-normal-demote that missed","1"
"lts__t_sectors_srcnode_gpc_op_membar_evict_normal_lookup_hit","Counter","sector","# of LTS sectors from node GPC for memory barriers marked evict-normal (LRU) that hit","1"
"lts__t_sectors_srcnode_gpc_op_membar_evict_normal_lookup_miss","Counter","sector","# of LTS sectors from node GPC for memory barriers marked evict-normal (LRU) that missed","1"
"lts__t_sectors_srcnode_gpc_op_membar_lookup_hit","Counter","sector","# of LTS sectors from node GPC for memory barriers that hit","1"
"lts__t_sectors_srcnode_gpc_op_membar_lookup_miss","Counter","sector","# of LTS sectors from node GPC for memory barriers that missed","1"
"lts__t_sectors_srcnode_gpc_op_read","Counter","sector","# of LTS sectors from node GPC for reads","1"
"lts__t_sectors_srcnode_gpc_op_read_evict_first","Counter","sector","# of LTS sectors from node GPC for reads marked evict-first","1"
"lts__t_sectors_srcnode_gpc_op_read_evict_first_lookup_hit","Counter","sector","# of LTS sectors from node GPC for reads marked evict-first that hit","1"
"lts__t_sectors_srcnode_gpc_op_read_evict_first_lookup_miss","Counter","sector","# of LTS sectors from node GPC for reads marked evict-first that missed","1"
"lts__t_sectors_srcnode_gpc_op_read_evict_last","Counter","sector","# of LTS sectors from node GPC for reads marked evict-last","1"
"lts__t_sectors_srcnode_gpc_op_read_evict_last_lookup_hit","Counter","sector","# of LTS sectors from node GPC for reads marked evict-last that hit","1"
"lts__t_sectors_srcnode_gpc_op_read_evict_last_lookup_miss","Counter","sector","# of LTS sectors from node GPC for reads marked evict-last that missed","1"
"lts__t_sectors_srcnode_gpc_op_read_evict_normal","Counter","sector","# of LTS sectors from node GPC for reads marked evict-normal (LRU)","1"
"lts__t_sectors_srcnode_gpc_op_read_evict_normal_demote","Counter","sector","# of LTS sectors from node GPC for reads marked evict-normal-demote","1"
"lts__t_sectors_srcnode_gpc_op_read_evict_normal_demote_lookup_hit","Counter","sector","# of LTS sectors from node GPC for reads marked evict-normal-demote that hit","1"
"lts__t_sectors_srcnode_gpc_op_read_evict_normal_demote_lookup_miss","Counter","sector","# of LTS sectors from node GPC for reads marked evict-normal-demote that missed","1"
"lts__t_sectors_srcnode_gpc_op_read_evict_normal_lookup_hit","Counter","sector","# of LTS sectors from node GPC for reads marked evict-normal (LRU) that hit","1"
"lts__t_sectors_srcnode_gpc_op_read_evict_normal_lookup_miss","Counter","sector","# of LTS sectors from node GPC for reads marked evict-normal (LRU) that missed","1"
"lts__t_sectors_srcnode_gpc_op_read_lookup_hit","Counter","sector","# of LTS sectors from node GPC for reads that hit","1"
"lts__t_sectors_srcnode_gpc_op_read_lookup_miss","Counter","sector","# of LTS sectors from node GPC for reads that missed","1"
"lts__t_sectors_srcnode_gpc_op_red","Counter","sector","# of LTS sectors from node GPC for reductions","1"
"lts__t_sectors_srcnode_gpc_op_red_lookup_hit","Counter","sector","# of LTS sectors from node GPC for reductions that hit","1"
"lts__t_sectors_srcnode_gpc_op_red_lookup_miss","Counter","sector","# of LTS sectors from node GPC for reductions that missed","1"
"lts__t_sectors_srcnode_gpc_op_write","Counter","sector","# of LTS sectors from node GPC for writes","1"
"lts__t_sectors_srcnode_gpc_op_write_evict_first","Counter","sector","# of LTS sectors from node GPC for writes marked evict-first","1"
"lts__t_sectors_srcnode_gpc_op_write_evict_first_lookup_hit","Counter","sector","# of LTS sectors from node GPC for writes marked evict-first that hit","1"
"lts__t_sectors_srcnode_gpc_op_write_evict_first_lookup_miss","Counter","sector","# of LTS sectors from node GPC for writes marked evict-first that missed","1"
"lts__t_sectors_srcnode_gpc_op_write_evict_last","Counter","sector","# of LTS sectors from node GPC for writes marked evict-last","1"
"lts__t_sectors_srcnode_gpc_op_write_evict_last_lookup_hit","Counter","sector","# of LTS sectors from node GPC for writes marked evict-last that hit","1"
"lts__t_sectors_srcnode_gpc_op_write_evict_last_lookup_miss","Counter","sector","# of LTS sectors from node GPC for writes marked evict-last that missed","1"
"lts__t_sectors_srcnode_gpc_op_write_evict_normal","Counter","sector","# of LTS sectors from node GPC for writes marked evict-normal (LRU)","1"
"lts__t_sectors_srcnode_gpc_op_write_evict_normal_demote","Counter","sector","# of LTS sectors from node GPC for writes marked evict-normal-demote","1"
"lts__t_sectors_srcnode_gpc_op_write_evict_normal_demote_lookup_hit","Counter","sector","# of LTS sectors from node GPC for writes marked evict-normal-demote that hit","1"
"lts__t_sectors_srcnode_gpc_op_write_evict_normal_demote_lookup_miss","Counter","sector","# of LTS sectors from node GPC for writes marked evict-normal-demote that missed","1"
"lts__t_sectors_srcnode_gpc_op_write_evict_normal_lookup_hit","Counter","sector","# of LTS sectors from node GPC for writes marked evict-normal (LRU) that hit","1"
"lts__t_sectors_srcnode_gpc_op_write_evict_normal_lookup_miss","Counter","sector","# of LTS sectors from node GPC for writes marked evict-normal (LRU) that missed","1"
"lts__t_sectors_srcnode_gpc_op_write_lookup_hit","Counter","sector","# of LTS sectors from node GPC for writes that hit","1"
"lts__t_sectors_srcnode_gpc_op_write_lookup_miss","Counter","sector","# of LTS sectors from node GPC for writes that missed","1"
"lts__t_sectors_srcunit_l1","Counter","sector","# of LTS sectors from unit L1","1"
"lts__t_sectors_srcunit_l1_aperture_device","Counter","sector","# of LTS sectors from unit L1 accessing device memory (vidmem)","1"
"lts__t_sectors_srcunit_l1_aperture_device_evict_first","Counter","sector","# of LTS sectors from unit L1 accessing device memory (vidmem) marked evict-first","1"
"lts__t_sectors_srcunit_l1_aperture_device_evict_first_lookup_hit","Counter","sector","# of LTS sectors from unit L1 accessing device memory (vidmem) marked evict-first that hit","1"
"lts__t_sectors_srcunit_l1_aperture_device_evict_first_lookup_miss","Counter","sector","# of LTS sectors from unit L1 accessing device memory (vidmem) marked evict-first that missed","1"
"lts__t_sectors_srcunit_l1_aperture_device_evict_last","Counter","sector","# of LTS sectors from unit L1 accessing device memory (vidmem) marked evict-last","1"
"lts__t_sectors_srcunit_l1_aperture_device_evict_last_lookup_hit","Counter","sector","# of LTS sectors from unit L1 accessing device memory (vidmem) marked evict-last that hit","1"
"lts__t_sectors_srcunit_l1_aperture_device_evict_last_lookup_miss","Counter","sector","# of LTS sectors from unit L1 accessing device memory (vidmem) marked evict-last that missed","1"
"lts__t_sectors_srcunit_l1_aperture_device_evict_normal","Counter","sector","# of LTS sectors from unit L1 accessing device memory (vidmem) marked evict-normal (LRU)","1"
"lts__t_sectors_srcunit_l1_aperture_device_evict_normal_demote","Counter","sector","# of LTS sectors from unit L1 accessing device memory (vidmem) marked evict-normal-demote","1"
"lts__t_sectors_srcunit_l1_aperture_device_evict_normal_demote_lookup_hit","Counter","sector","# of LTS sectors from unit L1 accessing device memory (vidmem) marked evict-normal-demote that hit","1"
"lts__t_sectors_srcunit_l1_aperture_device_evict_normal_demote_lookup_miss","Counter","sector","# of LTS sectors from unit L1 accessing device memory (vidmem) marked evict-normal-demote that missed","1"
"lts__t_sectors_srcunit_l1_aperture_device_evict_normal_lookup_hit","Counter","sector","# of LTS sectors from unit L1 accessing device memory (vidmem) marked evict-normal (LRU) that hit","1"
"lts__t_sectors_srcunit_l1_aperture_device_evict_normal_lookup_miss","Counter","sector","# of LTS sectors from unit L1 accessing device memory (vidmem) marked evict-normal (LRU) that missed","1"
"lts__t_sectors_srcunit_l1_aperture_device_lookup_hit","Counter","sector","# of LTS sectors from unit L1 accessing device memory (vidmem) that hit","1"
"lts__t_sectors_srcunit_l1_aperture_device_lookup_miss","Counter","sector","# of LTS sectors from unit L1 accessing device memory (vidmem) that missed","1"
"lts__t_sectors_srcunit_l1_aperture_device_op_atom","Counter","sector","# of LTS sectors from unit L1 accessing device memory (vidmem) for all atomics","1"
"lts__t_sectors_srcunit_l1_aperture_device_op_atom_dot_alu","Counter","sector","# of LTS sectors from unit L1 accessing device memory (vidmem) for atomic ALU (non-CAS)","1"
"lts__t_sectors_srcunit_l1_aperture_device_op_atom_dot_alu_lookup_hit","Counter","sector","# of LTS sectors from unit L1 accessing device memory (vidmem) for atomic ALU (non-CAS) that hit","1"
"lts__t_sectors_srcunit_l1_aperture_device_op_atom_dot_alu_lookup_miss","Counter","sector","# of LTS sectors from unit L1 accessing device memory (vidmem) for atomic ALU (non-CAS) that missed","1"
"lts__t_sectors_srcunit_l1_aperture_device_op_atom_dot_cas","Counter","sector","# of LTS sectors from unit L1 accessing device memory (vidmem) for atomic CAS","1"
"lts__t_sectors_srcunit_l1_aperture_device_op_atom_dot_cas_lookup_hit","Counter","sector","# of LTS sectors from unit L1 accessing device memory (vidmem) for atomic CAS that hit","1"
"lts__t_sectors_srcunit_l1_aperture_device_op_atom_dot_cas_lookup_miss","Counter","sector","# of LTS sectors from unit L1 accessing device memory (vidmem) for atomic CAS that missed","1"
"lts__t_sectors_srcunit_l1_aperture_device_op_atom_lookup_hit","Counter","sector","# of LTS sectors from unit L1 accessing device memory (vidmem) for all atomics that hit","1"
"lts__t_sectors_srcunit_l1_aperture_device_op_atom_lookup_miss","Counter","sector","# of LTS sectors from unit L1 accessing device memory (vidmem) for all atomics that missed","1"
"lts__t_sectors_srcunit_l1_aperture_device_op_membar","Counter","sector","# of LTS sectors from unit L1 accessing device memory (vidmem) for memory barriers","1"
"lts__t_sectors_srcunit_l1_aperture_device_op_membar_lookup_hit","Counter","sector","# of LTS sectors from unit L1 accessing device memory (vidmem) for memory barriers that hit","1"
"lts__t_sectors_srcunit_l1_aperture_device_op_membar_lookup_miss","Counter","sector","# of LTS sectors from unit L1 accessing device memory (vidmem) for memory barriers that missed","1"
"lts__t_sectors_srcunit_l1_aperture_device_op_read","Counter","sector","# of LTS sectors from unit L1 accessing device memory (vidmem) for reads","1"
"lts__t_sectors_srcunit_l1_aperture_device_op_read_lookup_hit","Counter","sector","# of LTS sectors from unit L1 accessing device memory (vidmem) for reads that hit","1"
"lts__t_sectors_srcunit_l1_aperture_device_op_read_lookup_miss","Counter","sector","# of LTS sectors from unit L1 accessing device memory (vidmem) for reads that missed","1"
"lts__t_sectors_srcunit_l1_aperture_device_op_red","Counter","sector","# of LTS sectors from unit L1 accessing device memory (vidmem) for reductions","1"
"lts__t_sectors_srcunit_l1_aperture_device_op_red_lookup_hit","Counter","sector","# of LTS sectors from unit L1 accessing device memory (vidmem) for reductions that hit","1"
"lts__t_sectors_srcunit_l1_aperture_device_op_red_lookup_miss","Counter","sector","# of LTS sectors from unit L1 accessing device memory (vidmem) for reductions that missed","1"
"lts__t_sectors_srcunit_l1_aperture_device_op_write","Counter","sector","# of LTS sectors from unit L1 accessing device memory (vidmem) for writes","1"
"lts__t_sectors_srcunit_l1_aperture_device_op_write_lookup_hit","Counter","sector","# of LTS sectors from unit L1 accessing device memory (vidmem) for writes that hit","1"
"lts__t_sectors_srcunit_l1_aperture_device_op_write_lookup_miss","Counter","sector","# of LTS sectors from unit L1 accessing device memory (vidmem) for writes that missed","1"
"lts__t_sectors_srcunit_l1_aperture_peer","Counter","sector","# of LTS sectors from unit L1 accessing peer memory (peermem)","1"
"lts__t_sectors_srcunit_l1_aperture_peer_evict_first","Counter","sector","# of LTS sectors from unit L1 accessing peer memory (peermem) marked evict-first","1"
"lts__t_sectors_srcunit_l1_aperture_peer_evict_first_lookup_hit","Counter","sector","# of LTS sectors from unit L1 accessing peer memory (peermem) marked evict-first that hit","1"
"lts__t_sectors_srcunit_l1_aperture_peer_evict_first_lookup_miss","Counter","sector","# of LTS sectors from unit L1 accessing peer memory (peermem) marked evict-first that missed","1"
"lts__t_sectors_srcunit_l1_aperture_peer_evict_last","Counter","sector","# of LTS sectors from unit L1 accessing peer memory (peermem) marked evict-last","1"
"lts__t_sectors_srcunit_l1_aperture_peer_evict_last_lookup_hit","Counter","sector","# of LTS sectors from unit L1 accessing peer memory (peermem) marked evict-last that hit","1"
"lts__t_sectors_srcunit_l1_aperture_peer_evict_last_lookup_miss","Counter","sector","# of LTS sectors from unit L1 accessing peer memory (peermem) marked evict-last that missed","1"
"lts__t_sectors_srcunit_l1_aperture_peer_evict_normal","Counter","sector","# of LTS sectors from unit L1 accessing peer memory (peermem) marked evict-normal (LRU)","1"
"lts__t_sectors_srcunit_l1_aperture_peer_evict_normal_demote","Counter","sector","# of LTS sectors from unit L1 accessing peer memory (peermem) marked evict-normal-demote","1"
"lts__t_sectors_srcunit_l1_aperture_peer_evict_normal_demote_lookup_hit","Counter","sector","# of LTS sectors from unit L1 accessing peer memory (peermem) marked evict-normal-demote that hit","1"
"lts__t_sectors_srcunit_l1_aperture_peer_evict_normal_demote_lookup_miss","Counter","sector","# of LTS sectors from unit L1 accessing peer memory (peermem) marked evict-normal-demote that missed","1"
"lts__t_sectors_srcunit_l1_aperture_peer_evict_normal_lookup_hit","Counter","sector","# of LTS sectors from unit L1 accessing peer memory (peermem) marked evict-normal (LRU) that hit","1"
"lts__t_sectors_srcunit_l1_aperture_peer_evict_normal_lookup_miss","Counter","sector","# of LTS sectors from unit L1 accessing peer memory (peermem) marked evict-normal (LRU) that missed","1"
"lts__t_sectors_srcunit_l1_aperture_peer_lookup_hit","Counter","sector","# of LTS sectors from unit L1 accessing peer memory (peermem) that hit","1"
"lts__t_sectors_srcunit_l1_aperture_peer_lookup_miss","Counter","sector","# of LTS sectors from unit L1 accessing peer memory (peermem) that missed","1"
"lts__t_sectors_srcunit_l1_aperture_peer_op_atom","Counter","sector","# of LTS sectors from unit L1 accessing peer memory (peermem) for all atomics","1"
"lts__t_sectors_srcunit_l1_aperture_peer_op_atom_dot_alu","Counter","sector","# of LTS sectors from unit L1 accessing peer memory (peermem) for atomic ALU (non-CAS)","1"
"lts__t_sectors_srcunit_l1_aperture_peer_op_atom_dot_alu_lookup_hit","Counter","sector","# of LTS sectors from unit L1 accessing peer memory (peermem) for atomic ALU (non-CAS) that hit","1"
"lts__t_sectors_srcunit_l1_aperture_peer_op_atom_dot_alu_lookup_miss","Counter","sector","# of LTS sectors from unit L1 accessing peer memory (peermem) for atomic ALU (non-CAS) that missed","1"
"lts__t_sectors_srcunit_l1_aperture_peer_op_atom_dot_cas","Counter","sector","# of LTS sectors from unit L1 accessing peer memory (peermem) for atomic CAS","1"
"lts__t_sectors_srcunit_l1_aperture_peer_op_atom_dot_cas_lookup_hit","Counter","sector","# of LTS sectors from unit L1 accessing peer memory (peermem) for atomic CAS that hit","1"
"lts__t_sectors_srcunit_l1_aperture_peer_op_atom_dot_cas_lookup_miss","Counter","sector","# of LTS sectors from unit L1 accessing peer memory (peermem) for atomic CAS that missed","1"
"lts__t_sectors_srcunit_l1_aperture_peer_op_atom_lookup_hit","Counter","sector","# of LTS sectors from unit L1 accessing peer memory (peermem) for all atomics that hit","1"
"lts__t_sectors_srcunit_l1_aperture_peer_op_atom_lookup_miss","Counter","sector","# of LTS sectors from unit L1 accessing peer memory (peermem) for all atomics that missed","1"
"lts__t_sectors_srcunit_l1_aperture_peer_op_membar","Counter","sector","# of LTS sectors from unit L1 accessing peer memory (peermem) for memory barriers","1"
"lts__t_sectors_srcunit_l1_aperture_peer_op_membar_lookup_hit","Counter","sector","# of LTS sectors from unit L1 accessing peer memory (peermem) for memory barriers that hit","1"
"lts__t_sectors_srcunit_l1_aperture_peer_op_membar_lookup_miss","Counter","sector","# of LTS sectors from unit L1 accessing peer memory (peermem) for memory barriers that missed","1"
"lts__t_sectors_srcunit_l1_aperture_peer_op_read","Counter","sector","# of LTS sectors from unit L1 accessing peer memory (peermem) for reads","1"
"lts__t_sectors_srcunit_l1_aperture_peer_op_read_lookup_hit","Counter","sector","# of LTS sectors from unit L1 accessing peer memory (peermem) for reads that hit","1"
"lts__t_sectors_srcunit_l1_aperture_peer_op_read_lookup_miss","Counter","sector","# of LTS sectors from unit L1 accessing peer memory (peermem) for reads that missed","1"
"lts__t_sectors_srcunit_l1_aperture_peer_op_red","Counter","sector","# of LTS sectors from unit L1 accessing peer memory (peermem) for reductions","1"
"lts__t_sectors_srcunit_l1_aperture_peer_op_red_lookup_hit","Counter","sector","# of LTS sectors from unit L1 accessing peer memory (peermem) for reductions that hit","1"
"lts__t_sectors_srcunit_l1_aperture_peer_op_red_lookup_miss","Counter","sector","# of LTS sectors from unit L1 accessing peer memory (peermem) for reductions that missed","1"
"lts__t_sectors_srcunit_l1_aperture_peer_op_write","Counter","sector","# of LTS sectors from unit L1 accessing peer memory (peermem) for writes","1"
"lts__t_sectors_srcunit_l1_aperture_peer_op_write_lookup_hit","Counter","sector","# of LTS sectors from unit L1 accessing peer memory (peermem) for writes that hit","1"
"lts__t_sectors_srcunit_l1_aperture_peer_op_write_lookup_miss","Counter","sector","# of LTS sectors from unit L1 accessing peer memory (peermem) for writes that missed","1"
"lts__t_sectors_srcunit_l1_aperture_sysmem","Counter","sector","# of LTS sectors from unit L1 accessing system memory (sysmem)","1"
"lts__t_sectors_srcunit_l1_aperture_sysmem_evict_first","Counter","sector","# of LTS sectors from unit L1 accessing system memory (sysmem) marked evict-first","1"
"lts__t_sectors_srcunit_l1_aperture_sysmem_evict_first_lookup_hit","Counter","sector","# of LTS sectors from unit L1 accessing system memory (sysmem) marked evict-first that hit","1"
"lts__t_sectors_srcunit_l1_aperture_sysmem_evict_first_lookup_miss","Counter","sector","# of LTS sectors from unit L1 accessing system memory (sysmem) marked evict-first that missed","1"
"lts__t_sectors_srcunit_l1_aperture_sysmem_evict_last","Counter","sector","# of LTS sectors from unit L1 accessing system memory (sysmem) marked evict-last","1"
"lts__t_sectors_srcunit_l1_aperture_sysmem_evict_last_lookup_hit","Counter","sector","# of LTS sectors from unit L1 accessing system memory (sysmem) marked evict-last that hit","1"
"lts__t_sectors_srcunit_l1_aperture_sysmem_evict_last_lookup_miss","Counter","sector","# of LTS sectors from unit L1 accessing system memory (sysmem) marked evict-last that missed","1"
"lts__t_sectors_srcunit_l1_aperture_sysmem_evict_normal","Counter","sector","# of LTS sectors from unit L1 accessing system memory (sysmem) marked evict-normal (LRU)","1"
"lts__t_sectors_srcunit_l1_aperture_sysmem_evict_normal_demote","Counter","sector","# of LTS sectors from unit L1 accessing system memory (sysmem) marked evict-normal-demote","1"
"lts__t_sectors_srcunit_l1_aperture_sysmem_evict_normal_demote_lookup_hit","Counter","sector","# of LTS sectors from unit L1 accessing system memory (sysmem) marked evict-normal-demote that hit","1"
"lts__t_sectors_srcunit_l1_aperture_sysmem_evict_normal_demote_lookup_miss","Counter","sector","# of LTS sectors from unit L1 accessing system memory (sysmem) marked evict-normal-demote that missed","1"
"lts__t_sectors_srcunit_l1_aperture_sysmem_evict_normal_lookup_hit","Counter","sector","# of LTS sectors from unit L1 accessing system memory (sysmem) marked evict-normal (LRU) that hit","1"
"lts__t_sectors_srcunit_l1_aperture_sysmem_evict_normal_lookup_miss","Counter","sector","# of LTS sectors from unit L1 accessing system memory (sysmem) marked evict-normal (LRU) that missed","1"
"lts__t_sectors_srcunit_l1_aperture_sysmem_lookup_hit","Counter","sector","# of LTS sectors from unit L1 accessing system memory (sysmem) that hit","1"
"lts__t_sectors_srcunit_l1_aperture_sysmem_lookup_miss","Counter","sector","# of LTS sectors from unit L1 accessing system memory (sysmem) that missed","1"
"lts__t_sectors_srcunit_l1_aperture_sysmem_op_atom","Counter","sector","# of LTS sectors from unit L1 accessing system memory (sysmem) for all atomics","1"
"lts__t_sectors_srcunit_l1_aperture_sysmem_op_atom_dot_alu","Counter","sector","# of LTS sectors from unit L1 accessing system memory (sysmem) for atomic ALU (non-CAS)","1"
"lts__t_sectors_srcunit_l1_aperture_sysmem_op_atom_dot_alu_lookup_hit","Counter","sector","# of LTS sectors from unit L1 accessing system memory (sysmem) for atomic ALU (non-CAS) that hit","1"
"lts__t_sectors_srcunit_l1_aperture_sysmem_op_atom_dot_alu_lookup_miss","Counter","sector","# of LTS sectors from unit L1 accessing system memory (sysmem) for atomic ALU (non-CAS) that missed","1"
"lts__t_sectors_srcunit_l1_aperture_sysmem_op_atom_dot_cas","Counter","sector","# of LTS sectors from unit L1 accessing system memory (sysmem) for atomic CAS","1"
"lts__t_sectors_srcunit_l1_aperture_sysmem_op_atom_dot_cas_lookup_hit","Counter","sector","# of LTS sectors from unit L1 accessing system memory (sysmem) for atomic CAS that hit","1"
"lts__t_sectors_srcunit_l1_aperture_sysmem_op_atom_dot_cas_lookup_miss","Counter","sector","# of LTS sectors from unit L1 accessing system memory (sysmem) for atomic CAS that missed","1"
"lts__t_sectors_srcunit_l1_aperture_sysmem_op_atom_lookup_hit","Counter","sector","# of LTS sectors from unit L1 accessing system memory (sysmem) for all atomics that hit","1"
"lts__t_sectors_srcunit_l1_aperture_sysmem_op_atom_lookup_miss","Counter","sector","# of LTS sectors from unit L1 accessing system memory (sysmem) for all atomics that missed","1"
"lts__t_sectors_srcunit_l1_aperture_sysmem_op_membar","Counter","sector","# of LTS sectors from unit L1 accessing system memory (sysmem) for memory barriers","1"
"lts__t_sectors_srcunit_l1_aperture_sysmem_op_membar_lookup_hit","Counter","sector","# of LTS sectors from unit L1 accessing system memory (sysmem) for memory barriers that hit","1"
"lts__t_sectors_srcunit_l1_aperture_sysmem_op_membar_lookup_miss","Counter","sector","# of LTS sectors from unit L1 accessing system memory (sysmem) for memory barriers that missed","1"
"lts__t_sectors_srcunit_l1_aperture_sysmem_op_read","Counter","sector","# of LTS sectors from unit L1 accessing system memory (sysmem) for reads","1"
"lts__t_sectors_srcunit_l1_aperture_sysmem_op_read_lookup_hit","Counter","sector","# of LTS sectors from unit L1 accessing system memory (sysmem) for reads that hit","1"
"lts__t_sectors_srcunit_l1_aperture_sysmem_op_read_lookup_miss","Counter","sector","# of LTS sectors from unit L1 accessing system memory (sysmem) for reads that missed","1"
"lts__t_sectors_srcunit_l1_aperture_sysmem_op_red","Counter","sector","# of LTS sectors from unit L1 accessing system memory (sysmem) for reductions","1"
"lts__t_sectors_srcunit_l1_aperture_sysmem_op_red_lookup_hit","Counter","sector","# of LTS sectors from unit L1 accessing system memory (sysmem) for reductions that hit","1"
"lts__t_sectors_srcunit_l1_aperture_sysmem_op_red_lookup_miss","Counter","sector","# of LTS sectors from unit L1 accessing system memory (sysmem) for reductions that missed","1"
"lts__t_sectors_srcunit_l1_aperture_sysmem_op_write","Counter","sector","# of LTS sectors from unit L1 accessing system memory (sysmem) for writes","1"
"lts__t_sectors_srcunit_l1_aperture_sysmem_op_write_lookup_hit","Counter","sector","# of LTS sectors from unit L1 accessing system memory (sysmem) for writes that hit","1"
"lts__t_sectors_srcunit_l1_aperture_sysmem_op_write_lookup_miss","Counter","sector","# of LTS sectors from unit L1 accessing system memory (sysmem) for writes that missed","1"
"lts__t_sectors_srcunit_l1_evict_first","Counter","sector","# of LTS sectors from unit L1 marked evict-first","1"
"lts__t_sectors_srcunit_l1_evict_first_lookup_hit","Counter","sector","# of LTS sectors from unit L1 marked evict-first that hit","1"
"lts__t_sectors_srcunit_l1_evict_first_lookup_miss","Counter","sector","# of LTS sectors from unit L1 marked evict-first that missed","1"
"lts__t_sectors_srcunit_l1_evict_last","Counter","sector","# of LTS sectors from unit L1 marked evict-last","1"
"lts__t_sectors_srcunit_l1_evict_last_lookup_hit","Counter","sector","# of LTS sectors from unit L1 marked evict-last that hit","1"
"lts__t_sectors_srcunit_l1_evict_last_lookup_miss","Counter","sector","# of LTS sectors from unit L1 marked evict-last that missed","1"
"lts__t_sectors_srcunit_l1_evict_normal","Counter","sector","# of LTS sectors from unit L1 marked evict-normal (LRU)","1"
"lts__t_sectors_srcunit_l1_evict_normal_demote","Counter","sector","# of LTS sectors from unit L1 marked evict-normal-demote","1"
"lts__t_sectors_srcunit_l1_evict_normal_demote_lookup_hit","Counter","sector","# of LTS sectors from unit L1 marked evict-normal-demote that hit","1"
"lts__t_sectors_srcunit_l1_evict_normal_demote_lookup_miss","Counter","sector","# of LTS sectors from unit L1 marked evict-normal-demote that missed","1"
"lts__t_sectors_srcunit_l1_evict_normal_lookup_hit","Counter","sector","# of LTS sectors from unit L1 marked evict-normal (LRU) that hit","1"
"lts__t_sectors_srcunit_l1_evict_normal_lookup_miss","Counter","sector","# of LTS sectors from unit L1 marked evict-normal (LRU) that missed","1"
"lts__t_sectors_srcunit_l1_lookup_hit","Counter","sector","# of LTS sectors from unit L1 that hit","1"
"lts__t_sectors_srcunit_l1_lookup_miss","Counter","sector","# of LTS sectors from unit L1 that missed","1"
"lts__t_sectors_srcunit_l1_op_atom","Counter","sector","# of LTS sectors from unit L1 for all atomics","1"
"lts__t_sectors_srcunit_l1_op_atom_dot_alu","Counter","sector","# of LTS sectors from unit L1 for atomic ALU (non-CAS)","1"
"lts__t_sectors_srcunit_l1_op_atom_dot_alu_lookup_hit","Counter","sector","# of LTS sectors from unit L1 for atomic ALU (non-CAS) that hit","1"
"lts__t_sectors_srcunit_l1_op_atom_dot_alu_lookup_miss","Counter","sector","# of LTS sectors from unit L1 for atomic ALU (non-CAS) that missed","1"
"lts__t_sectors_srcunit_l1_op_atom_dot_cas","Counter","sector","# of LTS sectors from unit L1 for atomic CAS","1"
"lts__t_sectors_srcunit_l1_op_atom_dot_cas_lookup_hit","Counter","sector","# of LTS sectors from unit L1 for atomic CAS that hit","1"
"lts__t_sectors_srcunit_l1_op_atom_dot_cas_lookup_miss","Counter","sector","# of LTS sectors from unit L1 for atomic CAS that missed","1"
"lts__t_sectors_srcunit_l1_op_atom_evict_first","Counter","sector","# of LTS sectors from unit L1 for all atomics marked evict-first","1"
"lts__t_sectors_srcunit_l1_op_atom_evict_first_lookup_hit","Counter","sector","# of LTS sectors from unit L1 for all atomics marked evict-first that hit","1"
"lts__t_sectors_srcunit_l1_op_atom_evict_first_lookup_miss","Counter","sector","# of LTS sectors from unit L1 for all atomics marked evict-first that missed","1"
"lts__t_sectors_srcunit_l1_op_atom_evict_last","Counter","sector","# of LTS sectors from unit L1 for all atomics marked evict-last","1"
"lts__t_sectors_srcunit_l1_op_atom_evict_last_lookup_hit","Counter","sector","# of LTS sectors from unit L1 for all atomics marked evict-last that hit","1"
"lts__t_sectors_srcunit_l1_op_atom_evict_last_lookup_miss","Counter","sector","# of LTS sectors from unit L1 for all atomics marked evict-last that missed","1"
"lts__t_sectors_srcunit_l1_op_atom_evict_normal","Counter","sector","# of LTS sectors from unit L1 for all atomics marked evict-normal (LRU)","1"
"lts__t_sectors_srcunit_l1_op_atom_evict_normal_demote","Counter","sector","# of LTS sectors from unit L1 for all atomics marked evict-normal-demote","1"
"lts__t_sectors_srcunit_l1_op_atom_evict_normal_demote_lookup_hit","Counter","sector","# of LTS sectors from unit L1 for all atomics marked evict-normal-demote that hit","1"
"lts__t_sectors_srcunit_l1_op_atom_evict_normal_demote_lookup_miss","Counter","sector","# of LTS sectors from unit L1 for all atomics marked evict-normal-demote that missed","1"
"lts__t_sectors_srcunit_l1_op_atom_evict_normal_lookup_hit","Counter","sector","# of LTS sectors from unit L1 for all atomics marked evict-normal (LRU) that hit","1"
"lts__t_sectors_srcunit_l1_op_atom_evict_normal_lookup_miss","Counter","sector","# of LTS sectors from unit L1 for all atomics marked evict-normal (LRU) that missed","1"
"lts__t_sectors_srcunit_l1_op_atom_lookup_hit","Counter","sector","# of LTS sectors from unit L1 for all atomics that hit","1"
"lts__t_sectors_srcunit_l1_op_atom_lookup_miss","Counter","sector","# of LTS sectors from unit L1 for all atomics that missed","1"
"lts__t_sectors_srcunit_l1_op_membar","Counter","sector","# of LTS sectors from unit L1 for memory barriers","1"
"lts__t_sectors_srcunit_l1_op_membar_evict_first","Counter","sector","# of LTS sectors from unit L1 for memory barriers marked evict-first","1"
"lts__t_sectors_srcunit_l1_op_membar_evict_first_lookup_hit","Counter","sector","# of LTS sectors from unit L1 for memory barriers marked evict-first that hit","1"
"lts__t_sectors_srcunit_l1_op_membar_evict_first_lookup_miss","Counter","sector","# of LTS sectors from unit L1 for memory barriers marked evict-first that missed","1"
"lts__t_sectors_srcunit_l1_op_membar_evict_last","Counter","sector","# of LTS sectors from unit L1 for memory barriers marked evict-last","1"
"lts__t_sectors_srcunit_l1_op_membar_evict_last_lookup_hit","Counter","sector","# of LTS sectors from unit L1 for memory barriers marked evict-last that hit","1"
"lts__t_sectors_srcunit_l1_op_membar_evict_last_lookup_miss","Counter","sector","# of LTS sectors from unit L1 for memory barriers marked evict-last that missed","1"
"lts__t_sectors_srcunit_l1_op_membar_evict_normal","Counter","sector","# of LTS sectors from unit L1 for memory barriers marked evict-normal (LRU)","1"
"lts__t_sectors_srcunit_l1_op_membar_evict_normal_demote","Counter","sector","# of LTS sectors from unit L1 for memory barriers marked evict-normal-demote","1"
"lts__t_sectors_srcunit_l1_op_membar_evict_normal_demote_lookup_hit","Counter","sector","# of LTS sectors from unit L1 for memory barriers marked evict-normal-demote that hit","1"
"lts__t_sectors_srcunit_l1_op_membar_evict_normal_demote_lookup_miss","Counter","sector","# of LTS sectors from unit L1 for memory barriers marked evict-normal-demote that missed","1"
"lts__t_sectors_srcunit_l1_op_membar_evict_normal_lookup_hit","Counter","sector","# of LTS sectors from unit L1 for memory barriers marked evict-normal (LRU) that hit","1"
"lts__t_sectors_srcunit_l1_op_membar_evict_normal_lookup_miss","Counter","sector","# of LTS sectors from unit L1 for memory barriers marked evict-normal (LRU) that missed","1"
"lts__t_sectors_srcunit_l1_op_membar_lookup_hit","Counter","sector","# of LTS sectors from unit L1 for memory barriers that hit","1"
"lts__t_sectors_srcunit_l1_op_membar_lookup_miss","Counter","sector","# of LTS sectors from unit L1 for memory barriers that missed","1"
"lts__t_sectors_srcunit_l1_op_read","Counter","sector","# of LTS sectors from unit L1 for reads","1"
"lts__t_sectors_srcunit_l1_op_read_evict_first","Counter","sector","# of LTS sectors from unit L1 for reads marked evict-first","1"
"lts__t_sectors_srcunit_l1_op_read_evict_first_lookup_hit","Counter","sector","# of LTS sectors from unit L1 for reads marked evict-first that hit","1"
"lts__t_sectors_srcunit_l1_op_read_evict_first_lookup_miss","Counter","sector","# of LTS sectors from unit L1 for reads marked evict-first that missed","1"
"lts__t_sectors_srcunit_l1_op_read_evict_last","Counter","sector","# of LTS sectors from unit L1 for reads marked evict-last","1"
"lts__t_sectors_srcunit_l1_op_read_evict_last_lookup_hit","Counter","sector","# of LTS sectors from unit L1 for reads marked evict-last that hit","1"
"lts__t_sectors_srcunit_l1_op_read_evict_last_lookup_miss","Counter","sector","# of LTS sectors from unit L1 for reads marked evict-last that missed","1"
"lts__t_sectors_srcunit_l1_op_read_evict_normal","Counter","sector","# of LTS sectors from unit L1 for reads marked evict-normal (LRU)","1"
"lts__t_sectors_srcunit_l1_op_read_evict_normal_demote","Counter","sector","# of LTS sectors from unit L1 for reads marked evict-normal-demote","1"
"lts__t_sectors_srcunit_l1_op_read_evict_normal_demote_lookup_hit","Counter","sector","# of LTS sectors from unit L1 for reads marked evict-normal-demote that hit","1"
"lts__t_sectors_srcunit_l1_op_read_evict_normal_demote_lookup_miss","Counter","sector","# of LTS sectors from unit L1 for reads marked evict-normal-demote that missed","1"
"lts__t_sectors_srcunit_l1_op_read_evict_normal_lookup_hit","Counter","sector","# of LTS sectors from unit L1 for reads marked evict-normal (LRU) that hit","1"
"lts__t_sectors_srcunit_l1_op_read_evict_normal_lookup_miss","Counter","sector","# of LTS sectors from unit L1 for reads marked evict-normal (LRU) that missed","1"
"lts__t_sectors_srcunit_l1_op_read_lookup_hit","Counter","sector","# of LTS sectors from unit L1 for reads that hit","1"
"lts__t_sectors_srcunit_l1_op_read_lookup_miss","Counter","sector","# of LTS sectors from unit L1 for reads that missed","1"
"lts__t_sectors_srcunit_l1_op_red","Counter","sector","# of LTS sectors from unit L1 for reductions","1"
"lts__t_sectors_srcunit_l1_op_red_lookup_hit","Counter","sector","# of LTS sectors from unit L1 for reductions that hit","1"
"lts__t_sectors_srcunit_l1_op_red_lookup_miss","Counter","sector","# of LTS sectors from unit L1 for reductions that missed","1"
"lts__t_sectors_srcunit_l1_op_write","Counter","sector","# of LTS sectors from unit L1 for writes","1"
"lts__t_sectors_srcunit_l1_op_write_evict_first","Counter","sector","# of LTS sectors from unit L1 for writes marked evict-first","1"
"lts__t_sectors_srcunit_l1_op_write_evict_first_lookup_hit","Counter","sector","# of LTS sectors from unit L1 for writes marked evict-first that hit","1"
"lts__t_sectors_srcunit_l1_op_write_evict_first_lookup_miss","Counter","sector","# of LTS sectors from unit L1 for writes marked evict-first that missed","1"
"lts__t_sectors_srcunit_l1_op_write_evict_last","Counter","sector","# of LTS sectors from unit L1 for writes marked evict-last","1"
"lts__t_sectors_srcunit_l1_op_write_evict_last_lookup_hit","Counter","sector","# of LTS sectors from unit L1 for writes marked evict-last that hit","1"
"lts__t_sectors_srcunit_l1_op_write_evict_last_lookup_miss","Counter","sector","# of LTS sectors from unit L1 for writes marked evict-last that missed","1"
"lts__t_sectors_srcunit_l1_op_write_evict_normal","Counter","sector","# of LTS sectors from unit L1 for writes marked evict-normal (LRU)","1"
"lts__t_sectors_srcunit_l1_op_write_evict_normal_demote","Counter","sector","# of LTS sectors from unit L1 for writes marked evict-normal-demote","1"
"lts__t_sectors_srcunit_l1_op_write_evict_normal_demote_lookup_hit","Counter","sector","# of LTS sectors from unit L1 for writes marked evict-normal-demote that hit","1"
"lts__t_sectors_srcunit_l1_op_write_evict_normal_demote_lookup_miss","Counter","sector","# of LTS sectors from unit L1 for writes marked evict-normal-demote that missed","1"
"lts__t_sectors_srcunit_l1_op_write_evict_normal_lookup_hit","Counter","sector","# of LTS sectors from unit L1 for writes marked evict-normal (LRU) that hit","1"
"lts__t_sectors_srcunit_l1_op_write_evict_normal_lookup_miss","Counter","sector","# of LTS sectors from unit L1 for writes marked evict-normal (LRU) that missed","1"
"lts__t_sectors_srcunit_l1_op_write_lookup_hit","Counter","sector","# of LTS sectors from unit L1 for writes that hit","1"
"lts__t_sectors_srcunit_l1_op_write_lookup_miss","Counter","sector","# of LTS sectors from unit L1 for writes that missed","1"
"lts__t_sectors_srcunit_tex","Counter","sector","# of LTS sectors from unit TEX","1"
"lts__t_sectors_srcunit_tex_aperture_device","Counter","sector","# of LTS sectors from unit TEX accessing device memory (vidmem)","1"
"lts__t_sectors_srcunit_tex_aperture_device_evict_first","Counter","sector","# of LTS sectors from unit TEX accessing device memory (vidmem) marked evict-first","1"
"lts__t_sectors_srcunit_tex_aperture_device_evict_first_lookup_hit","Counter","sector","# of LTS sectors from unit TEX accessing device memory (vidmem) marked evict-first that hit","1"
"lts__t_sectors_srcunit_tex_aperture_device_evict_first_lookup_miss","Counter","sector","# of LTS sectors from unit TEX accessing device memory (vidmem) marked evict-first that missed","1"
"lts__t_sectors_srcunit_tex_aperture_device_evict_last","Counter","sector","# of LTS sectors from unit TEX accessing device memory (vidmem) marked evict-last","1"
"lts__t_sectors_srcunit_tex_aperture_device_evict_last_lookup_hit","Counter","sector","# of LTS sectors from unit TEX accessing device memory (vidmem) marked evict-last that hit","1"
"lts__t_sectors_srcunit_tex_aperture_device_evict_last_lookup_miss","Counter","sector","# of LTS sectors from unit TEX accessing device memory (vidmem) marked evict-last that missed","1"
"lts__t_sectors_srcunit_tex_aperture_device_evict_normal","Counter","sector","# of LTS sectors from unit TEX accessing device memory (vidmem) marked evict-normal (LRU)","1"
"lts__t_sectors_srcunit_tex_aperture_device_evict_normal_demote","Counter","sector","# of LTS sectors from unit TEX accessing device memory (vidmem) marked evict-normal-demote","1"
"lts__t_sectors_srcunit_tex_aperture_device_evict_normal_demote_lookup_hit","Counter","sector","# of LTS sectors from unit TEX accessing device memory (vidmem) marked evict-normal-demote that hit","1"
"lts__t_sectors_srcunit_tex_aperture_device_evict_normal_demote_lookup_miss","Counter","sector","# of LTS sectors from unit TEX accessing device memory (vidmem) marked evict-normal-demote that missed","1"
"lts__t_sectors_srcunit_tex_aperture_device_evict_normal_lookup_hit","Counter","sector","# of LTS sectors from unit TEX accessing device memory (vidmem) marked evict-normal (LRU) that hit","1"
"lts__t_sectors_srcunit_tex_aperture_device_evict_normal_lookup_miss","Counter","sector","# of LTS sectors from unit TEX accessing device memory (vidmem) marked evict-normal (LRU) that missed","1"
"lts__t_sectors_srcunit_tex_aperture_device_lookup_hit","Counter","sector","# of LTS sectors from unit TEX accessing device memory (vidmem) that hit","1"
"lts__t_sectors_srcunit_tex_aperture_device_lookup_miss","Counter","sector","# of LTS sectors from unit TEX accessing device memory (vidmem) that missed","1"
"lts__t_sectors_srcunit_tex_aperture_device_op_atom","Counter","sector","# of LTS sectors from unit TEX accessing device memory (vidmem) for all atomics","1"
"lts__t_sectors_srcunit_tex_aperture_device_op_atom_dot_alu","Counter","sector","# of LTS sectors from unit TEX accessing device memory (vidmem) for atomic ALU (non-CAS)","1"
"lts__t_sectors_srcunit_tex_aperture_device_op_atom_dot_alu_lookup_hit","Counter","sector","# of LTS sectors from unit TEX accessing device memory (vidmem) for atomic ALU (non-CAS) that hit","1"
"lts__t_sectors_srcunit_tex_aperture_device_op_atom_dot_alu_lookup_miss","Counter","sector","# of LTS sectors from unit TEX accessing device memory (vidmem) for atomic ALU (non-CAS) that missed","1"
"lts__t_sectors_srcunit_tex_aperture_device_op_atom_dot_cas","Counter","sector","# of LTS sectors from unit TEX accessing device memory (vidmem) for atomic CAS","1"
"lts__t_sectors_srcunit_tex_aperture_device_op_atom_dot_cas_lookup_hit","Counter","sector","# of LTS sectors from unit TEX accessing device memory (vidmem) for atomic CAS that hit","1"
"lts__t_sectors_srcunit_tex_aperture_device_op_atom_dot_cas_lookup_miss","Counter","sector","# of LTS sectors from unit TEX accessing device memory (vidmem) for atomic CAS that missed","1"
"lts__t_sectors_srcunit_tex_aperture_device_op_atom_lookup_hit","Counter","sector","# of LTS sectors from unit TEX accessing device memory (vidmem) for all atomics that hit","1"
"lts__t_sectors_srcunit_tex_aperture_device_op_atom_lookup_miss","Counter","sector","# of LTS sectors from unit TEX accessing device memory (vidmem) for all atomics that missed","1"
"lts__t_sectors_srcunit_tex_aperture_device_op_membar","Counter","sector","# of LTS sectors from unit TEX accessing device memory (vidmem) for memory barriers","1"
"lts__t_sectors_srcunit_tex_aperture_device_op_membar_lookup_hit","Counter","sector","# of LTS sectors from unit TEX accessing device memory (vidmem) for memory barriers that hit","1"
"lts__t_sectors_srcunit_tex_aperture_device_op_membar_lookup_miss","Counter","sector","# of LTS sectors from unit TEX accessing device memory (vidmem) for memory barriers that missed","1"
"lts__t_sectors_srcunit_tex_aperture_device_op_read","Counter","sector","# of LTS sectors from unit TEX accessing device memory (vidmem) for reads","1"
"lts__t_sectors_srcunit_tex_aperture_device_op_read_lookup_hit","Counter","sector","# of LTS sectors from unit TEX accessing device memory (vidmem) for reads that hit","1"
"lts__t_sectors_srcunit_tex_aperture_device_op_read_lookup_miss","Counter","sector","# of LTS sectors from unit TEX accessing device memory (vidmem) for reads that missed","1"
"lts__t_sectors_srcunit_tex_aperture_device_op_red","Counter","sector","# of LTS sectors from unit TEX accessing device memory (vidmem) for reductions","1"
"lts__t_sectors_srcunit_tex_aperture_device_op_red_lookup_hit","Counter","sector","# of LTS sectors from unit TEX accessing device memory (vidmem) for reductions that hit","1"
"lts__t_sectors_srcunit_tex_aperture_device_op_red_lookup_miss","Counter","sector","# of LTS sectors from unit TEX accessing device memory (vidmem) for reductions that missed","1"
"lts__t_sectors_srcunit_tex_aperture_device_op_write","Counter","sector","# of LTS sectors from unit TEX accessing device memory (vidmem) for writes","1"
"lts__t_sectors_srcunit_tex_aperture_device_op_write_lookup_hit","Counter","sector","# of LTS sectors from unit TEX accessing device memory (vidmem) for writes that hit","1"
"lts__t_sectors_srcunit_tex_aperture_device_op_write_lookup_miss","Counter","sector","# of LTS sectors from unit TEX accessing device memory (vidmem) for writes that missed","1"
"lts__t_sectors_srcunit_tex_aperture_peer","Counter","sector","# of LTS sectors from unit TEX accessing peer memory (peermem)","1"
"lts__t_sectors_srcunit_tex_aperture_peer_evict_first","Counter","sector","# of LTS sectors from unit TEX accessing peer memory (peermem) marked evict-first","1"
"lts__t_sectors_srcunit_tex_aperture_peer_evict_first_lookup_hit","Counter","sector","# of LTS sectors from unit TEX accessing peer memory (peermem) marked evict-first that hit","1"
"lts__t_sectors_srcunit_tex_aperture_peer_evict_first_lookup_miss","Counter","sector","# of LTS sectors from unit TEX accessing peer memory (peermem) marked evict-first that missed","1"
"lts__t_sectors_srcunit_tex_aperture_peer_evict_last","Counter","sector","# of LTS sectors from unit TEX accessing peer memory (peermem) marked evict-last","1"
"lts__t_sectors_srcunit_tex_aperture_peer_evict_last_lookup_hit","Counter","sector","# of LTS sectors from unit TEX accessing peer memory (peermem) marked evict-last that hit","1"
"lts__t_sectors_srcunit_tex_aperture_peer_evict_last_lookup_miss","Counter","sector","# of LTS sectors from unit TEX accessing peer memory (peermem) marked evict-last that missed","1"
"lts__t_sectors_srcunit_tex_aperture_peer_evict_normal","Counter","sector","# of LTS sectors from unit TEX accessing peer memory (peermem) marked evict-normal (LRU)","1"
"lts__t_sectors_srcunit_tex_aperture_peer_evict_normal_demote","Counter","sector","# of LTS sectors from unit TEX accessing peer memory (peermem) marked evict-normal-demote","1"
"lts__t_sectors_srcunit_tex_aperture_peer_evict_normal_demote_lookup_hit","Counter","sector","# of LTS sectors from unit TEX accessing peer memory (peermem) marked evict-normal-demote that hit","1"
"lts__t_sectors_srcunit_tex_aperture_peer_evict_normal_demote_lookup_miss","Counter","sector","# of LTS sectors from unit TEX accessing peer memory (peermem) marked evict-normal-demote that missed","1"
"lts__t_sectors_srcunit_tex_aperture_peer_evict_normal_lookup_hit","Counter","sector","# of LTS sectors from unit TEX accessing peer memory (peermem) marked evict-normal (LRU) that hit","1"
"lts__t_sectors_srcunit_tex_aperture_peer_evict_normal_lookup_miss","Counter","sector","# of LTS sectors from unit TEX accessing peer memory (peermem) marked evict-normal (LRU) that missed","1"
"lts__t_sectors_srcunit_tex_aperture_peer_lookup_hit","Counter","sector","# of LTS sectors from unit TEX accessing peer memory (peermem) that hit","1"
"lts__t_sectors_srcunit_tex_aperture_peer_lookup_miss","Counter","sector","# of LTS sectors from unit TEX accessing peer memory (peermem) that missed","1"
"lts__t_sectors_srcunit_tex_aperture_peer_op_atom","Counter","sector","# of LTS sectors from unit TEX accessing peer memory (peermem) for all atomics","1"
"lts__t_sectors_srcunit_tex_aperture_peer_op_atom_dot_alu","Counter","sector","# of LTS sectors from unit TEX accessing peer memory (peermem) for atomic ALU (non-CAS)","1"
"lts__t_sectors_srcunit_tex_aperture_peer_op_atom_dot_alu_lookup_hit","Counter","sector","# of LTS sectors from unit TEX accessing peer memory (peermem) for atomic ALU (non-CAS) that hit","1"
"lts__t_sectors_srcunit_tex_aperture_peer_op_atom_dot_alu_lookup_miss","Counter","sector","# of LTS sectors from unit TEX accessing peer memory (peermem) for atomic ALU (non-CAS) that missed","1"
"lts__t_sectors_srcunit_tex_aperture_peer_op_atom_dot_cas","Counter","sector","# of LTS sectors from unit TEX accessing peer memory (peermem) for atomic CAS","1"
"lts__t_sectors_srcunit_tex_aperture_peer_op_atom_dot_cas_lookup_hit","Counter","sector","# of LTS sectors from unit TEX accessing peer memory (peermem) for atomic CAS that hit","1"
"lts__t_sectors_srcunit_tex_aperture_peer_op_atom_dot_cas_lookup_miss","Counter","sector","# of LTS sectors from unit TEX accessing peer memory (peermem) for atomic CAS that missed","1"
"lts__t_sectors_srcunit_tex_aperture_peer_op_atom_lookup_hit","Counter","sector","# of LTS sectors from unit TEX accessing peer memory (peermem) for all atomics that hit","1"
"lts__t_sectors_srcunit_tex_aperture_peer_op_atom_lookup_miss","Counter","sector","# of LTS sectors from unit TEX accessing peer memory (peermem) for all atomics that missed","1"
"lts__t_sectors_srcunit_tex_aperture_peer_op_membar","Counter","sector","# of LTS sectors from unit TEX accessing peer memory (peermem) for memory barriers","1"
"lts__t_sectors_srcunit_tex_aperture_peer_op_membar_lookup_hit","Counter","sector","# of LTS sectors from unit TEX accessing peer memory (peermem) for memory barriers that hit","1"
"lts__t_sectors_srcunit_tex_aperture_peer_op_membar_lookup_miss","Counter","sector","# of LTS sectors from unit TEX accessing peer memory (peermem) for memory barriers that missed","1"
"lts__t_sectors_srcunit_tex_aperture_peer_op_read","Counter","sector","# of LTS sectors from unit TEX accessing peer memory (peermem) for reads","1"
"lts__t_sectors_srcunit_tex_aperture_peer_op_read_lookup_hit","Counter","sector","# of LTS sectors from unit TEX accessing peer memory (peermem) for reads that hit","1"
"lts__t_sectors_srcunit_tex_aperture_peer_op_read_lookup_miss","Counter","sector","# of LTS sectors from unit TEX accessing peer memory (peermem) for reads that missed","1"
"lts__t_sectors_srcunit_tex_aperture_peer_op_red","Counter","sector","# of LTS sectors from unit TEX accessing peer memory (peermem) for reductions","1"
"lts__t_sectors_srcunit_tex_aperture_peer_op_red_lookup_hit","Counter","sector","# of LTS sectors from unit TEX accessing peer memory (peermem) for reductions that hit","1"
"lts__t_sectors_srcunit_tex_aperture_peer_op_red_lookup_miss","Counter","sector","# of LTS sectors from unit TEX accessing peer memory (peermem) for reductions that missed","1"
"lts__t_sectors_srcunit_tex_aperture_peer_op_write","Counter","sector","# of LTS sectors from unit TEX accessing peer memory (peermem) for writes","1"
"lts__t_sectors_srcunit_tex_aperture_peer_op_write_lookup_hit","Counter","sector","# of LTS sectors from unit TEX accessing peer memory (peermem) for writes that hit","1"
"lts__t_sectors_srcunit_tex_aperture_peer_op_write_lookup_miss","Counter","sector","# of LTS sectors from unit TEX accessing peer memory (peermem) for writes that missed","1"
"lts__t_sectors_srcunit_tex_aperture_sysmem","Counter","sector","# of LTS sectors from unit TEX accessing system memory (sysmem)","1"
"lts__t_sectors_srcunit_tex_aperture_sysmem_evict_first","Counter","sector","# of LTS sectors from unit TEX accessing system memory (sysmem) marked evict-first","1"
"lts__t_sectors_srcunit_tex_aperture_sysmem_evict_first_lookup_hit","Counter","sector","# of LTS sectors from unit TEX accessing system memory (sysmem) marked evict-first that hit","1"
"lts__t_sectors_srcunit_tex_aperture_sysmem_evict_first_lookup_miss","Counter","sector","# of LTS sectors from unit TEX accessing system memory (sysmem) marked evict-first that missed","1"
"lts__t_sectors_srcunit_tex_aperture_sysmem_evict_last","Counter","sector","# of LTS sectors from unit TEX accessing system memory (sysmem) marked evict-last","1"
"lts__t_sectors_srcunit_tex_aperture_sysmem_evict_last_lookup_hit","Counter","sector","# of LTS sectors from unit TEX accessing system memory (sysmem) marked evict-last that hit","1"
"lts__t_sectors_srcunit_tex_aperture_sysmem_evict_last_lookup_miss","Counter","sector","# of LTS sectors from unit TEX accessing system memory (sysmem) marked evict-last that missed","1"
"lts__t_sectors_srcunit_tex_aperture_sysmem_evict_normal","Counter","sector","# of LTS sectors from unit TEX accessing system memory (sysmem) marked evict-normal (LRU)","1"
"lts__t_sectors_srcunit_tex_aperture_sysmem_evict_normal_demote","Counter","sector","# of LTS sectors from unit TEX accessing system memory (sysmem) marked evict-normal-demote","1"
"lts__t_sectors_srcunit_tex_aperture_sysmem_evict_normal_demote_lookup_hit","Counter","sector","# of LTS sectors from unit TEX accessing system memory (sysmem) marked evict-normal-demote that hit","1"
"lts__t_sectors_srcunit_tex_aperture_sysmem_evict_normal_demote_lookup_miss","Counter","sector","# of LTS sectors from unit TEX accessing system memory (sysmem) marked evict-normal-demote that missed","1"
"lts__t_sectors_srcunit_tex_aperture_sysmem_evict_normal_lookup_hit","Counter","sector","# of LTS sectors from unit TEX accessing system memory (sysmem) marked evict-normal (LRU) that hit","1"
"lts__t_sectors_srcunit_tex_aperture_sysmem_evict_normal_lookup_miss","Counter","sector","# of LTS sectors from unit TEX accessing system memory (sysmem) marked evict-normal (LRU) that missed","1"
"lts__t_sectors_srcunit_tex_aperture_sysmem_lookup_hit","Counter","sector","# of LTS sectors from unit TEX accessing system memory (sysmem) that hit","1"
"lts__t_sectors_srcunit_tex_aperture_sysmem_lookup_miss","Counter","sector","# of LTS sectors from unit TEX accessing system memory (sysmem) that missed","1"
"lts__t_sectors_srcunit_tex_aperture_sysmem_op_atom","Counter","sector","# of LTS sectors from unit TEX accessing system memory (sysmem) for all atomics","1"
"lts__t_sectors_srcunit_tex_aperture_sysmem_op_atom_dot_alu","Counter","sector","# of LTS sectors from unit TEX accessing system memory (sysmem) for atomic ALU (non-CAS)","1"
"lts__t_sectors_srcunit_tex_aperture_sysmem_op_atom_dot_alu_lookup_hit","Counter","sector","# of LTS sectors from unit TEX accessing system memory (sysmem) for atomic ALU (non-CAS) that hit","1"
"lts__t_sectors_srcunit_tex_aperture_sysmem_op_atom_dot_alu_lookup_miss","Counter","sector","# of LTS sectors from unit TEX accessing system memory (sysmem) for atomic ALU (non-CAS) that missed","1"
"lts__t_sectors_srcunit_tex_aperture_sysmem_op_atom_dot_cas","Counter","sector","# of LTS sectors from unit TEX accessing system memory (sysmem) for atomic CAS","1"
"lts__t_sectors_srcunit_tex_aperture_sysmem_op_atom_dot_cas_lookup_hit","Counter","sector","# of LTS sectors from unit TEX accessing system memory (sysmem) for atomic CAS that hit","1"
"lts__t_sectors_srcunit_tex_aperture_sysmem_op_atom_dot_cas_lookup_miss","Counter","sector","# of LTS sectors from unit TEX accessing system memory (sysmem) for atomic CAS that missed","1"
"lts__t_sectors_srcunit_tex_aperture_sysmem_op_atom_lookup_hit","Counter","sector","# of LTS sectors from unit TEX accessing system memory (sysmem) for all atomics that hit","1"
"lts__t_sectors_srcunit_tex_aperture_sysmem_op_atom_lookup_miss","Counter","sector","# of LTS sectors from unit TEX accessing system memory (sysmem) for all atomics that missed","1"
"lts__t_sectors_srcunit_tex_aperture_sysmem_op_membar","Counter","sector","# of LTS sectors from unit TEX accessing system memory (sysmem) for memory barriers","1"
"lts__t_sectors_srcunit_tex_aperture_sysmem_op_membar_lookup_hit","Counter","sector","# of LTS sectors from unit TEX accessing system memory (sysmem) for memory barriers that hit","1"
"lts__t_sectors_srcunit_tex_aperture_sysmem_op_membar_lookup_miss","Counter","sector","# of LTS sectors from unit TEX accessing system memory (sysmem) for memory barriers that missed","1"
"lts__t_sectors_srcunit_tex_aperture_sysmem_op_read","Counter","sector","# of LTS sectors from unit TEX accessing system memory (sysmem) for reads","1"
"lts__t_sectors_srcunit_tex_aperture_sysmem_op_read_lookup_hit","Counter","sector","# of LTS sectors from unit TEX accessing system memory (sysmem) for reads that hit","1"
"lts__t_sectors_srcunit_tex_aperture_sysmem_op_read_lookup_miss","Counter","sector","# of LTS sectors from unit TEX accessing system memory (sysmem) for reads that missed","1"
"lts__t_sectors_srcunit_tex_aperture_sysmem_op_red","Counter","sector","# of LTS sectors from unit TEX accessing system memory (sysmem) for reductions","1"
"lts__t_sectors_srcunit_tex_aperture_sysmem_op_red_lookup_hit","Counter","sector","# of LTS sectors from unit TEX accessing system memory (sysmem) for reductions that hit","1"
"lts__t_sectors_srcunit_tex_aperture_sysmem_op_red_lookup_miss","Counter","sector","# of LTS sectors from unit TEX accessing system memory (sysmem) for reductions that missed","1"
"lts__t_sectors_srcunit_tex_aperture_sysmem_op_write","Counter","sector","# of LTS sectors from unit TEX accessing system memory (sysmem) for writes","1"
"lts__t_sectors_srcunit_tex_aperture_sysmem_op_write_lookup_hit","Counter","sector","# of LTS sectors from unit TEX accessing system memory (sysmem) for writes that hit","1"
"lts__t_sectors_srcunit_tex_aperture_sysmem_op_write_lookup_miss","Counter","sector","# of LTS sectors from unit TEX accessing system memory (sysmem) for writes that missed","1"
"lts__t_sectors_srcunit_tex_evict_first","Counter","sector","# of LTS sectors from unit TEX marked evict-first","1"
"lts__t_sectors_srcunit_tex_evict_first_lookup_hit","Counter","sector","# of LTS sectors from unit TEX marked evict-first that hit","1"
"lts__t_sectors_srcunit_tex_evict_first_lookup_miss","Counter","sector","# of LTS sectors from unit TEX marked evict-first that missed","1"
"lts__t_sectors_srcunit_tex_evict_last","Counter","sector","# of LTS sectors from unit TEX marked evict-last","1"
"lts__t_sectors_srcunit_tex_evict_last_lookup_hit","Counter","sector","# of LTS sectors from unit TEX marked evict-last that hit","1"
"lts__t_sectors_srcunit_tex_evict_last_lookup_miss","Counter","sector","# of LTS sectors from unit TEX marked evict-last that missed","1"
"lts__t_sectors_srcunit_tex_evict_normal","Counter","sector","# of LTS sectors from unit TEX marked evict-normal (LRU)","1"
"lts__t_sectors_srcunit_tex_evict_normal_demote","Counter","sector","# of LTS sectors from unit TEX marked evict-normal-demote","1"
"lts__t_sectors_srcunit_tex_evict_normal_demote_lookup_hit","Counter","sector","# of LTS sectors from unit TEX marked evict-normal-demote that hit","1"
"lts__t_sectors_srcunit_tex_evict_normal_demote_lookup_miss","Counter","sector","# of LTS sectors from unit TEX marked evict-normal-demote that missed","1"
"lts__t_sectors_srcunit_tex_evict_normal_lookup_hit","Counter","sector","# of LTS sectors from unit TEX marked evict-normal (LRU) that hit","1"
"lts__t_sectors_srcunit_tex_evict_normal_lookup_miss","Counter","sector","# of LTS sectors from unit TEX marked evict-normal (LRU) that missed","1"
"lts__t_sectors_srcunit_tex_lookup_hit","Counter","sector","# of LTS sectors from unit TEX that hit","1"
"lts__t_sectors_srcunit_tex_lookup_miss","Counter","sector","# of LTS sectors from unit TEX that missed","1"
"lts__t_sectors_srcunit_tex_op_atom","Counter","sector","# of LTS sectors from unit TEX for all atomics","1"
"lts__t_sectors_srcunit_tex_op_atom_dot_alu","Counter","sector","# of LTS sectors from unit TEX for atomic ALU (non-CAS)","1"
"lts__t_sectors_srcunit_tex_op_atom_dot_alu_lookup_hit","Counter","sector","# of LTS sectors from unit TEX for atomic ALU (non-CAS) that hit","1"
"lts__t_sectors_srcunit_tex_op_atom_dot_alu_lookup_miss","Counter","sector","# of LTS sectors from unit TEX for atomic ALU (non-CAS) that missed","1"
"lts__t_sectors_srcunit_tex_op_atom_dot_cas","Counter","sector","# of LTS sectors from unit TEX for atomic CAS","1"
"lts__t_sectors_srcunit_tex_op_atom_dot_cas_lookup_hit","Counter","sector","# of LTS sectors from unit TEX for atomic CAS that hit","1"
"lts__t_sectors_srcunit_tex_op_atom_dot_cas_lookup_miss","Counter","sector","# of LTS sectors from unit TEX for atomic CAS that missed","1"
"lts__t_sectors_srcunit_tex_op_atom_evict_first","Counter","sector","# of LTS sectors from unit TEX for all atomics marked evict-first","1"
"lts__t_sectors_srcunit_tex_op_atom_evict_first_lookup_hit","Counter","sector","# of LTS sectors from unit TEX for all atomics marked evict-first that hit","1"
"lts__t_sectors_srcunit_tex_op_atom_evict_first_lookup_miss","Counter","sector","# of LTS sectors from unit TEX for all atomics marked evict-first that missed","1"
"lts__t_sectors_srcunit_tex_op_atom_evict_last","Counter","sector","# of LTS sectors from unit TEX for all atomics marked evict-last","1"
"lts__t_sectors_srcunit_tex_op_atom_evict_last_lookup_hit","Counter","sector","# of LTS sectors from unit TEX for all atomics marked evict-last that hit","1"
"lts__t_sectors_srcunit_tex_op_atom_evict_last_lookup_miss","Counter","sector","# of LTS sectors from unit TEX for all atomics marked evict-last that missed","1"
"lts__t_sectors_srcunit_tex_op_atom_evict_normal","Counter","sector","# of LTS sectors from unit TEX for all atomics marked evict-normal (LRU)","1"
"lts__t_sectors_srcunit_tex_op_atom_evict_normal_demote","Counter","sector","# of LTS sectors from unit TEX for all atomics marked evict-normal-demote","1"
"lts__t_sectors_srcunit_tex_op_atom_evict_normal_demote_lookup_hit","Counter","sector","# of LTS sectors from unit TEX for all atomics marked evict-normal-demote that hit","1"
"lts__t_sectors_srcunit_tex_op_atom_evict_normal_demote_lookup_miss","Counter","sector","# of LTS sectors from unit TEX for all atomics marked evict-normal-demote that missed","1"
"lts__t_sectors_srcunit_tex_op_atom_evict_normal_lookup_hit","Counter","sector","# of LTS sectors from unit TEX for all atomics marked evict-normal (LRU) that hit","1"
"lts__t_sectors_srcunit_tex_op_atom_evict_normal_lookup_miss","Counter","sector","# of LTS sectors from unit TEX for all atomics marked evict-normal (LRU) that missed","1"
"lts__t_sectors_srcunit_tex_op_atom_lookup_hit","Counter","sector","# of LTS sectors from unit TEX for all atomics that hit","1"
"lts__t_sectors_srcunit_tex_op_atom_lookup_miss","Counter","sector","# of LTS sectors from unit TEX for all atomics that missed","1"
"lts__t_sectors_srcunit_tex_op_membar","Counter","sector","# of LTS sectors from unit TEX for memory barriers","1"
"lts__t_sectors_srcunit_tex_op_membar_evict_first","Counter","sector","# of LTS sectors from unit TEX for memory barriers marked evict-first","1"
"lts__t_sectors_srcunit_tex_op_membar_evict_first_lookup_hit","Counter","sector","# of LTS sectors from unit TEX for memory barriers marked evict-first that hit","1"
"lts__t_sectors_srcunit_tex_op_membar_evict_first_lookup_miss","Counter","sector","# of LTS sectors from unit TEX for memory barriers marked evict-first that missed","1"
"lts__t_sectors_srcunit_tex_op_membar_evict_last","Counter","sector","# of LTS sectors from unit TEX for memory barriers marked evict-last","1"
"lts__t_sectors_srcunit_tex_op_membar_evict_last_lookup_hit","Counter","sector","# of LTS sectors from unit TEX for memory barriers marked evict-last that hit","1"
"lts__t_sectors_srcunit_tex_op_membar_evict_last_lookup_miss","Counter","sector","# of LTS sectors from unit TEX for memory barriers marked evict-last that missed","1"
"lts__t_sectors_srcunit_tex_op_membar_evict_normal","Counter","sector","# of LTS sectors from unit TEX for memory barriers marked evict-normal (LRU)","1"
"lts__t_sectors_srcunit_tex_op_membar_evict_normal_demote","Counter","sector","# of LTS sectors from unit TEX for memory barriers marked evict-normal-demote","1"
"lts__t_sectors_srcunit_tex_op_membar_evict_normal_demote_lookup_hit","Counter","sector","# of LTS sectors from unit TEX for memory barriers marked evict-normal-demote that hit","1"
"lts__t_sectors_srcunit_tex_op_membar_evict_normal_demote_lookup_miss","Counter","sector","# of LTS sectors from unit TEX for memory barriers marked evict-normal-demote that missed","1"
"lts__t_sectors_srcunit_tex_op_membar_evict_normal_lookup_hit","Counter","sector","# of LTS sectors from unit TEX for memory barriers marked evict-normal (LRU) that hit","1"
"lts__t_sectors_srcunit_tex_op_membar_evict_normal_lookup_miss","Counter","sector","# of LTS sectors from unit TEX for memory barriers marked evict-normal (LRU) that missed","1"
"lts__t_sectors_srcunit_tex_op_membar_lookup_hit","Counter","sector","# of LTS sectors from unit TEX for memory barriers that hit","1"
"lts__t_sectors_srcunit_tex_op_membar_lookup_miss","Counter","sector","# of LTS sectors from unit TEX for memory barriers that missed","1"
"lts__t_sectors_srcunit_tex_op_read","Counter","sector","# of LTS sectors from unit TEX for reads","1"
"lts__t_sectors_srcunit_tex_op_read_evict_first","Counter","sector","# of LTS sectors from unit TEX for reads marked evict-first","1"
"lts__t_sectors_srcunit_tex_op_read_evict_first_lookup_hit","Counter","sector","# of LTS sectors from unit TEX for reads marked evict-first that hit","1"
"lts__t_sectors_srcunit_tex_op_read_evict_first_lookup_miss","Counter","sector","# of LTS sectors from unit TEX for reads marked evict-first that missed","1"
"lts__t_sectors_srcunit_tex_op_read_evict_last","Counter","sector","# of LTS sectors from unit TEX for reads marked evict-last","1"
"lts__t_sectors_srcunit_tex_op_read_evict_last_lookup_hit","Counter","sector","# of LTS sectors from unit TEX for reads marked evict-last that hit","1"
"lts__t_sectors_srcunit_tex_op_read_evict_last_lookup_miss","Counter","sector","# of LTS sectors from unit TEX for reads marked evict-last that missed","1"
"lts__t_sectors_srcunit_tex_op_read_evict_normal","Counter","sector","# of LTS sectors from unit TEX for reads marked evict-normal (LRU)","1"
"lts__t_sectors_srcunit_tex_op_read_evict_normal_demote","Counter","sector","# of LTS sectors from unit TEX for reads marked evict-normal-demote","1"
"lts__t_sectors_srcunit_tex_op_read_evict_normal_demote_lookup_hit","Counter","sector","# of LTS sectors from unit TEX for reads marked evict-normal-demote that hit","1"
"lts__t_sectors_srcunit_tex_op_read_evict_normal_demote_lookup_miss","Counter","sector","# of LTS sectors from unit TEX for reads marked evict-normal-demote that missed","1"
"lts__t_sectors_srcunit_tex_op_read_evict_normal_lookup_hit","Counter","sector","# of LTS sectors from unit TEX for reads marked evict-normal (LRU) that hit","1"
"lts__t_sectors_srcunit_tex_op_read_evict_normal_lookup_miss","Counter","sector","# of LTS sectors from unit TEX for reads marked evict-normal (LRU) that missed","1"
"lts__t_sectors_srcunit_tex_op_read_lookup_hit","Counter","sector","# of LTS sectors from unit TEX for reads that hit","1"
"lts__t_sectors_srcunit_tex_op_read_lookup_miss","Counter","sector","# of LTS sectors from unit TEX for reads that missed","1"
"lts__t_sectors_srcunit_tex_op_red","Counter","sector","# of LTS sectors from unit TEX for reductions","1"
"lts__t_sectors_srcunit_tex_op_red_lookup_hit","Counter","sector","# of LTS sectors from unit TEX for reductions that hit","1"
"lts__t_sectors_srcunit_tex_op_red_lookup_miss","Counter","sector","# of LTS sectors from unit TEX for reductions that missed","1"
"lts__t_sectors_srcunit_tex_op_write","Counter","sector","# of LTS sectors from unit TEX for writes","1"
"lts__t_sectors_srcunit_tex_op_write_evict_first","Counter","sector","# of LTS sectors from unit TEX for writes marked evict-first","1"
"lts__t_sectors_srcunit_tex_op_write_evict_first_lookup_hit","Counter","sector","# of LTS sectors from unit TEX for writes marked evict-first that hit","1"
"lts__t_sectors_srcunit_tex_op_write_evict_first_lookup_miss","Counter","sector","# of LTS sectors from unit TEX for writes marked evict-first that missed","1"
"lts__t_sectors_srcunit_tex_op_write_evict_last","Counter","sector","# of LTS sectors from unit TEX for writes marked evict-last","1"
"lts__t_sectors_srcunit_tex_op_write_evict_last_lookup_hit","Counter","sector","# of LTS sectors from unit TEX for writes marked evict-last that hit","1"
"lts__t_sectors_srcunit_tex_op_write_evict_last_lookup_miss","Counter","sector","# of LTS sectors from unit TEX for writes marked evict-last that missed","1"
"lts__t_sectors_srcunit_tex_op_write_evict_normal","Counter","sector","# of LTS sectors from unit TEX for writes marked evict-normal (LRU)","1"
"lts__t_sectors_srcunit_tex_op_write_evict_normal_demote","Counter","sector","# of LTS sectors from unit TEX for writes marked evict-normal-demote","1"
"lts__t_sectors_srcunit_tex_op_write_evict_normal_demote_lookup_hit","Counter","sector","# of LTS sectors from unit TEX for writes marked evict-normal-demote that hit","1"
"lts__t_sectors_srcunit_tex_op_write_evict_normal_demote_lookup_miss","Counter","sector","# of LTS sectors from unit TEX for writes marked evict-normal-demote that missed","1"
"lts__t_sectors_srcunit_tex_op_write_evict_normal_lookup_hit","Counter","sector","# of LTS sectors from unit TEX for writes marked evict-normal (LRU) that hit","1"
"lts__t_sectors_srcunit_tex_op_write_evict_normal_lookup_miss","Counter","sector","# of LTS sectors from unit TEX for writes marked evict-normal (LRU) that missed","1"
"lts__t_sectors_srcunit_tex_op_write_lookup_hit","Counter","sector","# of LTS sectors from unit TEX for writes that hit","1"
"lts__t_sectors_srcunit_tex_op_write_lookup_miss","Counter","sector","# of LTS sectors from unit TEX for writes that missed","1"
"lts__t_tag_requests","Counter","","# of tag requests sent to LTS","1"
"lts__t_tag_requests_hit","Counter","","# of LTS requests with tag hit","1"
"lts__t_tag_requests_miss","Counter","","# of LTS requests with tag miss","1"
"lts__throughput","Throughput","%","LTS throughput","1"
"lts__throughput_internal_activity","Throughput","%","LTS throughput, internal activity","1"
"lts__xbar2lts_cycles_active","Counter","cycle","# of cycles where interface from XBAR to LTS was active","1"
"pcie__cycles_active","Counter","cycle","alias of pcie__cycles_elapsed","1"
"pcie__cycles_elapsed","Counter","cycle","# of cycles elapsed on PCIe","1"
"pcie__cycles_in_frame","Counter","cycle","# of cycles in user-defined frame","1"
"pcie__cycles_in_region","Counter","cycle","# of cycles in user-defined region","1"
"pcie__read_bytes","Counter","byte","# of bytes of PCIe read data, at 512B granularity","1"
"pcie__write_bytes","Counter","byte","# of bytes of PCIe write data, at 512B granularity","1"
"sm__average_thread_inst_executed_pred_on_per_inst_executed_realtime","Ratio","","average # of active predicated-on threads per instruction executed","1"
"sm__average_threads_launched_per_warp","Ratio","thread/warp","# of threads launched per warp","1"
"sm__average_threads_launched_per_warp_shader_cs","Ratio","thread/warp","average # of CS threads launched per CS warp","1"
"sm__ctas_active","Counter","block","cumulative # of CTAs in flight","1"
"sm__ctas_launched","Counter","block","# of CTAs launched","1"
"sm__ctas_launched_total","Counter","block","# of CTAs launched including preemption-restore events","1"
"sm__ctas_restored","Counter","block","# of CTA preemption-restore events","1"
"sm__cycles_active","Counter","cycle","# of cycles with at least one warp in flight","1"
"sm__cycles_active_shader_cs","Counter","cycle","# of cycles where CS warps were resident","1"
"sm__cycles_elapsed","Counter","cycle","# of cycles elapsed on SM","1"
"sm__cycles_in_frame","Counter","cycle","# of cycles in user-defined frame","1"
"sm__cycles_in_region","Counter","cycle","# of cycles in user-defined region","1"
"sm__idc_divergent_instruction_replays","Counter","inst","# of IDC instruction replays due to address divergence","1"
"sm__idc_divergent_instructions","Counter","inst","# of instructions sent to IDC that had address divergence","1"
"sm__inst_executed","Counter","inst","# of warp instructions executed","1"
"sm__inst_executed_op_ldsm","Counter","inst","# of warp instructions executed: LDSM","1"
"sm__inst_executed_pipe_adu","Counter","inst","# of warp instructions executed by adu pipe","1"
"sm__inst_executed_pipe_alu","Counter","inst","# of warp instructions executed by alu pipe","1"
"sm__inst_executed_pipe_cbu","Counter","inst","# of warp instructions executed by cbu pipe","1"
"sm__inst_executed_pipe_cbu_pred_off_all","Counter","inst","# of warp instructions executed by cbu pipe with all threads predicated off","1"
"sm__inst_executed_pipe_cbu_pred_on_any","Counter","inst","# of warp instructions executed by cbu pipe with at least 1 thread predicated on","1"
"sm__inst_executed_pipe_fma","Counter","inst","# of warp instructions executed by fma pipes","1"
"sm__inst_executed_pipe_fma_type_fp16","Counter","inst","# of warp instructions executed by fma pipes (fp16 ops)","1"
"sm__inst_executed_pipe_fmaheavy","Counter","inst","# of warp instructions executed by fmaheavy pipe","1"
"sm__inst_executed_pipe_fmalite","Counter","inst","# of warp instructions executed by fmalite pipe","1"
"sm__inst_executed_pipe_fp64","Counter","inst","# of warp instructions executed by fp64 pipe","1"
"sm__inst_executed_pipe_fp64_op_dmma","Counter","inst","# of warp instructions executed by fp64 pipe (DMMA ops)","1"
"sm__inst_executed_pipe_fp64_op_dmma_pred_off_all","Counter","inst","# of warp instructions executed by fp64 pipe (DMMA ops) with all threads predicated off","1"
"sm__inst_executed_pipe_fp64_op_dmma_pred_on_any","Counter","inst","# of warp instructions executed by fp64 pipe (DMMA ops) with at least 1 thread predicated on","1"
"sm__inst_executed_pipe_fp64_op_fp64","Counter","inst","# of warp instructions executed by fp64 pipe (fp64 ops)","1"
"sm__inst_executed_pipe_fp64_op_fp64_pred_off_all","Counter","inst","# of warp instructions executed by fp64 pipe (fp64 ops) with all threads predicated off","1"
"sm__inst_executed_pipe_fp64_op_fp64_pred_on_any","Counter","inst","# of warp instructions executed by fp64 pipe (fp64 ops) with at least 1 thread predicated on","1"
"sm__inst_executed_pipe_fp64_pred_off_all","Counter","inst","# of warp instructions executed by fp64 pipe with all threads predicated off","1"
"sm__inst_executed_pipe_fp64_pred_on_any","Counter","inst","# of warp instructions executed by fp64 pipe with at least 1 thread predicated on","1"
"sm__inst_executed_pipe_ipa","Counter","inst","# of warp instructions executed by ipa pipe","1"
"sm__inst_executed_pipe_lsu","Counter","inst","# of warp instructions executed by lsu pipe","1"
"sm__inst_executed_pipe_tensor","Counter","inst","# of warp instructions executed by tensor pipe","1"
"sm__inst_executed_pipe_tensor_op_hmma","Counter","inst","# of warp instructions executed by tensor pipe (HMMA/QMMA ops)","1"
"sm__inst_executed_pipe_tensor_op_imma","Counter","inst","# of warp instructions executed by tensor pipe (IMMA/BMMA ops)","1"
"sm__inst_executed_pipe_tex","Counter","inst","# of warp instructions executed by tex pipe","1"
"sm__inst_executed_pipe_uniform","Counter","inst","# of warp instructions executed by uniform pipe","1"
"sm__inst_executed_pipe_xu","Counter","inst","# of warp instructions executed by xu pipe","1"
"sm__inst_issued","Counter","inst","# of warp instructions issued","1"
"sm__instruction_throughput","Throughput","%","SM core instruction throughput assuming ideal load balancing across SMSPs","1"
"sm__instruction_throughput_internal_activity","Throughput","%","SM core instruction throughput assuming ideal load balancing across SMSPs, internal activity","1"
"sm__issue_active","Counter","cycle","# of cycles where an SMSP issued an instruction","1"
"sm__memory_throughput","Throughput","%","SM memory instruction throughput assuming ideal load balancing across SMSPs","1"
"sm__memory_throughput_internal_activity","Throughput","%","SM memory instruction throughput assuming ideal load balancing across SMSPs, internal activity","1"
"sm__mio2rf_writeback_active","Counter","cycle","# of cycles where the MIO to register file writeback interface was active","1"
"sm__mio_inst_issued","Counter","inst","# of instructions issued from MIOC to MIO","1"
"sm__mio_pq_read_cycles_active","Counter","cycle","# of cycles where MIOP PQ sent register operands to a pipeline","1"
"sm__mio_pq_read_cycles_active_pipe_adu","Counter","cycle","# of cycles where MIOP PQ sent register operands to the adu pipe","1"
"sm__mio_pq_read_cycles_active_pipe_lsu","Counter","cycle","# of cycles where MIOP PQ sent register operands to the lsu pipe","1"
"sm__mio_pq_read_cycles_active_pipe_lsu_op_pixout","Counter","cycle","# of cycles where MIOP PQ sent register operands to pixout","1"
"sm__mio_pq_read_cycles_active_pipe_tex","Counter","cycle","# of cycles where MIOP PQ sent register operands to the tex pipe","1"
"sm__mio_pq_write_cycles_active","Counter","cycle","# of cycles where register operands from the register file were written to MIO PQ","1"
"sm__mio_pq_write_cycles_active_pipe_lsu","Counter","cycle","# of cycles where register operands from the register file were written to MIO PQ, for the lsu pipe","1"
"sm__mio_pq_write_cycles_active_pipe_tex","Counter","cycle","# of cycles where register operands from the register file were written to MIO PQ, for the tex pipe","1"
"sm__mioc_inst_issued","Counter","inst","# of instructions issued from SMSP to MIO Control stage","1"
"sm__ops_path_tensor_src_bf16_dst_fp32","Counter","","# of math ops executed in Tensor path with source BF16 and destination FP32","1"
"sm__ops_path_tensor_src_bf16_dst_fp32_sparsity_off","Counter","","# of math ops executed in Tensor path with source BF16 and destination FP32 with sparsity off","1"
"sm__ops_path_tensor_src_bf16_dst_fp32_sparsity_on","Counter","","# of math ops executed in Tensor path with source BF16 and destination FP32 with sparsity on","1"
"sm__ops_path_tensor_src_fp16_dst_fp16","Counter","","# of math ops executed in Tensor path with source FP16 and destination FP16","1"
"sm__ops_path_tensor_src_fp16_dst_fp16_sparsity_off","Counter","","# of math ops executed in Tensor path with source FP16 and destination FP16 with sparsity off","1"
"sm__ops_path_tensor_src_fp16_dst_fp16_sparsity_on","Counter","","# of math ops executed in Tensor path with source FP16 and destination FP16 with sparsity on","1"
"sm__ops_path_tensor_src_fp16_dst_fp32","Counter","","# of math ops executed in Tensor path with source FP16 and destination FP32","1"
"sm__ops_path_tensor_src_fp16_dst_fp32_sparsity_off","Counter","","# of math ops executed in Tensor path with source FP16 and destination FP32 with sparsity off","1"
"sm__ops_path_tensor_src_fp16_dst_fp32_sparsity_on","Counter","","# of math ops executed in Tensor path with source FP16 and destination FP32 with sparsity on","1"
"sm__ops_path_tensor_src_fp64","Counter","","# of math ops executed in Tensor path with source FP64","1"
"sm__ops_path_tensor_src_fp8","Counter","","# of math ops executed in Tensor path with source FP8","1"
"sm__ops_path_tensor_src_fp8_sparsity_off","Counter","","# of math ops executed in Tensor path with source FP8 with sparsity off","1"
"sm__ops_path_tensor_src_fp8_sparsity_on","Counter","","# of math ops executed in Tensor path with source FP8 with sparsity on","1"
"sm__ops_path_tensor_src_int1","Counter","","# of math ops executed in Tensor path with source INT1","1"
"sm__ops_path_tensor_src_int4","Counter","","# of math ops executed in Tensor path with source INT4","1"
"sm__ops_path_tensor_src_int4_sparsity_off","Counter","","# of math ops executed in Tensor path with source INT4 with sparsity off","1"
"sm__ops_path_tensor_src_int4_sparsity_on","Counter","","# of math ops executed in Tensor path with source INT4 with sparsity on","1"
"sm__ops_path_tensor_src_int8","Counter","","# of math ops executed in Tensor path with source INT8","1"
"sm__ops_path_tensor_src_int8_sparsity_off","Counter","","# of math ops executed in Tensor path with source INT8 with sparsity off","1"
"sm__ops_path_tensor_src_int8_sparsity_on","Counter","","# of math ops executed in Tensor path with source INT8 with sparsity on","1"
"sm__ops_path_tensor_src_tf32_dst_fp32","Counter","","# of math ops executed in Tensor path with source TF32 and destination FP32","1"
"sm__ops_path_tensor_src_tf32_dst_fp32_sparsity_off","Counter","","# of math ops executed in Tensor path with source TF32 and destination FP32 with sparsity off","1"
"sm__ops_path_tensor_src_tf32_dst_fp32_sparsity_on","Counter","","# of math ops executed in Tensor path with source TF32 and destination FP32 with sparsity on","1"
"sm__pipe_alu_cycles_active","Counter","cycle","# of cycles where alu pipe was active","1"
"sm__pipe_fma_cycles_active","Counter","cycle","# of cycles where fma pipes were active","1"
"sm__pipe_fmaheavy_cycles_active","Counter","cycle","# of cycles where fmaheavy pipe was active","1"
"sm__pipe_fmalite_cycles_active","Counter","cycle","# of cycles where fmalite pipe was active","1"
"sm__pipe_fp64_cycles_active","Counter","cycle","# of cycles where fp64 pipe was active","1"
"sm__pipe_tensor_cycles_active","Counter","cycle","# of cycles where tensor pipe was active","1"
"sm__pipe_tensor_op_hmma_cycles_active","Counter","cycle","# of cycles where tensor pipe was active (HMMA/QMMA ops)","1"
"sm__pipe_tensor_op_imma_cycles_active","Counter","cycle","# of cycles where tensor pipe was active (IMMA/BMMA ops)","1"
"sm__sass_average_branch_targets_threads_uniform","Ratio","","proportion of branch targets where all active threads selected the same branch target","1"
"sm__sass_branch_targets","Counter","","# of unique branch targets assigned to the PC","1"
"sm__sass_branch_targets_threads_divergent","Counter","","incremented only when there are two or more active threads with different branch target","1"
"sm__sass_branch_targets_threads_uniform","Counter","","# of branch executions where all active threads selected the same branch target","1"
"sm__sass_data_bytes_mem_global","Counter","byte","# of bytes required for global operations","1"
"sm__sass_data_bytes_mem_global_op_atom","Counter","byte","# of bytes required for global atom","1"
"sm__sass_data_bytes_mem_global_op_ld","Counter","byte","# of bytes required for global loads","1"
"sm__sass_data_bytes_mem_global_op_ldgsts","Counter","byte","# of bytes required for LDGSTS global loads","1"
"sm__sass_data_bytes_mem_global_op_ldgsts_cache_access","Counter","byte","# of bytes required for LDGSTS.ACCESS global loads","1"
"sm__sass_data_bytes_mem_global_op_ldgsts_cache_bypass","Counter","byte","# of bytes required for LDGSTS.BYPASS global loads","1"
"sm__sass_data_bytes_mem_global_op_red","Counter","byte","# of bytes required for global reductions","1"
"sm__sass_data_bytes_mem_global_op_st","Counter","byte","# of bytes required for global stores","1"
"sm__sass_data_bytes_mem_local","Counter","byte","# of bytes required for local operations","1"
"sm__sass_data_bytes_mem_local_op_ld","Counter","byte","# of bytes required for local loads","1"
"sm__sass_data_bytes_mem_local_op_st","Counter","byte","# of bytes required for local stores","1"
"sm__sass_data_bytes_mem_shared","Counter","byte","# of shared memory bytes required for LDS, LD, STS, ST, ATOMS, ATOM, LDSM, LDGSTS","1"
"sm__sass_data_bytes_mem_shared_op_atom","Counter","byte","# of shared memory bytes required for ATOMS, ATOM","1"
"sm__sass_data_bytes_mem_shared_op_ld","Counter","byte","# of shared memory bytes required for LDS, LD","1"
"sm__sass_data_bytes_mem_shared_op_ldgsts","Counter","byte","# of shared memory bytes required for LDGSTS","1"
"sm__sass_data_bytes_mem_shared_op_ldgsts_cache_access","Counter","byte","# of shared memory bytes required for LDGSTS.ACCESS","1"
"sm__sass_data_bytes_mem_shared_op_ldgsts_cache_bypass","Counter","byte","# of shared memory bytes required for LDGSTS.BYPASS","1"
"sm__sass_data_bytes_mem_shared_op_ldsm","Counter","byte","# of shared memory bytes required for LDSM","1"
"sm__sass_data_bytes_mem_shared_op_st","Counter","byte","# of shared memory bytes required for STS, ST","1"
"sm__sass_inst_executed","Counter","inst","# of warp instructions executed","1"
"sm__sass_inst_executed_memdesc_explicit","Counter","inst","# of warp instructions executed with explicit memory descriptor","1"
"sm__sass_inst_executed_memdesc_explicit_hitprop_evict_first","Counter","inst","# of warp instructions executed with explicit memory descriptor's policy on hit = EVICT_FIRST","1"
"sm__sass_inst_executed_memdesc_explicit_hitprop_evict_last","Counter","inst","# of warp instructions executed with explicit memory descriptor's policy on hit = EVICT_LAST","1"
"sm__sass_inst_executed_memdesc_explicit_hitprop_evict_normal","Counter","inst","# of warp instructions executed with explicit memory descriptor's policy on hit = EVICT_NORMAL","1"
"sm__sass_inst_executed_memdesc_explicit_hitprop_evict_normal_demote","Counter","inst","# of warp instructions executed with explicit memory descriptor's policy on hit = EVICT_NORMAL_DEMOTE","1"
"sm__sass_inst_executed_memdesc_explicit_missprop_evict_first","Counter","inst","# of warp instructions executed with explicit memory descriptor's policy on miss = EVICT_FIRST","1"
"sm__sass_inst_executed_memdesc_explicit_missprop_evict_normal","Counter","inst","# of warp instructions executed with explicit memory descriptor's policy on miss = EVICT_NORMAL","1"
"sm__sass_inst_executed_op_atom","Counter","inst","# of warp instructions executed: ATOM, ATOMG, ATOMS, ATOM","1"
"sm__sass_inst_executed_op_branch","Counter","inst","# of warp instructions executed: BAR, JMP, BRX, BRXU, JMX, JMXU, CALL, RET, WARPSYNC.EXCLUSIVE","1"
"sm__sass_inst_executed_op_global","Counter","inst","# of warp instructions executed: LDG, STG, LD, ST, ATOM, ATOMG, RED","1"
"sm__sass_inst_executed_op_global_atom","Counter","inst","# of warp instructions executed: ATOM, ATOMG","1"
"sm__sass_inst_executed_op_global_ld","Counter","inst","# of warp instructions executed: LDG, LD","1"
"sm__sass_inst_executed_op_global_red","Counter","inst","# of warp instructions executed: RED","1"
"sm__sass_inst_executed_op_global_st","Counter","inst","# of warp instructions executed: STG, ST","1"
"sm__sass_inst_executed_op_ld","Counter","inst","# of warp instructions executed: LDG, LD, LDS, LDL, LDSM","1"
"sm__sass_inst_executed_op_ldgsts","Counter","inst","# of warp instructions executed: LDGSTS","1"
"sm__sass_inst_executed_op_ldgsts_cache_access","Counter","inst","# of warp instructions executed: LDGSTS.ACCESS","1"
"sm__sass_inst_executed_op_ldgsts_cache_bypass","Counter","inst","# of warp instructions executed: LDGSTS.BYPASS","1"
"sm__sass_inst_executed_op_ldsm","Counter","inst","# of warp instructions executed: LDSM","1"
"sm__sass_inst_executed_op_local","Counter","inst","# of warp instructions executed: LDL, LD, STL, ST","1"
"sm__sass_inst_executed_op_local_ld","Counter","inst","# of warp instructions executed: LDL, LD","1"
"sm__sass_inst_executed_op_local_st","Counter","inst","# of warp instructions executed: STL, ST","1"
"sm__sass_inst_executed_op_memory_128b","Counter","inst","# of warp instructions executed by memory instructions with width 128 bit","1"
"sm__sass_inst_executed_op_memory_16b","Counter","inst","# of warp instructions executed by memory instructions with width 16 bit","1"
"sm__sass_inst_executed_op_memory_32b","Counter","inst","# of warp instructions executed by memory instructions with width 32 bit","1"
"sm__sass_inst_executed_op_memory_64b","Counter","inst","# of warp instructions executed by memory instructions with width 64 bit","1"
"sm__sass_inst_executed_op_memory_8b","Counter","inst","# of warp instructions executed by memory instructions with width 8 bit","1"
"sm__sass_inst_executed_op_shared","Counter","inst","# of warp instructions executed: LDS, LD, STS, ST, ATOMS, ATOM, LDSM","1"
"sm__sass_inst_executed_op_shared_atom","Counter","inst","# of warp instructions executed: ATOMS ATOM","1"
"sm__sass_inst_executed_op_shared_ld","Counter","inst","# of warp instructions executed: LDS, LD","1"
"sm__sass_inst_executed_op_shared_st","Counter","inst","# of warp instructions executed: STS, ST","1"
"sm__sass_inst_executed_op_st","Counter","inst","# of warp instructions executed: STG, ST, STL","1"
"sm__sass_inst_executed_op_texture","Counter","inst","# of warp instructions executed: texture","1"
"sm__sass_l1tex_data_bank_conflicts_pipe_lsu_mem_shared_op_ldgsts","Counter","","# of shared memory data bank conflicts generated by LDGSTS","1"
"sm__sass_l1tex_data_bank_conflicts_pipe_lsu_mem_shared_op_ldgsts_cache_access","Counter","","# of shared memory data bank conflicts generated by LDGSTS.ACCESS","1"
"sm__sass_l1tex_data_bank_conflicts_pipe_lsu_mem_shared_op_ldgsts_cache_bypass","Counter","","# of shared memory data bank conflicts generated by LDGSTS.BYPASS","1"
"sm__sass_l1tex_data_bank_conflicts_pipe_lsu_mem_shared_op_ldsm","Counter","","# of shared memory data bank conflicts generated by LDSM","1"
"sm__sass_l1tex_data_bank_conflicts_pipe_lsu_mem_shared_op_st","Counter","","# of shared memory data bank conflicts generated by STS, ST","1"
"sm__sass_l1tex_data_bank_writes_pipe_lsu_mem_shared_op_ldgsts_cache_access","Counter","","# of LDGSTS.ACCESS shared data bank writes","1"
"sm__sass_l1tex_data_bytes_write_pipe_lsu_mem_shared_op_ldgsts_cache_access","Counter","byte","# of LDGSTS.ACCESS shared data bytes write","1"
"sm__sass_l1tex_data_pipe_lsu_wavefronts_mem_shared_op_atom","Counter","","# of shared memory wavefronts processed by Data-Stage for ATOMS, ATOM","1"
"sm__sass_l1tex_data_pipe_lsu_wavefronts_mem_shared_op_ld","Counter","","# of shared memory wavefronts processed by Data-Stage for LDS, LD","1"
"sm__sass_l1tex_data_pipe_lsu_wavefronts_mem_shared_op_ldgsts","Counter","","# of shared memory wavefronts processed by Data-Stage for LDGSTS","1"
"sm__sass_l1tex_data_pipe_lsu_wavefronts_mem_shared_op_ldgsts_cache_access","Counter","","# of shared memory wavefronts processed by Data-Stage for LDGSTS.ACCESS","1"
"sm__sass_l1tex_data_pipe_lsu_wavefronts_mem_shared_op_ldgsts_cache_bypass","Counter","","# of shared memory wavefronts processed by Data-Stage for LDGSTS.BYPASS","1"
"sm__sass_l1tex_data_pipe_lsu_wavefronts_mem_shared_op_ldsm","Counter","","# of shared memory wavefronts processed by Data-Stage for LDSM","1"
"sm__sass_l1tex_data_pipe_lsu_wavefronts_mem_shared_op_st","Counter","","# of shared memory wavefronts processed by Data-Stage for STS, ST","1"
"sm__sass_l1tex_m_xbar2l1tex_read_bytes_mem_global_op_ldgsts_cache_bypass","Counter","byte","# of bytes read from L2 into L1TEX M-Stage for LDGSTS.BYPASS","1"
"sm__sass_l1tex_m_xbar2l1tex_read_sectors_mem_global_op_ldgsts_cache_bypass","Counter","sector","# of sectors read from L2 into L1TEX M-Stage for LDGSTS.BYPASS","1"
"sm__sass_l1tex_pipe_lsu_wavefronts_mem_shared","Counter","","# of shared memory wavefronts processed by Data-Stage for LDS, LD, STS, ST, ATOMS, ATOM, LDSM, LDGSTS","1"
"sm__sass_l1tex_t_output_wavefronts_pipe_lsu_mem_global_op_ldgsts_cache_access","Counter","","# of wavefronts sent to Data-Stage from T-Stage for LDGSTS.ACCESS","1"
"sm__sass_l1tex_t_requests_pipe_lsu_mem_global_op_ldgsts","Counter","request","# of requests sent to T-Stage for LDGSTS","1"
"sm__sass_l1tex_t_requests_pipe_lsu_mem_global_op_ldgsts_cache_access","Counter","request","# of requests sent to T-Stage for LDGSTS.ACCESS","1"
"sm__sass_l1tex_t_requests_pipe_lsu_mem_global_op_ldgsts_cache_bypass","Counter","request","# of requests sent to T-Stage for LDGSTS.BYPASS","1"
"sm__sass_l1tex_t_sectors_pipe_lsu_mem_global_op_atom","Counter","sector","# of sectors requested for global atom","1"
"sm__sass_l1tex_t_sectors_pipe_lsu_mem_global_op_ld","Counter","sector","# of sectors requested for global loads","1"
"sm__sass_l1tex_t_sectors_pipe_lsu_mem_global_op_ldgsts","Counter","sector","# of sectors requested for LDGSTS","1"
"sm__sass_l1tex_t_sectors_pipe_lsu_mem_global_op_ldgsts_cache_access","Counter","sector","# of sectors requested for LDGSTS.ACCESS","1"
"sm__sass_l1tex_t_sectors_pipe_lsu_mem_global_op_ldgsts_cache_bypass","Counter","sector","# of sectors requested for LDGSTS.BYPASS","1"
"sm__sass_l1tex_t_sectors_pipe_lsu_mem_global_op_red","Counter","sector","# of sectors requested for global reductions","1"
"sm__sass_l1tex_t_sectors_pipe_lsu_mem_global_op_st","Counter","sector","# of sectors requested for global stores","1"
"sm__sass_l1tex_t_sectors_pipe_lsu_mem_local_op_ld","Counter","sector","# of sectors requested for local loads","1"
"sm__sass_l1tex_t_sectors_pipe_lsu_mem_local_op_st","Counter","sector","# of sectors requested for local stores","1"
"sm__sass_l1tex_tags_mem_global","Counter","","# of L1 cache tag lookups generated by global memory instructions","1"
"sm__sass_sectors_mem_global","Counter","sector","# of global memory sectors accessed","1"
"sm__sass_sectors_mem_local","Counter","sector","# of local memory sectors accessed","1"
"sm__sass_thread_inst_executed","Counter","inst","# of thread instructions executed","1"
"sm__sass_thread_inst_executed_op_bit_pred_on","Counter","inst","# of bit thread instructions executed where all predicates were true","1"
"sm__sass_thread_inst_executed_op_control_pred_on","Counter","inst","# of control-flow thread instructions executed where all predicates were true","1"
"sm__sass_thread_inst_executed_op_conversion_pred_on","Counter","inst","# of conversion thread instructions executed where all predicates were true","1"
"sm__sass_thread_inst_executed_op_dadd_pred_on","Counter","inst","# of DADD thread instructions executed where all predicates were true","1"
"sm__sass_thread_inst_executed_op_dfma_pred_on","Counter","inst","# of DFMA thread instructions executed where all predicates were true","1"
"sm__sass_thread_inst_executed_op_dmul_pred_on","Counter","inst","# of DMUL thread instructions executed where all predicates were true","1"
"sm__sass_thread_inst_executed_op_fadd_pred_on","Counter","inst","# of FADD thread instructions executed where all predicates were true","1"
"sm__sass_thread_inst_executed_op_ffma_pred_on","Counter","inst","# of FFMA thread instructions executed where all predicates were true","1"
"sm__sass_thread_inst_executed_op_fmul_pred_on","Counter","inst","# of FMUL thread instructions executed where all predicates were true","1"
"sm__sass_thread_inst_executed_op_fp16_pred_on","Counter","inst","# of half-precision floating-point thread instructions executed where all predicates were true","1"
"sm__sass_thread_inst_executed_op_fp32_pred_on","Counter","inst","# of single-precision floating-point thread instructions executed where all predicates were true","1"
"sm__sass_thread_inst_executed_op_fp64_pred_on","Counter","inst","# of double-precision floating-point thread instructions executed where all predicates were true","1"
"sm__sass_thread_inst_executed_op_fp8_pred_on","Counter","inst","# of 8-bit floating-point thread instructions executed where all predicates were true","1"
"sm__sass_thread_inst_executed_op_hadd_pred_on","Counter","inst","# of HADD thread instructions executed where all predicates were true","1"
"sm__sass_thread_inst_executed_op_hfma_pred_on","Counter","inst","# of HFMA thread instructions executed where all predicates were true","1"
"sm__sass_thread_inst_executed_op_hmul_pred_on","Counter","inst","# of HMUL thread instructions executed where all predicates were true","1"
"sm__sass_thread_inst_executed_op_integer_pred_on","Counter","inst","# of integer thread instructions executed where all predicates were true","1"
"sm__sass_thread_inst_executed_op_inter_thread_communication_pred_on","Counter","inst","# of inter-thread communication thread instructions executed where all predicates were true","1"
"sm__sass_thread_inst_executed_op_memory_pred_on","Counter","inst","# of memory thread instructions executed where all predicates were true","1"
"sm__sass_thread_inst_executed_op_misc_pred_on","Counter","inst","# of miscellaneous instructions executed where all predicates were true","1"
"sm__sass_thread_inst_executed_op_uniform_pred_on","Counter","inst","# of uniform thread instructions executed where all predicates were true","1"
"sm__sass_thread_inst_executed_ops_dadd_dmul_dfma_pred_on","Counter","inst","# of DADD, DMUL and DFMA thread instructions executed where all predicates were true","1"
"sm__sass_thread_inst_executed_ops_fadd_fmul_ffma_pred_on","Counter","inst","# of FADD, FMUL and FFMA thread instructions executed where all predicates were true","1"
"sm__sass_thread_inst_executed_ops_hadd_hmul_hfma_pred_on","Counter","inst","# of HADD, HMUL and HFMA thread instructions executed where all predicates were true","1"
"sm__sass_thread_inst_executed_pred_on","Counter","inst","# of thread instructions where all predicates were true","1"
"sm__thread_inst_executed_pipe_alu_pred_on","Counter","inst","# of thread instructions executed by alu where guard predicate was true","1"
"sm__thread_inst_executed_pipe_fma_pred_on","Counter","inst","# of thread instructions executed by fma pipe where guard predicate was true","1"
"sm__thread_inst_executed_pipe_fma_type_fp16_pred_on","Counter","inst","# of thread instructions executed by fma_type_fp16 where guard predicate was true","1"
"sm__thread_inst_executed_pipe_fmaheavy_pred_on","Counter","inst","# of thread instructions executed by fmaheavy pipe where guard predicate was true","1"
"sm__thread_inst_executed_pipe_fmalite_pred_on","Counter","inst","# of thread instructions executed by fmalite pipe where guard predicate was true","1"
"sm__thread_inst_executed_pipe_fp64_pred_on","Counter","inst","# of thread instructions executed by fp64 where guard predicate was true","1"
"sm__thread_inst_executed_pipe_ipa_pred_on","Counter","inst","# of thread instructions executed by ipa where guard predicate was true","1"
"sm__thread_inst_executed_pipe_lsu_pred_on","Counter","inst","# of thread instructions executed by lsu where guard predicate was true","1"
"sm__thread_inst_executed_pipe_xu_pred_on","Counter","inst","# of thread instructions executed by xu where guard predicate was true","1"
"sm__thread_inst_executed_pred_on_realtime","Counter","inst","# of thread instructions executed","1"
"sm__threads_launched","Counter","thread","# of threads launched","1"
"sm__threads_launched_shader_cs","Counter","thread","# of threads launched for CS","1"
"sm__throughput","Throughput","%","SM throughput assuming ideal load balancing across SMSPs","1"
"sm__warps_active","Counter","warp","cumulative # of warps in flight","1"
"sm__warps_active_realtime","Counter","warp","cumulative # of warps in flight","1"
"sm__warps_active_shader_cs","Counter","warp","cumulative # of active CS warps","1"
"sm__warps_active_shader_cs_realtime","Counter","warp","cumulative # of active CS warps","1"
"sm__warps_launched","Counter","warp","# of warps launched","1"
"sm__warps_launched_shader_cs","Counter","warp","# of warps launched for CS","1"
"smsp__amortized_warp_latency","Ratio","cycle/warp","amortized warp duration (cycles)","1"
"smsp__average_inst_executed_per_warp","Ratio","inst/warp","average # of instructions executed per warp","1"
"smsp__average_inst_executed_pipe_alu_per_warp","Ratio","inst/warp","average # of instructions executed by pipe alu per warp","1"
"smsp__average_inst_executed_pipe_cbu_per_warp","Ratio","inst/warp","average # of instructions executed by pipe cbu per warp","1"
"smsp__average_inst_executed_pipe_fma_per_warp","Ratio","inst/warp","average # of instructions executed by pipe fma per warp","1"
"smsp__average_inst_executed_pipe_fma_type_fp16_per_warp","Ratio","inst/warp","average # of instructions executed by pipe fma_type_fp16 per warp","1"
"smsp__average_inst_executed_pipe_fmaheavy_per_warp","Ratio","inst/warp","average # of instructions executed by pipe fmaheavy per warp","1"
"smsp__average_inst_executed_pipe_fmalite_per_warp","Ratio","inst/warp","average # of instructions executed by pipe fmalite per warp","1"
"smsp__average_inst_executed_pipe_fp64_op_dmma_per_warp","Ratio","inst/warp","average # of instructions executed by pipe fp64_op_dmma per warp","1"
"smsp__average_inst_executed_pipe_fp64_op_fp64_per_warp","Ratio","inst/warp","average # of instructions executed by pipe fp64_op_fp64 per warp","1"
"smsp__average_inst_executed_pipe_fp64_per_warp","Ratio","inst/warp","average # of instructions executed by pipe fp64 per warp","1"
"smsp__average_inst_executed_pipe_ipa_per_warp","Ratio","inst/warp","average # of instructions executed by pipe ipa per warp","1"
"smsp__average_inst_executed_pipe_lsu_per_warp","Ratio","inst/warp","average # of instructions executed by pipe lsu per warp","1"
"smsp__average_inst_executed_pipe_tensor_op_hmma_per_warp","Ratio","inst/warp","average # of instructions executed by pipe tensor_op_hmma per warp","1"
"smsp__average_inst_executed_pipe_tensor_op_imma_per_warp","Ratio","inst/warp","average # of instructions executed by pipe tensor_op_imma per warp","1"
"smsp__average_inst_executed_pipe_tex_per_warp","Ratio","inst/warp","average # of instructions executed by pipe tex per warp","1"
"smsp__average_inst_executed_pipe_uniform_per_warp","Ratio","inst/warp","average # of instructions executed by pipe uniform per warp","1"
"smsp__average_inst_executed_pipe_xu_per_warp","Ratio","inst/warp","average # of instructions executed by pipe xu per warp","1"
"smsp__average_threads_launched_per_warp","Ratio","thread/warp","average # of threads launched per warp","1"
"smsp__average_warp_latency","Ratio","cycle","average warp duration (cycles)","1"
"smsp__average_warp_latency_issue_stalled_barrier","Ratio","inst/warp","average # of warp cycles spent waiting for sibling warps at a CTA barrier","1"
"smsp__average_warp_latency_issue_stalled_branch_resolving","Ratio","inst/warp","average # of warp cycles spent waiting for a branch target address to be computed, and the warp PC to be updated","1"
"smsp__average_warp_latency_issue_stalled_dispatch_stall","Ratio","inst/warp","average # of warp cycles spent waiting on a dispatch stall","1"
"smsp__average_warp_latency_issue_stalled_drain","Ratio","inst/warp","average # of warp cycles spent waiting after EXIT for all memory instructions to complete so that warp resources can be freed","1"
"smsp__average_warp_latency_issue_stalled_imc_miss","Ratio","inst/warp","average # of warp cycles spent waiting for an immediate constant cache (IMC) miss","1"
"smsp__average_warp_latency_issue_stalled_lg_throttle","Ratio","inst/warp","average # of warp cycles spent waiting for a free entry in the LSU instruction queue","1"
"smsp__average_warp_latency_issue_stalled_long_scoreboard","Ratio","inst/warp","average # of warp cycles spent waiting for a scoreboard dependency on L1TEX (local, global, surface, tex) operation","1"
"smsp__average_warp_latency_issue_stalled_long_scoreboard_pipe_l1tex","Ratio","inst/warp","average # of warp cycles spent waiting for a scoreboard dependency on non-RTCORE L1TEX (local, global, surface, tex) operation","1"
"smsp__average_warp_latency_issue_stalled_math_pipe_throttle","Ratio","inst/warp","average # of warp cycles spent waiting for an execution pipe to be available","1"
"smsp__average_warp_latency_issue_stalled_membar","Ratio","inst/warp","average # of warp cycles spent waiting on a memory barrier","1"
"smsp__average_warp_latency_issue_stalled_mio_throttle","Ratio","inst/warp","average # of warp cycles spent waiting for a free entry in the MIO instruction queue","1"
"smsp__average_warp_latency_issue_stalled_mio_throttle_pipe_mio","Ratio","inst/warp","average # of warp cycles spent waiting for a free entry in the non-RTCORE pipe of MIO instruction queue","1"
"smsp__average_warp_latency_issue_stalled_misc","Ratio","inst/warp","average # of warp cycles spent waiting on a miscellaneous hardware reason","1"
"smsp__average_warp_latency_issue_stalled_no_instruction","Ratio","inst/warp","average # of warp cycles spent waiting to be selected for instruction fetch, or waiting on an instruction cache miss","1"
"smsp__average_warp_latency_issue_stalled_not_selected","Ratio","inst/warp","average # of warp cycles spent waiting for the microscheduler to select the warp to issue","1"
"smsp__average_warp_latency_issue_stalled_selected","Ratio","inst/warp","average # of warp cycles spent selected by the microscheduler to issue an instruction","1"
"smsp__average_warp_latency_issue_stalled_short_scoreboard","Ratio","inst/warp","average # of warp cycles spent waiting for a scoreboard dependency on MIO operation other than (local, global, surface, tex)","1"
"smsp__average_warp_latency_issue_stalled_sleeping","Ratio","inst/warp","average # of warp cycles spent waiting for a nanosleep to expire","1"
"smsp__average_warp_latency_issue_stalled_tex_throttle","Ratio","inst/warp","average # of warp cycles spent waiting for a free entry in the TEX instruction queue","1"
"smsp__average_warp_latency_issue_stalled_wait","Ratio","inst/warp","average # of warp cycles spent waiting on a fixed latency execution dependency","1"
"smsp__average_warp_latency_per_inst_executed","Ratio","cycle","average # of cycles each warp was resident per instruction executed","1"
"smsp__average_warp_latency_per_inst_issued","Ratio","cycle","average # of cycles each warp was resident per instruction issued","1"
"smsp__average_warps_active_per_inst_executed","Ratio","cycle","average # of cycles each warp was resident per instruction executed","1"
"smsp__average_warps_active_per_issue_active","Ratio","warp","average # of warps resident per issue cycle","1"
"smsp__average_warps_issue_stalled_barrier_per_issue_active","Ratio","inst","average # of warps resident per issue cycle, waiting for sibling warps at a CTA barrier","1"
"smsp__average_warps_issue_stalled_branch_resolving_per_issue_active","Ratio","inst","average # of warps resident per issue cycle, waiting for a branch target address to be computed, and the warp PC to be updated","1"
"smsp__average_warps_issue_stalled_dispatch_stall_per_issue_active","Ratio","inst","average # of warps resident per issue cycle, waiting on a dispatch stall","1"
"smsp__average_warps_issue_stalled_drain_per_issue_active","Ratio","inst","average # of warps resident per issue cycle, waiting after EXIT for all memory instructions to complete so that warp resources can be freed","1"
"smsp__average_warps_issue_stalled_imc_miss_per_issue_active","Ratio","inst","average # of warps resident per issue cycle, waiting for an immediate constant cache (IMC) miss","1"
"smsp__average_warps_issue_stalled_lg_throttle_per_issue_active","Ratio","inst","average # of warps resident per issue cycle, waiting for a free entry in the LSU instruction queue","1"
"smsp__average_warps_issue_stalled_long_scoreboard_per_issue_active","Ratio","inst","average # of warps resident per issue cycle, waiting for a scoreboard dependency on L1TEX (local, global, surface, tex) operation","1"
"smsp__average_warps_issue_stalled_long_scoreboard_pipe_l1tex_per_issue_active","Ratio","inst","average # of warps resident per issue cycle, waiting for a scoreboard dependency on non-RTCORE L1TEX (local, global, surface, tex) operation","1"
"smsp__average_warps_issue_stalled_math_pipe_throttle_per_issue_active","Ratio","inst","average # of warps resident per issue cycle, waiting for an execution pipe to be available","1"
"smsp__average_warps_issue_stalled_membar_per_issue_active","Ratio","inst","average # of warps resident per issue cycle, waiting on a memory barrier","1"
"smsp__average_warps_issue_stalled_mio_throttle_per_issue_active","Ratio","inst","average # of warps resident per issue cycle, waiting for a free entry in the MIO instruction queue","1"
"smsp__average_warps_issue_stalled_mio_throttle_pipe_mio_per_issue_active","Ratio","inst","average # of warps resident per issue cycle, waiting for a free entry in the non-RTCORE pipe of MIO instruction queue","1"
"smsp__average_warps_issue_stalled_misc_per_issue_active","Ratio","inst","average # of warps resident per issue cycle, waiting on a miscellaneous hardware reason","1"
"smsp__average_warps_issue_stalled_no_instruction_per_issue_active","Ratio","inst","average # of warps resident per issue cycle, waiting to be selected for instruction fetch, or waiting on an instruction cache miss","1"
"smsp__average_warps_issue_stalled_not_selected_per_issue_active","Ratio","inst","average # of warps resident per issue cycle, waiting for the microscheduler to select the warp to issue","1"
"smsp__average_warps_issue_stalled_selected_per_issue_active","Ratio","inst","average # of warps resident per issue cycle, selected by the microscheduler to issue an instruction","1"
"smsp__average_warps_issue_stalled_short_scoreboard_per_issue_active","Ratio","inst","average # of warps resident per issue cycle, waiting for a scoreboard dependency on MIO operation other than (local, global, surface, tex)","1"
"smsp__average_warps_issue_stalled_sleeping_per_issue_active","Ratio","inst","average # of warps resident per issue cycle, waiting for a nanosleep to expire","1"
"smsp__average_warps_issue_stalled_tex_throttle_per_issue_active","Ratio","inst","average # of warps resident per issue cycle, waiting for a free entry in the TEX instruction queue","1"
"smsp__average_warps_issue_stalled_wait_per_issue_active","Ratio","inst","average # of warps resident per issue cycle, waiting on a fixed latency execution dependency","1"
"smsp__cycles_active","Counter","cycle","# of cycles with at least one warp in flight","1"
"smsp__cycles_elapsed","Counter","cycle","# of cycles elapsed on SMSP","1"
"smsp__cycles_in_frame","Counter","cycle","# of cycles in user-defined frame","1"
"smsp__cycles_in_region","Counter","cycle","# of cycles in user-defined region","1"
"smsp__inst_executed","Counter","inst","# of warp instructions executed","1"
"smsp__inst_executed_op_branch","Counter","inst","# of warp instructions executed: by cbu pipe except BMOV, BSSY","1"
"smsp__inst_executed_op_generic_atom","Counter","inst","# of warp instructions executed: ATOM.*","1"
"smsp__inst_executed_op_generic_atom_dot_alu","Counter","inst","# of warp instructions executed: ATOM.ALU, ATOMG.ALU (non-CAS)","1"
"smsp__inst_executed_op_generic_atom_dot_alu_pred_off_all","Counter","inst","# of warp instructions executed with all threads predicated off: ATOM.ALU, ATOMG.ALU (non-CAS)","1"
"smsp__inst_executed_op_generic_atom_dot_alu_pred_on_any","Counter","inst","# of warp instructions executed with at least 1 thread predicated on: ATOM.ALU, ATOMG.ALU (non-CAS)","1"
"smsp__inst_executed_op_generic_atom_dot_cas","Counter","inst","# of warp instructions executed: ATOM.CAS, ATOMG.CAS","1"
"smsp__inst_executed_op_generic_atom_dot_cas_pred_off_all","Counter","inst","# of warp instructions executed with all threads predicated off: ATOM.CAS, ATOMG.CAS","1"
"smsp__inst_executed_op_generic_atom_dot_cas_pred_on_any","Counter","inst","# of warp instructions executed with at least 1 thread predicated on: ATOM.CAS, ATOMG.CAS","1"
"smsp__inst_executed_op_generic_atom_pred_off_all","Counter","inst","# of warp instructions executed with all threads predicated off: ATOM.*","1"
"smsp__inst_executed_op_generic_atom_pred_on_any","Counter","inst","# of warp instructions executed with at least 1 thread predicated on: ATOM.*","1"
"smsp__inst_executed_op_generic_ld","Counter","inst","# of warp instructions executed: LD","1"
"smsp__inst_executed_op_generic_ld_pred_off_all","Counter","inst","# of warp instructions executed with all threads predicated off: LD","1"
"smsp__inst_executed_op_generic_ld_pred_on_any","Counter","inst","# of warp instructions executed with at least 1 thread predicated on: LD","1"
"smsp__inst_executed_op_generic_st","Counter","inst","# of warp instructions executed: ST","1"
"smsp__inst_executed_op_generic_st_pred_off_all","Counter","inst","# of warp instructions executed with all threads predicated off: ST","1"
"smsp__inst_executed_op_generic_st_pred_on_any","Counter","inst","# of warp instructions executed with at least 1 thread predicated on: ST","1"
"smsp__inst_executed_op_global_ld","Counter","inst","# of warp instructions executed: LDG","1"
"smsp__inst_executed_op_global_ld_pred_off_all","Counter","inst","# of warp instructions executed with all threads predicated off: LDG","1"
"smsp__inst_executed_op_global_ld_pred_on_any","Counter","inst","# of warp instructions executed with at least 1 thread predicated on: LDG","1"
"smsp__inst_executed_op_global_red","Counter","inst","# of warp instructions executed: RED","1"
"smsp__inst_executed_op_global_red_pred_off_all","Counter","inst","# of warp instructions executed with all threads predicated off: RED","1"
"smsp__inst_executed_op_global_red_pred_on_any","Counter","inst","# of warp instructions executed with at least 1 thread predicated on: RED","1"
"smsp__inst_executed_op_global_st","Counter","inst","# of warp instructions executed: STG","1"
"smsp__inst_executed_op_global_st_pred_off_all","Counter","inst","# of warp instructions executed with all threads predicated off: STG","1"
"smsp__inst_executed_op_global_st_pred_on_any","Counter","inst","# of warp instructions executed with at least 1 thread predicated on: STG","1"
"smsp__inst_executed_op_ldc","Counter","inst","# of warp instructions executed: LDC","1"
"smsp__inst_executed_op_ldc_pred_off_all","Counter","inst","# of warp instructions executed with all threads predicated off: LDC","1"
"smsp__inst_executed_op_ldc_pred_on_any","Counter","inst","# of warp instructions executed with at least 1 thread predicated on: LDC","1"
"smsp__inst_executed_op_ldgsts","Counter","inst","# of warp instructions executed: LDGSTS","1"
"smsp__inst_executed_op_ldgsts_pred_off_all","Counter","inst","# of warp instructions executed with all threads predicated off: LDGSTS","1"
"smsp__inst_executed_op_ldgsts_pred_on_any","Counter","inst","# of warp instructions executed with at least 1 thread predicated on: LDGSTS","1"
"smsp__inst_executed_op_ldsm","Counter","inst","# of warp instructions executed: LDSM","1"
"smsp__inst_executed_op_ldsm_pred_off_all","Counter","inst","# of warp instructions executed with all threads predicated off: LDSM","1"
"smsp__inst_executed_op_ldsm_pred_on_any","Counter","inst","# of warp instructions executed with at least 1 thread predicated on: LDSM","1"
"smsp__inst_executed_op_local_ld","Counter","inst","# of warp instructions executed: LDL","1"
"smsp__inst_executed_op_local_ld_pred_off_all","Counter","inst","# of warp instructions executed with all threads predicated off: LDL","1"
"smsp__inst_executed_op_local_ld_pred_on_any","Counter","inst","# of warp instructions executed with at least 1 thread predicated on: LDL","1"
"smsp__inst_executed_op_local_st","Counter","inst","# of warp instructions executed: STL","1"
"smsp__inst_executed_op_local_st_pred_off_all","Counter","inst","# of warp instructions executed with all threads predicated off: STL","1"
"smsp__inst_executed_op_local_st_pred_on_any","Counter","inst","# of warp instructions executed with at least 1 thread predicated on: STL","1"
"smsp__inst_executed_op_shared_atom","Counter","inst","# of warp instructions executed: ATOMS.*","1"
"smsp__inst_executed_op_shared_atom_dot_alu","Counter","inst","# of warp instructions executed: ATOMS.ALU (non-CAS)","1"
"smsp__inst_executed_op_shared_atom_dot_alu_pred_off_all","Counter","inst","# of warp instructions executed with all threads predicated off: ATOMS.ALU (non-CAS)","1"
"smsp__inst_executed_op_shared_atom_dot_alu_pred_on_any","Counter","inst","# of warp instructions executed with at least 1 thread predicated on: ATOMS.ALU (non-CAS)","1"
"smsp__inst_executed_op_shared_atom_dot_cas","Counter","inst","# of warp instructions executed: ATOMS.CAS","1"
"smsp__inst_executed_op_shared_atom_dot_cas_pred_off_all","Counter","inst","# of warp instructions executed with all threads predicated off: ATOMS.CAS","1"
"smsp__inst_executed_op_shared_atom_dot_cas_pred_on_any","Counter","inst","# of warp instructions executed with at least 1 thread predicated on: ATOMS.CAS","1"
"smsp__inst_executed_op_shared_atom_pred_off_all","Counter","inst","# of warp instructions executed with all threads predicated off: ATOMS.*","1"
"smsp__inst_executed_op_shared_atom_pred_on_any","Counter","inst","# of warp instructions executed with at least 1 thread predicated on: ATOMS.*","1"
"smsp__inst_executed_op_shared_ld","Counter","inst","# of warp instructions executed: LDS","1"
"smsp__inst_executed_op_shared_ld_pred_off_all","Counter","inst","# of warp instructions executed with all threads predicated off: LDS","1"
"smsp__inst_executed_op_shared_ld_pred_on_any","Counter","inst","# of warp instructions executed with at least 1 thread predicated on: LDS","1"
"smsp__inst_executed_op_shared_st","Counter","inst","# of warp instructions executed: STS","1"
"smsp__inst_executed_op_shared_st_pred_off_all","Counter","inst","# of warp instructions executed with all threads predicated off: STS","1"
"smsp__inst_executed_op_shared_st_pred_on_any","Counter","inst","# of warp instructions executed with at least 1 thread predicated on: STS","1"
"smsp__inst_executed_op_surface_atom","Counter","inst","# of warp instructions executed: SUATOM.*","1"
"smsp__inst_executed_op_surface_atom_dot_alu","Counter","inst","# of warp instructions executed: SUATOM.ALU (non-CAS)","1"
"smsp__inst_executed_op_surface_atom_dot_alu_pred_off_all","Counter","inst","# of warp instructions executed with all threads predicated off: SUATOM.ALU (non-CAS)","1"
"smsp__inst_executed_op_surface_atom_dot_alu_pred_on_any","Counter","inst","# of warp instructions executed with at least 1 thread predicated on: SUATOM.ALU (non-CAS)","1"
"smsp__inst_executed_op_surface_atom_dot_cas","Counter","inst","# of warp instructions executed: SUATOM.CAS","1"
"smsp__inst_executed_op_surface_atom_dot_cas_pred_off_all","Counter","inst","# of warp instructions executed with all threads predicated off: SUATOM.CAS","1"
"smsp__inst_executed_op_surface_atom_dot_cas_pred_on_any","Counter","inst","# of warp instructions executed with at least 1 thread predicated on: SUATOM.CAS","1"
"smsp__inst_executed_op_surface_atom_pred_off_all","Counter","inst","# of warp instructions executed with all threads predicated off: SUATOM.*","1"
"smsp__inst_executed_op_surface_atom_pred_on_any","Counter","inst","# of warp instructions executed with at least 1 thread predicated on: SUATOM.*","1"
"smsp__inst_executed_op_surface_ld","Counter","inst","# of warp instructions executed: SULD","1"
"smsp__inst_executed_op_surface_ld_pred_off_all","Counter","inst","# of warp instructions executed with all threads predicated off: SULD","1"
"smsp__inst_executed_op_surface_ld_pred_on_any","Counter","inst","# of warp instructions executed with at least 1 thread predicated on: SULD","1"
"smsp__inst_executed_op_surface_red","Counter","inst","# of warp instructions executed: SURED","1"
"smsp__inst_executed_op_surface_red_pred_off_all","Counter","inst","# of warp instructions executed with all threads predicated off: SURED","1"
"smsp__inst_executed_op_surface_red_pred_on_any","Counter","inst","# of warp instructions executed with at least 1 thread predicated on: SURED","1"
"smsp__inst_executed_op_surface_st","Counter","inst","# of warp instructions executed: SUST","1"
"smsp__inst_executed_op_surface_st_pred_off_all","Counter","inst","# of warp instructions executed with all threads predicated off: SUST","1"
"smsp__inst_executed_op_surface_st_pred_on_any","Counter","inst","# of warp instructions executed with at least 1 thread predicated on: SUST","1"
"smsp__inst_executed_op_texture","Counter","inst","# of warp instructions executed: texture","1"
"smsp__inst_executed_pipe_adu","Counter","inst","# of warp instructions executed by adu pipe","1"
"smsp__inst_executed_pipe_alu","Counter","inst","# of warp instructions executed by alu pipe","1"
"smsp__inst_executed_pipe_cbu","Counter","inst","# of warp instructions executed by cbu pipe","1"
"smsp__inst_executed_pipe_cbu_pred_off_all","Counter","inst","# of warp instructions executed by cbu pipe with all threads predicated off","1"
"smsp__inst_executed_pipe_cbu_pred_on_any","Counter","inst","# of warp instructions executed by cbu pipe with at least 1 thread predicated on","1"
"smsp__inst_executed_pipe_fma","Counter","inst","# of warp instructions executed by fma pipes","1"
"smsp__inst_executed_pipe_fma_type_fp16","Counter","inst","# of warp instructions executed by fma pipes (fp16 ops)","1"
"smsp__inst_executed_pipe_fmaheavy","Counter","inst","# of warp instructions executed by fmaheavy pipe","1"
"smsp__inst_executed_pipe_fmalite","Counter","inst","# of warp instructions executed by fmalite pipe","1"
"smsp__inst_executed_pipe_fp64","Counter","inst","# of warp instructions executed by fp64 pipe","1"
"smsp__inst_executed_pipe_fp64_op_dmma","Counter","inst","# of warp instructions executed by fp64 pipe (DMMA ops)","1"
"smsp__inst_executed_pipe_fp64_op_dmma_pred_off_all","Counter","inst","# of warp instructions executed by fp64 pipe (DMMA ops) with all threads predicated off","1"
"smsp__inst_executed_pipe_fp64_op_dmma_pred_on_any","Counter","inst","# of warp instructions executed by fp64 pipe (DMMA ops) with at least 1 thread predicated on","1"
"smsp__inst_executed_pipe_fp64_op_fp64","Counter","inst","# of warp instructions executed by fp64 pipe (fp64 ops)","1"
"smsp__inst_executed_pipe_fp64_op_fp64_pred_off_all","Counter","inst","# of warp instructions executed by fp64 pipe (fp64 ops) with all threads predicated off","1"
"smsp__inst_executed_pipe_fp64_op_fp64_pred_on_any","Counter","inst","# of warp instructions executed by fp64 pipe (fp64 ops) with at least 1 thread predicated on","1"
"smsp__inst_executed_pipe_fp64_pred_off_all","Counter","inst","# of warp instructions executed by fp64 pipe with all threads predicated off","1"
"smsp__inst_executed_pipe_fp64_pred_on_any","Counter","inst","# of warp instructions executed by fp64 pipe with at least 1 thread predicated on","1"
"smsp__inst_executed_pipe_ipa","Counter","inst","# of warp instructions executed by ipa pipe","1"
"smsp__inst_executed_pipe_lsu","Counter","inst","# of warp instructions executed by lsu pipe","1"
"smsp__inst_executed_pipe_tensor","Counter","inst","# of warp instructions executed by tensor pipe","1"
"smsp__inst_executed_pipe_tensor_op_hmma","Counter","inst","# of warp instructions executed by tensor pipe (HMMA/QMMA ops)","1"
"smsp__inst_executed_pipe_tensor_op_imma","Counter","inst","# of warp instructions executed by tensor pipe (IMMA/BMMA ops)","1"
"smsp__inst_executed_pipe_tex","Counter","inst","# of warp instructions executed by tex pipe","1"
"smsp__inst_executed_pipe_uniform","Counter","inst","# of warp instructions executed by uniform pipe","1"
"smsp__inst_executed_pipe_xu","Counter","inst","# of warp instructions executed by xu pipe","1"
"smsp__inst_executed_shader_cs","Counter","inst","# of warp instructions executed by CS","1"
"smsp__inst_issued","Counter","inst","# of warp instructions issued","1"
"smsp__inst_issued_per_issue_active","Ratio","inst/cycle","# of warp instructions per issue cycle","1"
"smsp__issue_active","Counter","cycle","# of cycles where 1 instruction was issued","1"
"smsp__issue_inst0","Counter","cycle","# of active cycles where 0 instructions were issued","1"
"smsp__issue_inst1","Counter","cycle","# of active cycles where 1 instruction was issued","1"
"smsp__l1tex_lsuin_requests","Counter","request","# of local/global/shared/attribute/S2R/SHFL instructions sent to LSU","1"
"smsp__mio2rf_writeback_active","Counter","cycle","# of cycles where the MIO to register file writeback interface was active","1"
"smsp__mio2rf_writeback_active_pipe_adu","Counter","cycle","# of cycles where the MIO to register file writeback interface was active for ADU return data","1"
"smsp__mio2rf_writeback_active_pipe_lsu","Counter","cycle","# of cycles where the MIO to register file writeback interface was active for LSU return data","1"
"smsp__mio2rf_writeback_active_pipe_tex","Counter","cycle","# of cycles where the MIO to register file writeback interface was active for TEX return data","1"
"smsp__ops_path_tensor_src_bf16_dst_fp32","Counter","","# of math ops executed in Tensor path with source BF16 and destination FP32","1"
"smsp__ops_path_tensor_src_bf16_dst_fp32_sparsity_off","Counter","","# of math ops executed in Tensor path with source BF16 and destination FP32 with sparsity off","1"
"smsp__ops_path_tensor_src_bf16_dst_fp32_sparsity_on","Counter","","# of math ops executed in Tensor path with source BF16 and destination FP32 with sparsity on","1"
"smsp__ops_path_tensor_src_fp16_dst_fp16","Counter","","# of math ops executed in Tensor path with source FP16 and destination FP16","1"
"smsp__ops_path_tensor_src_fp16_dst_fp16_sparsity_off","Counter","","# of math ops executed in Tensor path with source FP16 and destination FP16 with sparsity off","1"
"smsp__ops_path_tensor_src_fp16_dst_fp16_sparsity_on","Counter","","# of math ops executed in Tensor path with source FP16 and destination FP16 with sparsity on","1"
"smsp__ops_path_tensor_src_fp16_dst_fp32","Counter","","# of math ops executed in Tensor path with source FP16 and destination FP32","1"
"smsp__ops_path_tensor_src_fp16_dst_fp32_sparsity_off","Counter","","# of math ops executed in Tensor path with source FP16 and destination FP32 with sparsity off","1"
"smsp__ops_path_tensor_src_fp16_dst_fp32_sparsity_on","Counter","","# of math ops executed in Tensor path with source FP16 and destination FP32 with sparsity on","1"
"smsp__ops_path_tensor_src_fp8","Counter","","# of math ops executed in Tensor path with source FP8","1"
"smsp__ops_path_tensor_src_fp8_sparsity_off","Counter","","# of math ops executed in Tensor path with source FP8 with sparsity off","1"
"smsp__ops_path_tensor_src_fp8_sparsity_on","Counter","","# of math ops executed in Tensor path with source FP8 with sparsity on","1"
"smsp__ops_path_tensor_src_int1","Counter","","# of math ops executed in Tensor path with source INT1","1"
"smsp__ops_path_tensor_src_int4","Counter","","# of math ops executed in Tensor path with source INT4","1"
"smsp__ops_path_tensor_src_int4_sparsity_off","Counter","","# of math ops executed in Tensor path with source INT4 with sparsity off","1"
"smsp__ops_path_tensor_src_int4_sparsity_on","Counter","","# of math ops executed in Tensor path with source INT4 with sparsity on","1"
"smsp__ops_path_tensor_src_int8","Counter","","# of math ops executed in Tensor path with source INT8","1"
"smsp__ops_path_tensor_src_int8_sparsity_off","Counter","","# of math ops executed in Tensor path with source INT8 with sparsity off","1"
"smsp__ops_path_tensor_src_int8_sparsity_on","Counter","","# of math ops executed in Tensor path with source INT8 with sparsity on","1"
"smsp__ops_path_tensor_src_tf32_dst_fp32","Counter","","# of math ops executed in Tensor path with source TF32 and destination FP32","1"
"smsp__ops_path_tensor_src_tf32_dst_fp32_sparsity_off","Counter","","# of math ops executed in Tensor path with source TF32 and destination FP32 with sparsity off","1"
"smsp__ops_path_tensor_src_tf32_dst_fp32_sparsity_on","Counter","","# of math ops executed in Tensor path with source TF32 and destination FP32 with sparsity on","1"
"smsp__pipe_alu_cycles_active","Counter","cycle","# of cycles where alu pipe was active","1"
"smsp__pipe_fma_cycles_active","Counter","cycle","# of cycles where fma pipes were active","1"
"smsp__pipe_fmaheavy_cycles_active","Counter","cycle","# of cycles where fmaheavy pipe was active","1"
"smsp__pipe_fmalite_cycles_active","Counter","cycle","# of cycles where fmalite pipe was active","1"
"smsp__pipe_fp64_cycles_active","Counter","cycle","# of cycles where fp64 pipe was active","1"
"smsp__pipe_tensor_cycles_active","Counter","cycle","# of cycles where tensor pipe was active","1"
"smsp__pipe_tensor_op_hmma_cycles_active","Counter","cycle","# of cycles where tensor pipe was active (HMMA/QMMA ops)","1"
"smsp__pipe_tensor_op_imma_cycles_active","Counter","cycle","# of cycles where tensor pipe was active (IMMA/BMMA ops)","1"
"smsp__sass_average_branch_targets_threads_uniform","Ratio","","proportion of branch targets where all active threads selected the same branch target","1"
"smsp__sass_average_data_bytes_per_sector_mem_global","Ratio","byte/sector","average # of bytes per sector by global memory operations","1"
"smsp__sass_average_data_bytes_per_sector_mem_global_op_atom","Ratio","byte/sector","average # of bytes per sector by global atom","1"
"smsp__sass_average_data_bytes_per_sector_mem_global_op_ld","Ratio","byte/sector","average # of bytes per sector by global loads","1"
"smsp__sass_average_data_bytes_per_sector_mem_global_op_ldgsts","Ratio","byte/sector","average # of bytes per sector by LDGSTS global loads","1"
"smsp__sass_average_data_bytes_per_sector_mem_global_op_ldgsts_cache_access","Ratio","byte/sector","average # of bytes per sector by LDGSTS.ACCESS global loads","1"
"smsp__sass_average_data_bytes_per_sector_mem_global_op_ldgsts_cache_bypass","Ratio","byte/sector","average # of bytes per sector by LDGSTS.BYPASS global loads","1"
"smsp__sass_average_data_bytes_per_sector_mem_global_op_red","Ratio","byte/sector","average # of bytes per sector by global reductions","1"
"smsp__sass_average_data_bytes_per_sector_mem_global_op_st","Ratio","byte/sector","average # of bytes per sector by global stores","1"
"smsp__sass_average_data_bytes_per_sector_mem_local","Ratio","byte/sector","average # of bytes per sector by local memory operations","1"
"smsp__sass_average_data_bytes_per_sector_mem_local_op_ld","Ratio","byte/sector","average # of bytes per sector by local loads","1"
"smsp__sass_average_data_bytes_per_sector_mem_local_op_st","Ratio","byte/sector","average # of bytes per sector by local stores","1"
"smsp__sass_average_data_bytes_per_wavefront_mem_shared","Ratio","","average # of shared memory bytes per wavefront required by LDS, LD, STS, ST, ATOMS, ATOM, LDSM, LDGSTS","1"
"smsp__sass_average_data_bytes_per_wavefront_mem_shared_op_atom","Ratio","","average # of shared memory bytes per wavefront required by ATOMS, ATOM","1"
"smsp__sass_average_data_bytes_per_wavefront_mem_shared_op_ld","Ratio","","average # of shared memory bytes per wavefront required by LDS, LD","1"
"smsp__sass_average_data_bytes_per_wavefront_mem_shared_op_ldgsts","Ratio","","average # of shared memory bytes per wavefront required by LDGSTS","1"
"smsp__sass_average_data_bytes_per_wavefront_mem_shared_op_ldgsts_cache_access","Ratio","","average # of shared memory bytes per wavefront required by LDGSTS.ACCESS","1"
"smsp__sass_average_data_bytes_per_wavefront_mem_shared_op_ldgsts_cache_bypass","Ratio","","average # of shared memory bytes per wavefront required by LDGSTS.BYPASS","1"
"smsp__sass_average_data_bytes_per_wavefront_mem_shared_op_ldsm","Ratio","","average # of shared memory bytes per wavefront required by LDSM","1"
"smsp__sass_average_data_bytes_per_wavefront_mem_shared_op_st","Ratio","","average # of shared memory bytes per wavefront required by STS, ST","1"
"smsp__sass_branch_targets","Counter","","# of unique branch targets assigned to the PC","1"
"smsp__sass_branch_targets_threads_divergent","Counter","","incremented only when there are two or more active threads with different branch target","1"
"smsp__sass_branch_targets_threads_uniform","Counter","","# of branch executions where all active threads selected the same branch target","1"
"smsp__sass_data_bytes_mem_global","Counter","byte","# of bytes required for global operations","1"
"smsp__sass_data_bytes_mem_global_op_atom","Counter","byte","# of bytes required for global atom","1"
"smsp__sass_data_bytes_mem_global_op_ld","Counter","byte","# of bytes required for global loads","1"
"smsp__sass_data_bytes_mem_global_op_ldgsts","Counter","byte","# of bytes required for LDGSTS global loads","1"
"smsp__sass_data_bytes_mem_global_op_ldgsts_cache_access","Counter","byte","# of bytes required for LDGSTS.ACCESS global loads","1"
"smsp__sass_data_bytes_mem_global_op_ldgsts_cache_bypass","Counter","byte","# of bytes required for LDGSTS.BYPASS global loads","1"
"smsp__sass_data_bytes_mem_global_op_red","Counter","byte","# of bytes required for global reductions","1"
"smsp__sass_data_bytes_mem_global_op_st","Counter","byte","# of bytes required for global stores","1"
"smsp__sass_data_bytes_mem_local","Counter","byte","# of bytes required for local operations","1"
"smsp__sass_data_bytes_mem_local_op_ld","Counter","byte","# of bytes required for local loads","1"
"smsp__sass_data_bytes_mem_local_op_st","Counter","byte","# of bytes required for local stores","1"
"smsp__sass_data_bytes_mem_shared","Counter","byte","# of shared memory bytes required for LDS, LD, STS, ST, ATOMS, ATOM, LDSM, LDGSTS","1"
"smsp__sass_data_bytes_mem_shared_op_atom","Counter","byte","# of shared memory bytes required for ATOMS, ATOM","1"
"smsp__sass_data_bytes_mem_shared_op_ld","Counter","byte","# of shared memory bytes required for LDS, LD","1"
"smsp__sass_data_bytes_mem_shared_op_ldgsts","Counter","byte","# of shared memory bytes required for LDGSTS","1"
"smsp__sass_data_bytes_mem_shared_op_ldgsts_cache_access","Counter","byte","# of shared memory bytes required for LDGSTS.ACCESS","1"
"smsp__sass_data_bytes_mem_shared_op_ldgsts_cache_bypass","Counter","byte","# of shared memory bytes required for LDGSTS.BYPASS","1"
"smsp__sass_data_bytes_mem_shared_op_ldsm","Counter","byte","# of shared memory bytes required for LDSM","1"
"smsp__sass_data_bytes_mem_shared_op_st","Counter","byte","# of shared memory bytes required for STS, ST","1"
"smsp__sass_inst_executed","Counter","inst","# of warp instructions executed","1"
"smsp__sass_inst_executed_memdesc_explicit","Counter","inst","# of warp instructions executed with explicit memory descriptor","1"
"smsp__sass_inst_executed_memdesc_explicit_hitprop_evict_first","Counter","inst","# of warp instructions executed with explicit memory descriptor's policy on hit = EVICT_FIRST","1"
"smsp__sass_inst_executed_memdesc_explicit_hitprop_evict_last","Counter","inst","# of warp instructions executed with explicit memory descriptor's policy on hit = EVICT_LAST","1"
"smsp__sass_inst_executed_memdesc_explicit_hitprop_evict_normal","Counter","inst","# of warp instructions executed with explicit memory descriptor's policy on hit = EVICT_NORMAL","1"
"smsp__sass_inst_executed_memdesc_explicit_hitprop_evict_normal_demote","Counter","inst","# of warp instructions executed with explicit memory descriptor's policy on hit = EVICT_NORMAL_DEMOTE","1"
"smsp__sass_inst_executed_memdesc_explicit_missprop_evict_first","Counter","inst","# of warp instructions executed with explicit memory descriptor's policy on miss = EVICT_FIRST","1"
"smsp__sass_inst_executed_memdesc_explicit_missprop_evict_normal","Counter","inst","# of warp instructions executed with explicit memory descriptor's policy on miss = EVICT_NORMAL","1"
"smsp__sass_inst_executed_op_atom","Counter","inst","# of warp instructions executed: ATOM, ATOMG, ATOMS, ATOM","1"
"smsp__sass_inst_executed_op_branch","Counter","inst","# of warp instructions executed: BAR, JMP, BRX, BRXU, JMX, JMXU, CALL, RET, WARPSYNC.EXCLUSIVE","1"
"smsp__sass_inst_executed_op_global","Counter","inst","# of warp instructions executed: LDG, STG, LD, ST, ATOM, ATOMG, RED","1"
"smsp__sass_inst_executed_op_global_atom","Counter","inst","# of warp instructions executed: ATOM, ATOMG","1"
"smsp__sass_inst_executed_op_global_ld","Counter","inst","# of warp instructions executed: LDG, LD","1"
"smsp__sass_inst_executed_op_global_red","Counter","inst","# of warp instructions executed: RED","1"
"smsp__sass_inst_executed_op_global_st","Counter","inst","# of warp instructions executed: STG, ST","1"
"smsp__sass_inst_executed_op_ld","Counter","inst","# of warp instructions executed: LDG, LD, LDS, LDL, LDSM","1"
"smsp__sass_inst_executed_op_ldgsts","Counter","inst","# of warp instructions executed: LDGSTS","1"
"smsp__sass_inst_executed_op_ldgsts_cache_access","Counter","inst","# of warp instructions executed: LDGSTS.ACCESS","1"
"smsp__sass_inst_executed_op_ldgsts_cache_bypass","Counter","inst","# of warp instructions executed: LDGSTS.BYPASS","1"
"smsp__sass_inst_executed_op_ldsm","Counter","inst","# of warp instructions executed: LDSM","1"
"smsp__sass_inst_executed_op_local","Counter","inst","# of warp instructions executed: LDL, LD, STL, ST","1"
"smsp__sass_inst_executed_op_local_ld","Counter","inst","# of warp instructions executed: LDL, LD","1"
"smsp__sass_inst_executed_op_local_st","Counter","inst","# of warp instructions executed: STL, ST","1"
"smsp__sass_inst_executed_op_memory_128b","Counter","inst","# of warp instructions executed by memory instructions with width 128 bit","1"
"smsp__sass_inst_executed_op_memory_16b","Counter","inst","# of warp instructions executed by memory instructions with width 16 bit","1"
"smsp__sass_inst_executed_op_memory_32b","Counter","inst","# of warp instructions executed by memory instructions with width 32 bit","1"
"smsp__sass_inst_executed_op_memory_64b","Counter","inst","# of warp instructions executed by memory instructions with width 64 bit","1"
"smsp__sass_inst_executed_op_memory_8b","Counter","inst","# of warp instructions executed by memory instructions with width 8 bit","1"
"smsp__sass_inst_executed_op_shared","Counter","inst","# of warp instructions executed: LDS, LD, STS, ST, ATOMS, ATOM, LDSM","1"
"smsp__sass_inst_executed_op_shared_atom","Counter","inst","# of warp instructions executed: ATOMS ATOM","1"
"smsp__sass_inst_executed_op_shared_ld","Counter","inst","# of warp instructions executed: LDS, LD","1"
"smsp__sass_inst_executed_op_shared_st","Counter","inst","# of warp instructions executed: STS, ST","1"
"smsp__sass_inst_executed_op_st","Counter","inst","# of warp instructions executed: STG, ST, STL","1"
"smsp__sass_inst_executed_op_texture","Counter","inst","# of warp instructions executed: texture","1"
"smsp__sass_l1tex_average_t_sectors_per_request_pipe_lsu_mem_global_op_ldgsts","Ratio","sector/request","average # of sectors requested per request sent to T stage by LDGSTS","1"
"smsp__sass_l1tex_average_t_sectors_per_request_pipe_lsu_mem_global_op_ldgsts_cache_access","Ratio","sector/request","average # of sectors requested per request sent to T stage by LDGSTS.ACCESS","1"
"smsp__sass_l1tex_average_t_sectors_per_request_pipe_lsu_mem_global_op_ldgsts_cache_bypass","Ratio","sector/request","average # of sectors requested per request sent to T stage by LDGSTS.BYPASS","1"
"smsp__sass_l1tex_data_bank_conflicts_pipe_lsu_mem_shared_op_ldgsts","Counter","","# of shared memory data bank conflicts generated by LDGSTS","1"
"smsp__sass_l1tex_data_bank_conflicts_pipe_lsu_mem_shared_op_ldgsts_cache_access","Counter","","# of shared memory data bank conflicts generated by LDGSTS.ACCESS","1"
"smsp__sass_l1tex_data_bank_conflicts_pipe_lsu_mem_shared_op_ldgsts_cache_bypass","Counter","","# of shared memory data bank conflicts generated by LDGSTS.BYPASS","1"
"smsp__sass_l1tex_data_bank_conflicts_pipe_lsu_mem_shared_op_ldsm","Counter","","# of shared memory data bank conflicts generated by LDSM","1"
"smsp__sass_l1tex_data_bank_conflicts_pipe_lsu_mem_shared_op_st","Counter","","# of shared memory data bank conflicts generated by STS, ST","1"
"smsp__sass_l1tex_data_bank_writes_pipe_lsu_mem_shared_op_ldgsts_cache_access","Counter","","# of LDGSTS.ACCESS shared data bank writes","1"
"smsp__sass_l1tex_data_bytes_write_pipe_lsu_mem_shared_op_ldgsts_cache_access","Counter","byte","# of LDGSTS.ACCESS shared data bytes write","1"
"smsp__sass_l1tex_data_pipe_lsu_wavefronts_mem_shared_op_atom","Counter","","# of shared memory wavefronts processed by Data-Stage for ATOMS, ATOM","1"
"smsp__sass_l1tex_data_pipe_lsu_wavefronts_mem_shared_op_ld","Counter","","# of shared memory wavefronts processed by Data-Stage for LDS, LD","1"
"smsp__sass_l1tex_data_pipe_lsu_wavefronts_mem_shared_op_ldgsts","Counter","","# of shared memory wavefronts processed by Data-Stage for LDGSTS","1"
"smsp__sass_l1tex_data_pipe_lsu_wavefronts_mem_shared_op_ldgsts_cache_access","Counter","","# of shared memory wavefronts processed by Data-Stage for LDGSTS.ACCESS","1"
"smsp__sass_l1tex_data_pipe_lsu_wavefronts_mem_shared_op_ldgsts_cache_bypass","Counter","","# of shared memory wavefronts processed by Data-Stage for LDGSTS.BYPASS","1"
"smsp__sass_l1tex_data_pipe_lsu_wavefronts_mem_shared_op_ldsm","Counter","","# of shared memory wavefronts processed by Data-Stage for LDSM","1"
"smsp__sass_l1tex_data_pipe_lsu_wavefronts_mem_shared_op_st","Counter","","# of shared memory wavefronts processed by Data-Stage for STS, ST","1"
"smsp__sass_l1tex_m_xbar2l1tex_read_bytes_mem_global_op_ldgsts_cache_bypass","Counter","byte","# of bytes read from L2 into L1TEX M-Stage for LDGSTS.BYPASS","1"
"smsp__sass_l1tex_m_xbar2l1tex_read_sectors_mem_global_op_ldgsts_cache_bypass","Counter","sector","# of sectors read from L2 into L1TEX M-Stage for LDGSTS.BYPASS","1"
"smsp__sass_l1tex_pipe_lsu_wavefronts_mem_shared","Counter","","# of shared memory wavefronts processed by Data-Stage for LDS, LD, STS, ST, ATOMS, ATOM, LDSM, LDGSTS","1"
"smsp__sass_l1tex_t_output_wavefronts_pipe_lsu_mem_global_op_ldgsts_cache_access","Counter","","# of wavefronts sent to Data-Stage from T-Stage for LDGSTS.ACCESS","1"
"smsp__sass_l1tex_t_requests_pipe_lsu_mem_global_op_ldgsts","Counter","request","# of requests sent to T-Stage for LDGSTS","1"
"smsp__sass_l1tex_t_requests_pipe_lsu_mem_global_op_ldgsts_cache_access","Counter","request","# of requests sent to T-Stage for LDGSTS.ACCESS","1"
"smsp__sass_l1tex_t_requests_pipe_lsu_mem_global_op_ldgsts_cache_bypass","Counter","request","# of requests sent to T-Stage for LDGSTS.BYPASS","1"
"smsp__sass_l1tex_t_sectors_pipe_lsu_mem_global_op_atom","Counter","sector","# of sectors requested for global atom","1"
"smsp__sass_l1tex_t_sectors_pipe_lsu_mem_global_op_ld","Counter","sector","# of sectors requested for global loads","1"
"smsp__sass_l1tex_t_sectors_pipe_lsu_mem_global_op_ldgsts","Counter","sector","# of sectors requested for LDGSTS","1"
"smsp__sass_l1tex_t_sectors_pipe_lsu_mem_global_op_ldgsts_cache_access","Counter","sector","# of sectors requested for LDGSTS.ACCESS","1"
"smsp__sass_l1tex_t_sectors_pipe_lsu_mem_global_op_ldgsts_cache_bypass","Counter","sector","# of sectors requested for LDGSTS.BYPASS","1"
"smsp__sass_l1tex_t_sectors_pipe_lsu_mem_global_op_red","Counter","sector","# of sectors requested for global reductions","1"
"smsp__sass_l1tex_t_sectors_pipe_lsu_mem_global_op_st","Counter","sector","# of sectors requested for global stores","1"
"smsp__sass_l1tex_t_sectors_pipe_lsu_mem_local_op_ld","Counter","sector","# of sectors requested for local loads","1"
"smsp__sass_l1tex_t_sectors_pipe_lsu_mem_local_op_st","Counter","sector","# of sectors requested for local stores","1"
"smsp__sass_l1tex_tags_mem_global","Counter","","# of L1 cache tag lookups generated by global memory instructions","1"
"smsp__sass_sectors_mem_global","Counter","sector","# of global memory sectors accessed","1"
"smsp__sass_sectors_mem_local","Counter","sector","# of local memory sectors accessed","1"
"smsp__sass_thread_inst_executed","Counter","inst","# of thread instructions executed","1"
"smsp__sass_thread_inst_executed_op_bit_pred_on","Counter","inst","# of bit thread instructions executed where all predicates were true","1"
"smsp__sass_thread_inst_executed_op_control_pred_on","Counter","inst","# of control-flow thread instructions executed where all predicates were true","1"
"smsp__sass_thread_inst_executed_op_conversion_pred_on","Counter","inst","# of conversion thread instructions executed where all predicates were true","1"
"smsp__sass_thread_inst_executed_op_dadd_pred_on","Counter","inst","# of DADD thread instructions executed where all predicates were true","1"
"smsp__sass_thread_inst_executed_op_dfma_pred_on","Counter","inst","# of DFMA thread instructions executed where all predicates were true","1"
"smsp__sass_thread_inst_executed_op_dmul_pred_on","Counter","inst","# of DMUL thread instructions executed where all predicates were true","1"
"smsp__sass_thread_inst_executed_op_fadd_pred_on","Counter","inst","# of FADD thread instructions executed where all predicates were true","1"
"smsp__sass_thread_inst_executed_op_ffma_pred_on","Counter","inst","# of FFMA thread instructions executed where all predicates were true","1"
"smsp__sass_thread_inst_executed_op_fmul_pred_on","Counter","inst","# of FMUL thread instructions executed where all predicates were true","1"
"smsp__sass_thread_inst_executed_op_fp16_pred_on","Counter","inst","# of half-precision floating-point thread instructions executed where all predicates were true","1"
"smsp__sass_thread_inst_executed_op_fp32_pred_on","Counter","inst","# of single-precision floating-point thread instructions executed where all predicates were true","1"
"smsp__sass_thread_inst_executed_op_fp64_pred_on","Counter","inst","# of double-precision floating-point thread instructions executed where all predicates were true","1"
"smsp__sass_thread_inst_executed_op_fp8_pred_on","Counter","inst","# of 8-bit floating-point thread instructions executed where all predicates were true","1"
"smsp__sass_thread_inst_executed_op_hadd_pred_on","Counter","inst","# of HADD thread instructions executed where all predicates were true","1"
"smsp__sass_thread_inst_executed_op_hfma_pred_on","Counter","inst","# of HFMA thread instructions executed where all predicates were true","1"
"smsp__sass_thread_inst_executed_op_hmul_pred_on","Counter","inst","# of HMUL thread instructions executed where all predicates were true","1"
"smsp__sass_thread_inst_executed_op_integer_pred_on","Counter","inst","# of integer thread instructions executed where all predicates were true","1"
"smsp__sass_thread_inst_executed_op_inter_thread_communication_pred_on","Counter","inst","# of inter-thread communication thread instructions executed where all predicates were true","1"
"smsp__sass_thread_inst_executed_op_memory_pred_on","Counter","inst","# of memory thread instructions executed where all predicates were true","1"
"smsp__sass_thread_inst_executed_op_misc_pred_on","Counter","inst","# of miscellaneous instructions executed where all predicates were true","1"
"smsp__sass_thread_inst_executed_op_uniform_pred_on","Counter","inst","# of uniform thread instructions executed where all predicates were true","1"
"smsp__sass_thread_inst_executed_ops_dadd_dmul_dfma_pred_on","Counter","inst","# of DADD, DMUL and DFMA thread instructions executed where all predicates were true","1"
"smsp__sass_thread_inst_executed_ops_fadd_fmul_ffma_pred_on","Counter","inst","# of FADD, FMUL and FFMA thread instructions executed where all predicates were true","1"
"smsp__sass_thread_inst_executed_ops_hadd_hmul_hfma_pred_on","Counter","inst","# of HADD, HMUL and HFMA thread instructions executed where all predicates were true","1"
"smsp__sass_thread_inst_executed_pred_on","Counter","inst","# of thread instructions where all predicates were true","1"
"smsp__tex_requests","Counter","cycle","# of TEX requests sent from SMSP","1"
"smsp__thread_inst_executed","Counter","inst","# of thread instructions executed","1"
"smsp__thread_inst_executed_per_inst_executed","Ratio","","average # of active threads per instruction executed","1"
"smsp__thread_inst_executed_pipe_alu_pred_on","Counter","inst","# of thread instructions executed by alu where guard predicate was true","1"
"smsp__thread_inst_executed_pipe_fma_pred_on","Counter","inst","# of thread instructions executed by fma pipe where guard predicate was true","1"
"smsp__thread_inst_executed_pipe_fma_type_fp16_pred_on","Counter","inst","# of thread instructions executed by fma_type_fp16 where guard predicate was true","1"
"smsp__thread_inst_executed_pipe_fmaheavy_pred_on","Counter","inst","# of thread instructions executed by fmaheavy pipe where guard predicate was true","1"
"smsp__thread_inst_executed_pipe_fmalite_pred_on","Counter","inst","# of thread instructions executed by fmalite pipe where guard predicate was true","1"
"smsp__thread_inst_executed_pipe_fp64_pred_on","Counter","inst","# of thread instructions executed by fp64 where guard predicate was true","1"
"smsp__thread_inst_executed_pipe_ipa_pred_on","Counter","inst","# of thread instructions executed by ipa where guard predicate was true","1"
"smsp__thread_inst_executed_pipe_lsu_pred_on","Counter","inst","# of thread instructions executed by lsu where guard predicate was true","1"
"smsp__thread_inst_executed_pipe_xu_pred_on","Counter","inst","# of thread instructions executed by xu where guard predicate was true","1"
"smsp__thread_inst_executed_pred_off","Counter","inst","# of thread instructions executed where guard predicate was false","1"
"smsp__thread_inst_executed_pred_on","Counter","inst","# of thread instructions executed where guard predicate was true","1"
"smsp__thread_inst_executed_pred_on_per_inst_executed","Ratio","","average # of active predicated-on threads per instruction executed","1"
"smsp__threads_launched","Counter","thread","# of threads launched","1"
"smsp__warp_issue_stalled_barrier_per_warp_active","Ratio","","proportion of warps per cycle, waiting for sibling warps at a CTA barrier","1"
"smsp__warp_issue_stalled_branch_resolving_per_warp_active","Ratio","","proportion of warps per cycle, waiting for a branch target address to be computed, and the warp PC to be updated","1"
"smsp__warp_issue_stalled_dispatch_stall_per_warp_active","Ratio","","proportion of warps per cycle, waiting on a dispatch stall","1"
"smsp__warp_issue_stalled_drain_per_warp_active","Ratio","","proportion of warps per cycle, waiting after EXIT for all memory instructions to complete so that warp resources can be freed","1"
"smsp__warp_issue_stalled_imc_miss_per_warp_active","Ratio","","proportion of warps per cycle, waiting for an immediate constant cache (IMC) miss","1"
"smsp__warp_issue_stalled_lg_throttle_per_warp_active","Ratio","","proportion of warps per cycle, waiting for a free entry in the LSU instruction queue","1"
"smsp__warp_issue_stalled_long_scoreboard_per_warp_active","Ratio","","proportion of warps per cycle, waiting for a scoreboard dependency on L1TEX (local, global, surface, tex) operation","1"
"smsp__warp_issue_stalled_long_scoreboard_pipe_l1tex_per_warp_active","Ratio","","proportion of warps per cycle, waiting for a scoreboard dependency on non-RTCORE L1TEX (local, global, surface, tex) operation","1"
"smsp__warp_issue_stalled_math_pipe_throttle_per_warp_active","Ratio","","proportion of warps per cycle, waiting for an execution pipe to be available","1"
"smsp__warp_issue_stalled_membar_per_warp_active","Ratio","","proportion of warps per cycle, waiting on a memory barrier","1"
"smsp__warp_issue_stalled_mio_throttle_per_warp_active","Ratio","","proportion of warps per cycle, waiting for a free entry in the MIO instruction queue","1"
"smsp__warp_issue_stalled_mio_throttle_pipe_mio_per_warp_active","Ratio","","proportion of warps per cycle, waiting for a free entry in the non-RTCORE pipe of MIO instruction queue","1"
"smsp__warp_issue_stalled_misc_per_warp_active","Ratio","","proportion of warps per cycle, waiting on a miscellaneous hardware reason","1"
"smsp__warp_issue_stalled_no_instruction_per_warp_active","Ratio","","proportion of warps per cycle, waiting to be selected for instruction fetch, or waiting on an instruction cache miss","1"
"smsp__warp_issue_stalled_not_selected_per_warp_active","Ratio","","proportion of warps per cycle, waiting for the microscheduler to select the warp to issue","1"
"smsp__warp_issue_stalled_selected_per_warp_active","Ratio","","proportion of warps per cycle, selected by the microscheduler to issue an instruction","1"
"smsp__warp_issue_stalled_short_scoreboard_per_warp_active","Ratio","","proportion of warps per cycle, waiting for a scoreboard dependency on MIO operation other than (local, global, surface, tex)","1"
"smsp__warp_issue_stalled_sleeping_per_warp_active","Ratio","","proportion of warps per cycle, waiting for a nanosleep to expire","1"
"smsp__warp_issue_stalled_tex_throttle_per_warp_active","Ratio","","proportion of warps per cycle, waiting for a free entry in the TEX instruction queue","1"
"smsp__warp_issue_stalled_wait_per_warp_active","Ratio","","proportion of warps per cycle, waiting on a fixed latency execution dependency","1"
"smsp__warps_active","Counter","warp","cumulative # of active warps","1"
"smsp__warps_eligible","Counter","warp","cumulative # of warps eligible to issue an instruction","1"
"smsp__warps_issue_stalled_barrier","Counter","warp","cumulative # of warps waiting for sibling warps at a CTA barrier","1"
"smsp__warps_issue_stalled_branch_resolving","Counter","warp","cumulative # of warps waiting for a branch target address to be computed, and the warp PC to be updated","1"
"smsp__warps_issue_stalled_dispatch_stall","Counter","warp","cumulative # of warps waiting on a dispatch stall","1"
"smsp__warps_issue_stalled_drain","Counter","warp","cumulative # of warps waiting after EXIT for all memory instructions to complete so that warp resources can be freed","1"
"smsp__warps_issue_stalled_imc_miss","Counter","warp","cumulative # of warps waiting for an immediate constant cache (IMC) miss","1"
"smsp__warps_issue_stalled_lg_throttle","Counter","warp","cumulative # of warps waiting for a free entry in the LSU instruction queue","1"
"smsp__warps_issue_stalled_long_scoreboard","Counter","warp","cumulative # of warps waiting for a scoreboard dependency on L1TEX (local, global, surface, tex) operation","1"
"smsp__warps_issue_stalled_long_scoreboard_pipe_l1tex","Counter","warp","cumulative # of warps waiting for a scoreboard dependency on non-RTCORE L1TEX (local, global, surface, tex) operation","1"
"smsp__warps_issue_stalled_math_pipe_throttle","Counter","warp","cumulative # of warps waiting for an execution pipe to be available","1"
"smsp__warps_issue_stalled_membar","Counter","warp","cumulative # of warps waiting on a memory barrier","1"
"smsp__warps_issue_stalled_mio_throttle","Counter","warp","cumulative # of warps waiting for a free entry in the MIO instruction queue","1"
"smsp__warps_issue_stalled_mio_throttle_pipe_mio","Counter","warp","cumulative # of warps waiting for a free entry in the non-RTCORE pipe of MIO instruction queue","1"
"smsp__warps_issue_stalled_misc","Counter","warp","cumulative # of warps waiting on a miscellaneous hardware reason","1"
"smsp__warps_issue_stalled_no_instruction","Counter","warp","cumulative # of warps waiting to be selected for instruction fetch, or waiting on an instruction cache miss","1"
"smsp__warps_issue_stalled_not_selected","Counter","warp","cumulative # of warps waiting for the microscheduler to select the warp to issue","1"
"smsp__warps_issue_stalled_selected","Counter","warp","cumulative # of warps selected by the microscheduler to issue an instruction","1"
"smsp__warps_issue_stalled_short_scoreboard","Counter","warp","cumulative # of warps waiting for a scoreboard dependency on MIO operation other than (local, global, surface, tex)","1"
"smsp__warps_issue_stalled_sleeping","Counter","warp","cumulative # of warps waiting for a nanosleep to expire","1"
"smsp__warps_issue_stalled_tex_throttle","Counter","warp","cumulative # of warps waiting for a free entry in the TEX instruction queue","1"
"smsp__warps_issue_stalled_wait","Counter","warp","cumulative # of warps waiting on a fixed latency execution dependency","1"
"smsp__warps_launched","Counter","warp","# of warps launched","1"
"smsp__warps_launched_total","Counter","warp","# of warps launched including warps restored from pre-emption","1"
"smsp__warps_restored","Counter","warp","# of warp preemption-restore events","1"
"sys__cycles_active","Counter","cycle","# of cycles where SYS was active","1"
"sys__cycles_elapsed","Counter","cycle","# of cycles elapsed on SYS","1"
"sys__cycles_in_frame","Counter","cycle","# of cycles in user-defined frame","1"
"sys__cycles_in_region","Counter","cycle","# of cycles in user-defined region","1"
"tpc__average_cta_latency","Ratio","cycle","average CTA duration (cycles)","1"
"tpc__average_registers_per_thread","Ratio","register/thread","average # of registers per thread","1"
"tpc__average_registers_per_thread_shader_cs","Ratio","register/thread","average # of registers per thread, for CS warps","1"
"tpc__cycles_active","Counter","cycle","# of cycles where TPC was active","1"
"tpc__cycles_elapsed","Counter","cycle","# of cycles elapsed on TPC","1"
"tpc__cycles_in_frame","Counter","cycle","# of cycles in user-defined frame","1"
"tpc__cycles_in_region","Counter","cycle","# of cycles in user-defined region","1"
"tpc__l1tex_m_l1tex2xbar_req_cycles_active","Counter","cycle","# of cycles where interface from L1TEX M-Stage to XBAR was active","1"
"tpc__l1tex_m_l1tex2xbar_throughput","Throughput","%","L1TEX M-Stage to XBAR throughput","1"
"tpc__sm_rf_registers_allocated","Counter","register","cumulative # of registers allocated","1"
"tpc__sm_rf_registers_allocated_realtime","Counter","register","cumulative # of registers allocated","1"
"tpc__warp_launch_cycles_stalled_shader_cs_reason_barrier_allocation","Counter","cycle","# of cycles where CS warp launch was stalled due to barrier allocation (non-exclusively)","1"
"tpc__warp_launch_cycles_stalled_shader_cs_reason_cta_allocation","Counter","cycle","# of cycles where CS warp launch was stalled due to cta allocation (non-exclusively)","1"
"tpc__warp_launch_cycles_stalled_shader_cs_reason_register_allocation","Counter","cycle","# of cycles where CS warp launch was stalled due to register allocation (non-exclusively)","1"
"tpc__warp_launch_cycles_stalled_shader_cs_reason_shmem_allocation","Counter","cycle","# of cycles where CS warp launch was stalled due to shmem allocation (non-exclusively)","1"
"tpc__warps_active","Counter","warp","cumulative # of warps in flight","1"
"tpc__warps_active_realtime","Counter","warp","cumulative # of warps in flight","1"
"tpc__warps_active_shader_cs","Counter","warp","cumulative # of active CS warps","1"
"tpc__warps_active_shader_cs_realtime","Counter","warp","cumulative # of active CS warps","1"
