logical_path	bytes	sha256	reason
companion/results/rescope/hex-modal-cuda-20260923/inputs-01/benchmark-128x64x64.npz	33615790	c737097dc778ad7312ae7edc0c4af721d10bf92a8fc62f0e5dc809176b2d12a6	byte-identical to a member of this folder's sealed archive
companion/results/rescope/hex-modal-cuda-20260923/inputs-01/benchmark-192x96x96.npz	115712782	e12652b01d39674236d1469b9d2945fd36f8b4f33318c4ac2eb0ac0a8eb95b9c	byte-identical to a member of this folder's sealed archive
companion/results/rescope/hex-modal-cuda-20260923/inputs-01/benchmark-64x32x32.npz	4205066	848e13f60ae188dfc121c1f75400317bc52eb4ad4c39fe5341ec86895aa2a539	byte-identical to a member of this folder's sealed archive
companion/results/rescope/hex-modal-cuda-20260923/inputs-01/benchmark-96x48x64.npz	18919188	334b54645226363cea0723f92e5f2662429db08cf4d0b8caf697f2441baffd84	byte-identical to a member of this folder's sealed archive
companion/results/rescope/hex-modal-cuda-20260923/rental-01/create-response.json	140	69c5445e77fb2c5075d12ce7483c10f945ab4d58b49e8a94cc1b07374f3e6e2b	published with the per-instance API key replaced by REDACTED
companion/results/rescope/hex-modal-cuda-20260923/rental-01/remote/inputs/benchmark-128x64x64.npz	33615790	c737097dc778ad7312ae7edc0c4af721d10bf92a8fc62f0e5dc809176b2d12a6	byte-identical to a member of this folder's sealed archive
companion/results/rescope/hex-modal-cuda-20260923/rental-01/remote/inputs/benchmark-192x96x96.npz	115712782	e12652b01d39674236d1469b9d2945fd36f8b4f33318c4ac2eb0ac0a8eb95b9c	byte-identical to a member of this folder's sealed archive
companion/results/rescope/hex-modal-cuda-20260923/rental-01/remote/inputs/benchmark-64x32x32.npz	4205066	848e13f60ae188dfc121c1f75400317bc52eb4ad4c39fe5341ec86895aa2a539	byte-identical to a member of this folder's sealed archive
companion/results/rescope/hex-modal-cuda-20260923/rental-01/remote/inputs/benchmark-96x48x64.npz	18919188	334b54645226363cea0723f92e5f2662429db08cf4d0b8caf697f2441baffd84	byte-identical to a member of this folder's sealed archive
companion/results/rescope/hex-modal-cuda-20260923/rental-01/remote/run-01/benchmark-128x64x64--dense8--product.npz	12560337	1ebeaa4aa32f2e85f5636e7416f07ba49fd9e36f50c2d18ca4f3ace849f951d8	byte-identical to a member of this folder's sealed archive
companion/results/rescope/hex-modal-cuda-20260923/rental-01/remote/run-01/benchmark-128x64x64--fused_ai_fp64--product.npz	12560405	6b3f6163d5fbc5b17bd7c40f710d62d60382aa05b9c0ce3b324fc53d2b5dccc4	byte-identical to a member of this folder's sealed archive
companion/results/rescope/hex-modal-cuda-20260923/rental-01/remote/run-01/benchmark-128x64x64--fused_fp64--product.npz	12560404	cf83f487879b49e9247dd154d524ae3df64c25aa8f02dccfca9e95894434327a	byte-identical to a member of this folder's sealed archive
companion/results/rescope/hex-modal-cuda-20260923/rental-01/remote/run-01/benchmark-128x64x64--modal8--product.npz	12560475	9fcca700c273aa0916e82a1edbda2a70e9b4ff879965be8134a2af10db9c5464	byte-identical to a member of this folder's sealed archive
companion/results/rescope/hex-modal-cuda-20260923/rental-01/remote/run-01/benchmark-128x64x64--node_fp64--product.npz	12560460	b805f517f71da7aa0647277f9f69a0bd4907d2ec679d187d670aeb42e3d51d08	byte-identical to a member of this folder's sealed archive
companion/results/rescope/hex-modal-cuda-20260923/rental-01/remote/run-01/benchmark-128x64x64--three_stage_fp64--product.npz	12560299	2c0d0f37caa737eb75a966a28619f0abf682812e346371e781fbdad3829f4f41	byte-identical to a member of this folder's sealed archive
companion/results/rescope/hex-modal-cuda-20260923/rental-01/remote/run-01/benchmark-192x96x96--dense8--product.npz	41846398	21a94e2875cd5a9a188e51ab60dcbbfd27edf8600a067cbc1c11888e6c5ee477	byte-identical to a member of this folder's sealed archive
companion/results/rescope/hex-modal-cuda-20260923/rental-01/remote/run-01/benchmark-192x96x96--fused_ai_fp64--product.npz	41846325	004b753563272182dc921210edc71e79c57ff1cd4d2497d700b26367080a9f39	byte-identical to a member of this folder's sealed archive
companion/results/rescope/hex-modal-cuda-20260923/rental-01/remote/run-01/benchmark-192x96x96--fused_fp64--product.npz	41846428	dc569bfa0c9029fe48e62b4a3d285126b06454e15a05c50c3203292d3f8cd453	byte-identical to a member of this folder's sealed archive
companion/results/rescope/hex-modal-cuda-20260923/rental-01/remote/run-01/benchmark-192x96x96--modal8--product.npz	41846244	e2938a88564ac1cc977d637071fffc29804bb0f6fc4a3a1db8811df15a5e8c97	byte-identical to a member of this folder's sealed archive
companion/results/rescope/hex-modal-cuda-20260923/rental-01/remote/run-01/benchmark-192x96x96--node_fp64--product.npz	41846277	1cd4ce8d481c39daf3ec601f1b3703b3fefb0d1b14752a7ecd8764c8bc21fc4b	byte-identical to a member of this folder's sealed archive
companion/results/rescope/hex-modal-cuda-20260923/rental-01/remote/run-01/benchmark-192x96x96--three_stage_fp64--product.npz	41846351	1b63ce58baee19d443e854b917f93a785a35a6ce454ed9657421ba6c15b18fb3	byte-identical to a member of this folder's sealed archive
companion/results/rescope/hex-modal-cuda-20260923/rental-01/remote/run-01/benchmark-64x32x32--dense8--product.npz	1631862	ea8c589d0ff27a979a76ddffad4da8e76b01c13966dbc1adac4326c9f868efd7	byte-identical to a member of this folder's sealed archive
companion/results/rescope/hex-modal-cuda-20260923/rental-01/remote/run-01/benchmark-64x32x32--fused_ai_fp64--product.npz	1631833	d277ea95ff2cb5774b8e63c144e66313b4c33c8e22d01ece5680486a142845db	byte-identical to a member of this folder's sealed archive
companion/results/rescope/hex-modal-cuda-20260923/rental-01/remote/run-01/benchmark-64x32x32--fused_fp64--product.npz	1631854	0eb6da3cacb53c5141005366c9a6f2c417b264e85965ee575ed079cd49c4187a	byte-identical to a member of this folder's sealed archive
companion/results/rescope/hex-modal-cuda-20260923/rental-01/remote/run-01/benchmark-64x32x32--modal8--product.npz	1631885	5c6ecc7bba38cb4ca1417fd19f86a94d0d8534d6285e8bbe962aacab583e8da8	byte-identical to a member of this folder's sealed archive
companion/results/rescope/hex-modal-cuda-20260923/rental-01/remote/run-01/benchmark-64x32x32--node_fp64--product.npz	1631944	cc1f55de7111024096ac8a1e34847db2a428152d608dd84663d4f09b4e398cf4	byte-identical to a member of this folder's sealed archive
companion/results/rescope/hex-modal-cuda-20260923/rental-01/remote/run-01/benchmark-64x32x32--three_stage_fp64--product.npz	1631888	e0eb4386b90a2240ed15d45fbec02ff7701f5aad742b5d93768100f4411ca7bb	byte-identical to a member of this folder's sealed archive
companion/results/rescope/hex-modal-cuda-20260923/rental-01/remote/run-01/benchmark-96x48x64--dense8--product.npz	7120648	65099fa48f5087d04550b8901ef3e2adbf94aa22311e86ddfa7d12db5e14982d	byte-identical to a member of this folder's sealed archive
companion/results/rescope/hex-modal-cuda-20260923/rental-01/remote/run-01/benchmark-96x48x64--fused_ai_fp64--product.npz	7120510	2d6c3b1c0e74897a9ba2373cbd6faf5a883cfb12ec07a6cb8c8080cb53d20608	byte-identical to a member of this folder's sealed archive
companion/results/rescope/hex-modal-cuda-20260923/rental-01/remote/run-01/benchmark-96x48x64--fused_fp64--product.npz	7120480	79fddca18c066c4b9d8ad5027b74a34ab6a303706b7370683492aca5dacbbdc8	byte-identical to a member of this folder's sealed archive
companion/results/rescope/hex-modal-cuda-20260923/rental-01/remote/run-01/benchmark-96x48x64--modal8--product.npz	7120559	8ec9d0810bc482d6b8986dbc42a72dfdeba677919e0a72bd74c54fcf2bb1000c	byte-identical to a member of this folder's sealed archive
companion/results/rescope/hex-modal-cuda-20260923/rental-01/remote/run-01/benchmark-96x48x64--node_fp64--product.npz	7120532	92a8f1e6dec53c73624a92edf41f783a2675d504c0d784305050dc913cde3126	byte-identical to a member of this folder's sealed archive
companion/results/rescope/hex-modal-cuda-20260923/rental-01/remote/run-01/benchmark-96x48x64--three_stage_fp64--product.npz	7120540	9cbbf2e0ab1f550a71ec3d489326e772d7b7c5059c800c2374e0574ee941d71b	byte-identical to a member of this folder's sealed archive
companion/results/rescope/hex-modal-layout-20260923/rental-01/create-response.json	140	5c68ac6205dc4f42219900c25cb5ea8d584581aef6917e73a617cb0c7c911c63	published with the per-instance API key replaced by REDACTED
companion/results/rescope/hex-modal-layout-v2-20260923/inputs/optimized-q64.npz	12576468	5bfe4847c502c89731999e799de8505712c397b6d903e84fb9b7e23961145f3e	byte-identical to a member of this folder's sealed archive
companion/results/rescope/hex-modal-layout-v2-20260923/inputs/optimized-q96.npz	41909279	4022a4652532cfe75ffa335b52ad438186e24607811a036645042e0348deee5a	byte-identical to a member of this folder's sealed archive
companion/results/rescope/hex-modal-layout-v2-20260923/inputs/uniform-q64.npz	12043087	1d4c01ed42a0d3f8345452c8fb541053cae4a5babaad3e461e40f58d0e7373cc	byte-identical to a member of this folder's sealed archive
companion/results/rescope/hex-modal-layout-v2-20260923/rental-03/create-response.json	140	cf4ce25070670b7026795d23f78596b4cf3b8983bfd61e83b306e4bdc212d83c	published with the per-instance API key replaced by REDACTED
companion/results/rescope/hex-modal-layout-v2-20260923/rental-03/remote/inputs/optimized-q64.npz	12576468	5bfe4847c502c89731999e799de8505712c397b6d903e84fb9b7e23961145f3e	byte-identical to a member of this folder's sealed archive
companion/results/rescope/hex-modal-layout-v2-20260923/rental-03/remote/inputs/optimized-q96.npz	41909279	4022a4652532cfe75ffa335b52ad438186e24607811a036645042e0348deee5a	byte-identical to a member of this folder's sealed archive
companion/results/rescope/hex-modal-layout-v2-20260923/rental-03/remote/inputs/uniform-q64.npz	12043087	1d4c01ed42a0d3f8345452c8fb541053cae4a5babaad3e461e40f58d0e7373cc	byte-identical to a member of this folder's sealed archive
companion/results/rescope/hex-modal-layout-v2-20260923/rental-03/remote/run-01/optimized-q64--dense32--after-product.npz	8856457	b9efb22a99940e2e559f1c613d6bbfbfb2e98a1a6d921920df3d3e336df60410	byte-identical to a member of this folder's sealed archive
companion/results/rescope/hex-modal-layout-v2-20260923/rental-03/remote/run-01/optimized-q64--dense32--before-product.npz	8855646	039744a946609c92d0fe630620d645c3b5a013f80fbaa200501e62dd558e1ebd	byte-identical to a member of this folder's sealed archive
companion/results/rescope/hex-modal-layout-v2-20260923/rental-03/remote/run-01/optimized-q64--dense32--normal-state.npz	12452759	f5a26f845c85dea2158048c807503d39c3ac12e3b138ce643e75d8b896dc5a3c	byte-identical to a member of this folder's sealed archive
companion/results/rescope/hex-modal-layout-v2-20260923/rental-03/remote/run-01/optimized-q64--dense8--after-product.npz	8872432	58548b2bd75ad0adb3434c55dc3e3ba0d305c26bede7f636031eff79dece327a	byte-identical to a member of this folder's sealed archive
companion/results/rescope/hex-modal-layout-v2-20260923/rental-03/remote/run-01/optimized-q64--dense8--before-product.npz	8873564	fb99433c72028b230493a050e2c9b0f29f6e6b67079f315564a98dd1c2cc141f	byte-identical to a member of this folder's sealed archive
companion/results/rescope/hex-modal-layout-v2-20260923/rental-03/remote/run-01/optimized-q64--fused_ai_fp64--after-product.npz	8836186	d3a378a22ac7e0f3614cdf4dec9fe29ba542fa9881838e5b477dfe67a076cf1f	byte-identical to a member of this folder's sealed archive
companion/results/rescope/hex-modal-layout-v2-20260923/rental-03/remote/run-01/optimized-q64--fused_ai_fp64--before-product.npz	8836622	afb3c76e3884eaef7ab920d82bde32610caaed8081638c05c8486b3a83dc05bf	byte-identical to a member of this folder's sealed archive
companion/results/rescope/hex-modal-layout-v2-20260923/rental-03/remote/run-01/optimized-q64--fused_fp64--after-product.npz	8820405	964251a02bf5c4207f2f8401e50b82bfba00caa3487e2bbd8826ec22c54fc71d	byte-identical to a member of this folder's sealed archive
companion/results/rescope/hex-modal-layout-v2-20260923/rental-03/remote/run-01/optimized-q64--fused_fp64--before-product.npz	8820262	18bc50f9c5f498d29f22c27fcb0c45da189a527b697955f00e88edd8a3610cc6	byte-identical to a member of this folder's sealed archive
companion/results/rescope/hex-modal-layout-v2-20260923/rental-03/remote/run-01/optimized-q64--modal32--after-product.npz	8856623	00ab533d1bfcde17172e56b4657c2084bd0bc51f876bd7999fa0a1b222ab7c41	byte-identical to a member of this folder's sealed archive
companion/results/rescope/hex-modal-layout-v2-20260923/rental-03/remote/run-01/optimized-q64--modal32--before-product.npz	8857160	f3b0d2aad872387623d8a5f3964fd870849a0bb64fd19de878cff367a93d34dd	byte-identical to a member of this folder's sealed archive
companion/results/rescope/hex-modal-layout-v2-20260923/rental-03/remote/run-01/optimized-q64--modal32--normal-state.npz	12452998	d7ba746c69d7a966b03a40b8999690420a3793e83c92058ba6572f57db71486e	byte-identical to a member of this folder's sealed archive
companion/results/rescope/hex-modal-layout-v2-20260923/rental-03/remote/run-01/optimized-q64--modal8--after-product.npz	8873250	31a8a07c444ce2e5e541569b82d4197ec66d14321bf8fddd5b818477d6bddde5	byte-identical to a member of this folder's sealed archive
companion/results/rescope/hex-modal-layout-v2-20260923/rental-03/remote/run-01/optimized-q64--modal8--before-product.npz	8872424	624343d9f74bc9d62c9f30b159664dd1a572ac405e10615d8c7c315694176bc5	byte-identical to a member of this folder's sealed archive
companion/results/rescope/hex-modal-layout-v2-20260923/rental-03/remote/run-01/optimized-q64--node_fp64--after-product.npz	12585490	8b7d56354352d340405bc7bce8e680637a39ec58bdb56b7c98c456b542b52256	byte-identical to a member of this folder's sealed archive
companion/results/rescope/hex-modal-layout-v2-20260923/rental-03/remote/run-01/optimized-q64--node_fp64--before-product.npz	12585490	8b7d56354352d340405bc7bce8e680637a39ec58bdb56b7c98c456b542b52256	byte-identical to a member of this folder's sealed archive
companion/results/rescope/hex-modal-layout-v2-20260923/rental-03/remote/run-01/optimized-q64--sym8--after-product.npz	8872844	9004f6fc38364570b30b804c28e135fbb2c84d3f9dadf4b8d68832532f61d0d8	byte-identical to a member of this folder's sealed archive
companion/results/rescope/hex-modal-layout-v2-20260923/rental-03/remote/run-01/optimized-q64--sym8--before-product.npz	8872533	88d4afbfd9bcd2002acaf989bef1e3a4ca3050cabc3848589a02b8ef0dd83914	byte-identical to a member of this folder's sealed archive
companion/results/rescope/hex-modal-layout-v2-20260923/rental-03/remote/run-01/optimized-q64--sym8--normal-state.npz	12452536	137c64d365521f3841ea6422617b59c6c1571b532949b819657f45714cf39073	byte-identical to a member of this folder's sealed archive
companion/results/rescope/hex-modal-layout-v2-20260923/rental-03/remote/run-01/optimized-q64--three_stage_fp64--after-product.npz	8863434	99e3b3068bb2c68d07ff5422f9e87d07892bbe01ef6994363340ae61ba2f4d9d	byte-identical to a member of this folder's sealed archive
companion/results/rescope/hex-modal-layout-v2-20260923/rental-03/remote/run-01/optimized-q64--three_stage_fp64--before-product.npz	8863272	6b7da345b942d0439cfa174e218110448c03db95396c0d9fd6ba15c30d3d8301	byte-identical to a member of this folder's sealed archive
companion/results/rescope/hex-modal-layout-v2-20260923/rental-03/remote/run-01/optimized-q96--dense32--after-product.npz	29233573	6ac098e45c6834ddc2449b77d18f28b8d2416499eb92898f0773a831dad0fc47	byte-identical to a member of this folder's sealed archive
companion/results/rescope/hex-modal-layout-v2-20260923/rental-03/remote/run-01/optimized-q96--dense32--before-product.npz	29234415	67691744fe9b1fa64067bdacff3eae94d22ca5b1e243ce5c56977c0e13eaa00e	byte-identical to a member of this folder's sealed archive
companion/results/rescope/hex-modal-layout-v2-20260923/rental-03/remote/run-01/optimized-q96--dense32--normal-state.npz	41608439	950e34e3f015b1dab4ef417d7aed5439e5c45feeac4723f82597bad56c15e2b0	byte-identical to a member of this folder's sealed archive
companion/results/rescope/hex-modal-layout-v2-20260923/rental-03/remote/run-01/optimized-q96--dense8--after-product.npz	29286810	9ed672358801493e268fc3af51ee2603c111659481f325824461f482c5a39a90	byte-identical to a member of this folder's sealed archive
companion/results/rescope/hex-modal-layout-v2-20260923/rental-03/remote/run-01/optimized-q96--dense8--before-product.npz	29287337	0e46c1ebf34fa8c7e1a775d7cedda0155c917a60026a189c58f3abb6cce65662	byte-identical to a member of this folder's sealed archive
companion/results/rescope/hex-modal-layout-v2-20260923/rental-03/remote/run-01/optimized-q96--fused_ai_fp64--after-product.npz	29128011	64d3eb55644ec987ea8ba24084d9157ed9c67d0b1d3882ed73d135c9439e64bc	byte-identical to a member of this folder's sealed archive
companion/results/rescope/hex-modal-layout-v2-20260923/rental-03/remote/run-01/optimized-q96--fused_ai_fp64--before-product.npz	29125812	4ff9c64a5553647dd4db13a12f2498a9705504fc4c1fefa4ee2be95882e141a2	byte-identical to a member of this folder's sealed archive
companion/results/rescope/hex-modal-layout-v2-20260923/rental-03/remote/run-01/optimized-q96--fused_fp64--after-product.npz	29118182	74b09f4d7fc9f5954aae4200b2a2a2100d02e515385f6a560d38cc9fea01e68c	byte-identical to a member of this folder's sealed archive
companion/results/rescope/hex-modal-layout-v2-20260923/rental-03/remote/run-01/optimized-q96--fused_fp64--before-product.npz	29117325	3d47351f699baa18814c0ce35e04a337a461d424f8cd25489dab18dd93226411	byte-identical to a member of this folder's sealed archive
companion/results/rescope/hex-modal-layout-v2-20260923/rental-03/remote/run-01/optimized-q96--modal32--after-product.npz	29236285	2dd45b96ad2444f471d7a3cb9079e6dc67ecb62b3e5e9453bef7e4dd362ec914	byte-identical to a member of this folder's sealed archive
companion/results/rescope/hex-modal-layout-v2-20260923/rental-03/remote/run-01/optimized-q96--modal32--before-product.npz	29234341	22fafddb10e1fc6dab5849dbfcb7d2fd82038dbc117731072dc0ad79f9b13e4c	byte-identical to a member of this folder's sealed archive
companion/results/rescope/hex-modal-layout-v2-20260923/rental-03/remote/run-01/optimized-q96--modal32--normal-state.npz	41608937	bdd69c64ce99479af368e0983253be50836231d5d69d071d9a079d92403a2d09	byte-identical to a member of this folder's sealed archive
companion/results/rescope/hex-modal-layout-v2-20260923/rental-03/remote/run-01/optimized-q96--modal8--after-product.npz	29285030	8056ddab9c0e17585c75f864d4558410719673c8e418d43d6051732edac3eb9e	byte-identical to a member of this folder's sealed archive
companion/results/rescope/hex-modal-layout-v2-20260923/rental-03/remote/run-01/optimized-q96--modal8--before-product.npz	29288139	37c2f3c27d2ba059fff5e839e4d99a64d103beda4905d69ff1ddac729f431400	byte-identical to a member of this folder's sealed archive
companion/results/rescope/hex-modal-layout-v2-20260923/rental-03/remote/run-01/optimized-q96--node_fp64--after-product.npz	41986278	462673e15e471269a9498b1aed05d99f98b5a550237922e6019c790f7470d0bc	byte-identical to a member of this folder's sealed archive
companion/results/rescope/hex-modal-layout-v2-20260923/rental-03/remote/run-01/optimized-q96--node_fp64--before-product.npz	41986278	462673e15e471269a9498b1aed05d99f98b5a550237922e6019c790f7470d0bc	byte-identical to a member of this folder's sealed archive
companion/results/rescope/hex-modal-layout-v2-20260923/rental-03/remote/run-01/optimized-q96--sym8--after-product.npz	29288333	e89811b32aa3a3a067f85827d23f376d3232549fae0fa98a03ea85db3854d427	byte-identical to a member of this folder's sealed archive
companion/results/rescope/hex-modal-layout-v2-20260923/rental-03/remote/run-01/optimized-q96--sym8--before-product.npz	29286635	401a61d76af594bc2719afc09d10d28706dc0896c455530dd09f11a01c6d716c	byte-identical to a member of this folder's sealed archive
companion/results/rescope/hex-modal-layout-v2-20260923/rental-03/remote/run-01/optimized-q96--sym8--normal-state.npz	41609028	16af14acebeaf29bf495dea8c9cbd7489a19a9093df5d8092d332f7fb1123b1a	byte-identical to a member of this folder's sealed archive
companion/results/rescope/hex-modal-layout-v2-20260923/rental-03/remote/run-01/optimized-q96--three_stage_fp64--after-product.npz	29266429	d60ca33d38a52a3e97046bb70ee9cb632699bbac61225907f6674bcd597f1b39	byte-identical to a member of this folder's sealed archive
companion/results/rescope/hex-modal-layout-v2-20260923/rental-03/remote/run-01/optimized-q96--three_stage_fp64--before-product.npz	29268587	0ec8b4630b8a450d5e22eebb84fc490becefc139884693477151bbb3d50a3a24	byte-identical to a member of this folder's sealed archive
companion/results/rescope/hex-modal-layout-v2-20260923/rental-03/remote/run-01/uniform-q64--dense32--after-product.npz	7948013	a3c1ff2c32e79c1437eedd708d5bb1041f772797d1af7174582a9fff341d007d	byte-identical to a member of this folder's sealed archive
companion/results/rescope/hex-modal-layout-v2-20260923/rental-03/remote/run-01/uniform-q64--dense32--before-product.npz	7948647	29eac8b9f0a657868cb5b4c800b2494a0b0f9c7be824e3e59515b15794efe025	byte-identical to a member of this folder's sealed archive
companion/results/rescope/hex-modal-layout-v2-20260923/rental-03/remote/run-01/uniform-q64--dense8--after-product.npz	7965536	1038ef97328288ff8d0ee5c13e51292e4c20194535a4dc704e32dfeeb8c2234c	byte-identical to a member of this folder's sealed archive
companion/results/rescope/hex-modal-layout-v2-20260923/rental-03/remote/run-01/uniform-q64--dense8--before-product.npz	7966660	5d69cfb93559c379ff534ca030c30e89da6a996d9ddd81c9043e9b96ac289619	byte-identical to a member of this folder's sealed archive
companion/results/rescope/hex-modal-layout-v2-20260923/rental-03/remote/run-01/uniform-q64--fused_ai_fp64--after-product.npz	7931760	5c4aae1aed1899c7f8ff222c53e6401424fcba505cc8359ef1992364f9d0d5e9	byte-identical to a member of this folder's sealed archive
companion/results/rescope/hex-modal-layout-v2-20260923/rental-03/remote/run-01/uniform-q64--fused_ai_fp64--before-product.npz	7933118	3a67796a100b4c70223c7ca8b8cad305388a49dc3f050b5ebf87374c59013ac6	byte-identical to a member of this folder's sealed archive
companion/results/rescope/hex-modal-layout-v2-20260923/rental-03/remote/run-01/uniform-q64--fused_fp64--after-product.npz	7919308	2261b52d0389dd16e4b8436e567e36bab444cb4d474daa4f5d2f950143eafa31	byte-identical to a member of this folder's sealed archive
companion/results/rescope/hex-modal-layout-v2-20260923/rental-03/remote/run-01/uniform-q64--fused_fp64--before-product.npz	7919082	a88996318698465f7ef18eba99a97c6e227d4cccc00606442ce958c09a728040	byte-identical to a member of this folder's sealed archive
companion/results/rescope/hex-modal-layout-v2-20260923/rental-03/remote/run-01/uniform-q64--modal32--after-product.npz	7949450	17e480351f9bb7e7dfb4c4a2968fbaa528cdb3b6d02039c8374191df6531ebd2	byte-identical to a member of this folder's sealed archive
companion/results/rescope/hex-modal-layout-v2-20260923/rental-03/remote/run-01/uniform-q64--modal32--before-product.npz	7949233	e012b5eae5cb2913b6b7b20b618e7b5ee98fec309814a756a3aaf31c0849c7bb	byte-identical to a member of this folder's sealed archive
companion/results/rescope/hex-modal-layout-v2-20260923/rental-03/remote/run-01/uniform-q64--modal8--after-product.npz	7966858	ca0df04dc4e1347c2211f915c83162ea25b0959c5ee26d50be38007e1c962fd3	byte-identical to a member of this folder's sealed archive
companion/results/rescope/hex-modal-layout-v2-20260923/rental-03/remote/run-01/uniform-q64--modal8--before-product.npz	7967090	51269a480377ded8459f3eed7cd7ede70e105f0bd9f3583bc76325e743e2ac7a	byte-identical to a member of this folder's sealed archive
companion/results/rescope/hex-modal-layout-v2-20260923/rental-03/remote/run-01/uniform-q64--node_fp64--after-product.npz	12476043	e3ac50dfec8f7866f5b99394519244d457686ecb400b8f2ee22f504f542c87bf	byte-identical to a member of this folder's sealed archive
companion/results/rescope/hex-modal-layout-v2-20260923/rental-03/remote/run-01/uniform-q64--node_fp64--before-product.npz	12476043	e3ac50dfec8f7866f5b99394519244d457686ecb400b8f2ee22f504f542c87bf	byte-identical to a member of this folder's sealed archive
companion/results/rescope/hex-modal-layout-v2-20260923/rental-03/remote/run-01/uniform-q64--sym8--after-product.npz	7966859	622e133bb05ed90d703f917a3586419e65c014cd4aed81c9d446a21a8762a9ef	byte-identical to a member of this folder's sealed archive
companion/results/rescope/hex-modal-layout-v2-20260923/rental-03/remote/run-01/uniform-q64--sym8--before-product.npz	7967142	d8397c64525df26be201434c0f696ad57ac29af21fe6730b82d99ab51a31a1c7	byte-identical to a member of this folder's sealed archive
companion/results/rescope/hex-modal-layout-v2-20260923/rental-03/remote/run-01/uniform-q64--three_stage_fp64--after-product.npz	7957047	3a56de380f2fd96a84a4b23850654e4d2a64a7fb3b0372d1ba667e3507df2630	byte-identical to a member of this folder's sealed archive
companion/results/rescope/hex-modal-layout-v2-20260923/rental-03/remote/run-01/uniform-q64--three_stage_fp64--before-product.npz	7956518	3b96f1b2053061f58cb7befd098980e41ff7040818d70a9d3b162ff5db992e4d	byte-identical to a member of this folder's sealed archive
companion/results/rescope/hex-modal-libceed-resident-20260924/package/inputs/128x64x64-p0/probe.f64	14113416	a176834bbc476282c8af9ab0a1d2ad2b864dfe2fa9c5533e864c0a3e7c9456da	byte-identical to a member of this folder's sealed archive
companion/results/rescope/hex-modal-libceed-resident-20260924/package/inputs/128x64x64-p0/rho.f64	4530240	5e7141c6a66cdffac65d29d5ec44c0284dfeec6831fdd0b356a59e03fee0438e	byte-identical to a member of this folder's sealed archive
companion/results/rescope/hex-modal-libceed-resident-20260924/package/inputs/128x64x64-p1/probe.f64	14113416	b8282cfd6e9ee5ba4ac3fc7407bde6ba4bf041d01799348eb943eaaa18a0b681	byte-identical to a member of this folder's sealed archive
companion/results/rescope/hex-modal-libceed-resident-20260924/package/inputs/128x64x64-p1/rho.f64	4530240	1ffed1357df389d5fe15a2562c1cada567fa2967e49e168cc1d52078e28a150f	byte-identical to a member of this folder's sealed archive
companion/results/rescope/hex-modal-libceed-resident-20260924/package/inputs/192x96x96-p0/probe.f64	45868680	03535c9a0e295882b40b32ec9ed68b2d381c6c8cdf0d462946d209b83904df4b	byte-identical to a member of this folder's sealed archive
companion/results/rescope/hex-modal-libceed-resident-20260924/package/inputs/192x96x96-p0/rho.f64	14905408	286b040f977d8044e162c06622a7777862bd004535461143abfc2062bd9dd829	byte-identical to a member of this folder's sealed archive
companion/results/rescope/hex-modal-libceed-resident-20260924/package/inputs/192x96x96-p1/probe.f64	45868680	52243e01bac283cfc149431d275a5dc267148b9871b20dd208ea2d18f02f41e6	byte-identical to a member of this folder's sealed archive
companion/results/rescope/hex-modal-libceed-resident-20260924/package/inputs/192x96x96-p1/rho.f64	14905408	b54b8a7f03bca2ca68dd933951422b2229df36dae732b8a1d0b463556003bf4f	byte-identical to a member of this folder's sealed archive
companion/results/rescope/hex-modal-libceed-resident-20260924/package/inputs/64x32x32-p0/probe.f64	1969800	48354f689bba60c9742ba218ae89cd49d5b99e6f4b324bbee6d7d3452dcb13d9	byte-identical to a member of this folder's sealed archive
companion/results/rescope/hex-modal-libceed-resident-20260924/package/inputs/64x32x32-p1/probe.f64	1969800	a082288d86d88fd3d5506728276f8feae8b6ca161b0ec033ae21b72150f5d9df	byte-identical to a member of this folder's sealed archive
companion/results/rescope/hex-modal-libceed-resident-20260924/package/libceed-source.tar.gz	3477960	4c642ae1563e0363aa48f5d794832ad6e9716789405e33511213b837d1528a23	byte-identical to a member of this folder's sealed archive
companion/results/rescope/hex-modal-libceed-resident-20260924/rental-01/remote/libceed-source.tar.gz	3477960	4c642ae1563e0363aa48f5d794832ad6e9716789405e33511213b837d1528a23	byte-identical to a member of this folder's sealed archive
companion/results/rescope/hex-modal-mg-bc-audit-20260923/author/.gitignore	60	4c3d21ad0bb15cedbbf835ad6612e143422346252b909744b36106fa2d14bdc4	Traeff et al. source (no licence; referenced by commit)
companion/results/rescope/hex-modal-mg-bc-audit-20260923/author/Makefile	1055	88dfaeeb11da2029cd54d6524bfda595d5691b2e0e8a0869d00559359839e21e	Traeff et al. source (no licence; referenced by commit)
companion/results/rescope/hex-modal-mg-bc-audit-20260923/author/README.md	4295	6738e36aa617d25dfe8be740717907f1cec606a0ab37f6475462072336776682	Traeff et al. source (no licence; referenced by commit)
companion/results/rescope/hex-modal-mg-bc-audit-20260923/author/definitions.h	1144	f46b7f411de515bcf826891f15b6a1be59a68572025efce928b3bdbc3aa75381	Traeff et al. source (no licence; referenced by commit)
companion/results/rescope/hex-modal-mg-bc-audit-20260923/author/figures/cg_running_time.png	68584	c41c1e7642b47c7940ffa260dc118102c0fd3a6f4dd35869ac805fd1382a6096	Traeff et al. source (no licence; referenced by commit)
companion/results/rescope/hex-modal-mg-bc-audit-20260923/author/figures/result.pdf	526621	8dc19606ca90812c16a3335ad5f215afc7dc34a06ef3576e6fc087bbe28cae0c	Traeff et al. source (no licence; referenced by commit)
companion/results/rescope/hex-modal-mg-bc-audit-20260923/author/figures/result.png	253296	d3d35d896acfdd771a928019a95ef60573002f889af978ff564f73bf4c839c86	Traeff et al. source (no licence; referenced by commit)
companion/results/rescope/hex-modal-mg-bc-audit-20260923/author/figures/running_time.png	66970	d053132b0437c3507225234c9a101d98ef67a9f38234af6c6c824b691d438ad1	Traeff et al. source (no licence; referenced by commit)
companion/results/rescope/hex-modal-mg-bc-audit-20260923/author/figures/speedup.png	19178	f4165d6f20b03408f22c6c6a381dbeb096a4d03090f30ad085d536b22b907be8	Traeff et al. source (no licence; referenced by commit)
companion/results/rescope/hex-modal-mg-bc-audit-20260923/author/gpu_definitions.c	5871	8d746b6db168d907a2419d92c4826eeec12a3a28505a6e294f21785030d75e08	Traeff et al. source (no licence; referenced by commit)
companion/results/rescope/hex-modal-mg-bc-audit-20260923/author/gpu_definitions.h	1632	1eac8c2ee4878ab2a8130a8ef6244bd45bfeacce243216c497a37313db36aaf2	Traeff et al. source (no licence; referenced by commit)
companion/results/rescope/hex-modal-mg-bc-audit-20260923/author/local_matrix.c	9240	2b3ad6d3c38f7ef9ac9f522f68f91ec41d0fd2fc27f6313a7bd9da303dd246e0	Traeff et al. source (no licence; referenced by commit)
companion/results/rescope/hex-modal-mg-bc-audit-20260923/author/local_matrix.h	686	45eb53f8b72b3217c4e29fcf5ee9a5893fe39cbb4eb27635ee7622bef5110943	Traeff et al. source (no licence; referenced by commit)
companion/results/rescope/hex-modal-mg-bc-audit-20260923/author/plot_timings.m	5784	94f26919937d28b7d19186b9124e83fc4e03812d8e3c751e47ce04e7cde037a9	Traeff et al. source (no licence; referenced by commit)
companion/results/rescope/hex-modal-mg-bc-audit-20260923/author/setup_gbar_env.sh	217	25e4ef72ef9109dc379cf414c48b7afa5d68c273453e70a81b3889cfdc49e004	Traeff et al. source (no licence; referenced by commit)
companion/results/rescope/hex-modal-mg-bc-audit-20260923/author/stencil_assembly.c	19393	98acc0a7457d2c56bd8fd9d78eb60502a43bd733b29bc58a8a741c4494a27bd0	Traeff et al. source (no licence; referenced by commit)
companion/results/rescope/hex-modal-mg-bc-audit-20260923/author/stencil_assembly.h	1757	cd060fcac56f171b5c22008ac35024468a8c7b76e76ddfe7c1e6d61b2f011969	Traeff et al. source (no licence; referenced by commit)
companion/results/rescope/hex-modal-mg-bc-audit-20260923/author/stencil_grid_utility.c	5208	273b7392ab131443d22e8cef9edb035c58d3148ac10ed8079e769be3755f6fec	Traeff et al. source (no licence; referenced by commit)
companion/results/rescope/hex-modal-mg-bc-audit-20260923/author/stencil_grid_utility.h	645	913bf95287dcf30089da786be70f652af4cb6933e1f968894aac94db0e52a8a8	Traeff et al. source (no licence; referenced by commit)
companion/results/rescope/hex-modal-mg-bc-audit-20260923/author/stencil_methods.c	43730	c5d50dd54b0a9f7733c2cfd0d8b3ab9f0d2673d9adef9d64276fcf32b6e9ab40	Traeff et al. source (no licence; referenced by commit)
companion/results/rescope/hex-modal-mg-bc-audit-20260923/author/stencil_methods.h	7245	c4d669b0a2deddcc89dc1734aed153faca5cd6d5b644f6d5507fab6d4770d42e	Traeff et al. source (no licence; referenced by commit)
companion/results/rescope/hex-modal-mg-bc-audit-20260923/author/stencil_optimization.c	20956	6289f3d275e362fc950e5308aa7c45e15d4b67098e2d1b956c27cd6395b5fd4e	Traeff et al. source (no licence; referenced by commit)
companion/results/rescope/hex-modal-mg-bc-audit-20260923/author/stencil_optimization.h	969	b502a4b8d8a87a67e9b379c0604697301daf5b20956260cdefe6df721787a950	Traeff et al. source (no licence; referenced by commit)
companion/results/rescope/hex-modal-mg-bc-audit-20260923/author/stencil_solvers.c	16697	c5603788a74b6700c1572195312fcab95c2500bb351bbe195be27cea6a0fe0a9	Traeff et al. source (no licence; referenced by commit)
companion/results/rescope/hex-modal-mg-bc-audit-20260923/author/stencil_solvers.h	2413	d684244af5fa307b10e136bfd03b79c76f5d51240b4a6ca7045d5c07928e2726	Traeff et al. source (no licence; referenced by commit)
companion/results/rescope/hex-modal-mg-bc-audit-20260923/author/stencil_utility.h	2673	f176775e30c170c6ef2d335aab5ff54394b6d07eef1ec4c9cfbc1a7bba7e086a	Traeff et al. source (no licence; referenced by commit)
companion/results/rescope/hex-modal-mg-bc-audit-20260923/author/top3d.c	2203	f55a9c8b140fec14eaa06774d967ef6f3954b88cc900be62e63fba485db0726a	Traeff et al. source (no licence; referenced by commit)
companion/results/rescope/hex-modal-mg-bc-audit-20260923/author/top3dmgcg_matrixfree.m	24180	511813f97d72c12a125c3daacee442996b80437acf51dfd036d6df60da1e0c9d	Traeff et al. source (no licence; referenced by commit)
companion/results/rescope/hex-modal-mg-bc-audit-20260923/author/top3dmgcg_reference.m	10448	cafde6ba35a957eee84cf7d6c7661aab5c222f188a5943eaf62b5a6c8e7048aa	Traeff et al. source (no licence; referenced by commit)
companion/results/rescope/hex-modal-mg-damping-control-20260923/author-02/.gitignore	60	4c3d21ad0bb15cedbbf835ad6612e143422346252b909744b36106fa2d14bdc4	Traeff et al. source (no licence; referenced by commit)
companion/results/rescope/hex-modal-mg-damping-control-20260923/author-02/Makefile	1055	88dfaeeb11da2029cd54d6524bfda595d5691b2e0e8a0869d00559359839e21e	Traeff et al. source (no licence; referenced by commit)
companion/results/rescope/hex-modal-mg-damping-control-20260923/author-02/README.md	4295	6738e36aa617d25dfe8be740717907f1cec606a0ab37f6475462072336776682	Traeff et al. source (no licence; referenced by commit)
companion/results/rescope/hex-modal-mg-damping-control-20260923/author-02/definitions.h	1144	f46b7f411de515bcf826891f15b6a1be59a68572025efce928b3bdbc3aa75381	Traeff et al. source (no licence; referenced by commit)
companion/results/rescope/hex-modal-mg-damping-control-20260923/author-02/figures/cg_running_time.png	68584	c41c1e7642b47c7940ffa260dc118102c0fd3a6f4dd35869ac805fd1382a6096	Traeff et al. source (no licence; referenced by commit)
companion/results/rescope/hex-modal-mg-damping-control-20260923/author-02/figures/result.pdf	526621	8dc19606ca90812c16a3335ad5f215afc7dc34a06ef3576e6fc087bbe28cae0c	Traeff et al. source (no licence; referenced by commit)
companion/results/rescope/hex-modal-mg-damping-control-20260923/author-02/figures/result.png	253296	d3d35d896acfdd771a928019a95ef60573002f889af978ff564f73bf4c839c86	Traeff et al. source (no licence; referenced by commit)
companion/results/rescope/hex-modal-mg-damping-control-20260923/author-02/figures/running_time.png	66970	d053132b0437c3507225234c9a101d98ef67a9f38234af6c6c824b691d438ad1	Traeff et al. source (no licence; referenced by commit)
companion/results/rescope/hex-modal-mg-damping-control-20260923/author-02/figures/speedup.png	19178	f4165d6f20b03408f22c6c6a381dbeb096a4d03090f30ad085d536b22b907be8	Traeff et al. source (no licence; referenced by commit)
companion/results/rescope/hex-modal-mg-damping-control-20260923/author-02/gpu_definitions.c	5871	8d746b6db168d907a2419d92c4826eeec12a3a28505a6e294f21785030d75e08	Traeff et al. source (no licence; referenced by commit)
companion/results/rescope/hex-modal-mg-damping-control-20260923/author-02/gpu_definitions.h	1632	1eac8c2ee4878ab2a8130a8ef6244bd45bfeacce243216c497a37313db36aaf2	Traeff et al. source (no licence; referenced by commit)
companion/results/rescope/hex-modal-mg-damping-control-20260923/author-02/local_matrix.c	9240	2b3ad6d3c38f7ef9ac9f522f68f91ec41d0fd2fc27f6313a7bd9da303dd246e0	Traeff et al. source (no licence; referenced by commit)
companion/results/rescope/hex-modal-mg-damping-control-20260923/author-02/local_matrix.h	686	45eb53f8b72b3217c4e29fcf5ee9a5893fe39cbb4eb27635ee7622bef5110943	Traeff et al. source (no licence; referenced by commit)
companion/results/rescope/hex-modal-mg-damping-control-20260923/author-02/plot_timings.m	5784	94f26919937d28b7d19186b9124e83fc4e03812d8e3c751e47ce04e7cde037a9	Traeff et al. source (no licence; referenced by commit)
companion/results/rescope/hex-modal-mg-damping-control-20260923/author-02/setup_gbar_env.sh	217	25e4ef72ef9109dc379cf414c48b7afa5d68c273453e70a81b3889cfdc49e004	Traeff et al. source (no licence; referenced by commit)
companion/results/rescope/hex-modal-mg-damping-control-20260923/author-02/stencil_assembly.c	19393	98acc0a7457d2c56bd8fd9d78eb60502a43bd733b29bc58a8a741c4494a27bd0	Traeff et al. source (no licence; referenced by commit)
companion/results/rescope/hex-modal-mg-damping-control-20260923/author-02/stencil_assembly.h	1757	cd060fcac56f171b5c22008ac35024468a8c7b76e76ddfe7c1e6d61b2f011969	Traeff et al. source (no licence; referenced by commit)
companion/results/rescope/hex-modal-mg-damping-control-20260923/author-02/stencil_grid_utility.c	5208	273b7392ab131443d22e8cef9edb035c58d3148ac10ed8079e769be3755f6fec	Traeff et al. source (no licence; referenced by commit)
companion/results/rescope/hex-modal-mg-damping-control-20260923/author-02/stencil_grid_utility.h	645	913bf95287dcf30089da786be70f652af4cb6933e1f968894aac94db0e52a8a8	Traeff et al. source (no licence; referenced by commit)
companion/results/rescope/hex-modal-mg-damping-control-20260923/author-02/stencil_methods.c	43730	c5d50dd54b0a9f7733c2cfd0d8b3ab9f0d2673d9adef9d64276fcf32b6e9ab40	Traeff et al. source (no licence; referenced by commit)
companion/results/rescope/hex-modal-mg-damping-control-20260923/author-02/stencil_methods.h	7245	c4d669b0a2deddcc89dc1734aed153faca5cd6d5b644f6d5507fab6d4770d42e	Traeff et al. source (no licence; referenced by commit)
companion/results/rescope/hex-modal-mg-damping-control-20260923/author-02/stencil_optimization.c	20956	6289f3d275e362fc950e5308aa7c45e15d4b67098e2d1b956c27cd6395b5fd4e	Traeff et al. source (no licence; referenced by commit)
companion/results/rescope/hex-modal-mg-damping-control-20260923/author-02/stencil_optimization.h	969	b502a4b8d8a87a67e9b379c0604697301daf5b20956260cdefe6df721787a950	Traeff et al. source (no licence; referenced by commit)
companion/results/rescope/hex-modal-mg-damping-control-20260923/author-02/stencil_solvers.c	16800	1b25210c687c3fdd3880128ae5b79ea0d5be2f9bc0bf537573c403a53d05f00b	Traeff et al. source (no licence; referenced by commit)
companion/results/rescope/hex-modal-mg-damping-control-20260923/author-02/stencil_solvers.h	2413	d684244af5fa307b10e136bfd03b79c76f5d51240b4a6ca7045d5c07928e2726	Traeff et al. source (no licence; referenced by commit)
companion/results/rescope/hex-modal-mg-damping-control-20260923/author-02/stencil_utility.h	2673	f176775e30c170c6ef2d335aab5ff54394b6d07eef1ec4c9cfbc1a7bba7e086a	Traeff et al. source (no licence; referenced by commit)
companion/results/rescope/hex-modal-mg-damping-control-20260923/author-02/top3d.c	2203	f55a9c8b140fec14eaa06774d967ef6f3954b88cc900be62e63fba485db0726a	Traeff et al. source (no licence; referenced by commit)
companion/results/rescope/hex-modal-mg-damping-control-20260923/author-02/top3dmgcg_matrixfree.m	24180	511813f97d72c12a125c3daacee442996b80437acf51dfd036d6df60da1e0c9d	Traeff et al. source (no licence; referenced by commit)
companion/results/rescope/hex-modal-mg-damping-control-20260923/author-02/top3dmgcg_reference.m	10448	cafde6ba35a957eee84cf7d6c7661aab5c222f188a5943eaf62b5a6c8e7048aa	Traeff et al. source (no licence; referenced by commit)
companion/results/rescope/hex-modal-mg-damping-control-20260923/author-03/.gitignore	60	4c3d21ad0bb15cedbbf835ad6612e143422346252b909744b36106fa2d14bdc4	Traeff et al. source (no licence; referenced by commit)
companion/results/rescope/hex-modal-mg-damping-control-20260923/author-03/Makefile	1055	88dfaeeb11da2029cd54d6524bfda595d5691b2e0e8a0869d00559359839e21e	Traeff et al. source (no licence; referenced by commit)
companion/results/rescope/hex-modal-mg-damping-control-20260923/author-03/README.md	4295	6738e36aa617d25dfe8be740717907f1cec606a0ab37f6475462072336776682	Traeff et al. source (no licence; referenced by commit)
companion/results/rescope/hex-modal-mg-damping-control-20260923/author-03/definitions.h	1144	f46b7f411de515bcf826891f15b6a1be59a68572025efce928b3bdbc3aa75381	Traeff et al. source (no licence; referenced by commit)
companion/results/rescope/hex-modal-mg-damping-control-20260923/author-03/figures/cg_running_time.png	68584	c41c1e7642b47c7940ffa260dc118102c0fd3a6f4dd35869ac805fd1382a6096	Traeff et al. source (no licence; referenced by commit)
companion/results/rescope/hex-modal-mg-damping-control-20260923/author-03/figures/result.pdf	526621	8dc19606ca90812c16a3335ad5f215afc7dc34a06ef3576e6fc087bbe28cae0c	Traeff et al. source (no licence; referenced by commit)
companion/results/rescope/hex-modal-mg-damping-control-20260923/author-03/figures/result.png	253296	d3d35d896acfdd771a928019a95ef60573002f889af978ff564f73bf4c839c86	Traeff et al. source (no licence; referenced by commit)
companion/results/rescope/hex-modal-mg-damping-control-20260923/author-03/figures/running_time.png	66970	d053132b0437c3507225234c9a101d98ef67a9f38234af6c6c824b691d438ad1	Traeff et al. source (no licence; referenced by commit)
companion/results/rescope/hex-modal-mg-damping-control-20260923/author-03/figures/speedup.png	19178	f4165d6f20b03408f22c6c6a381dbeb096a4d03090f30ad085d536b22b907be8	Traeff et al. source (no licence; referenced by commit)
companion/results/rescope/hex-modal-mg-damping-control-20260923/author-03/gpu_definitions.c	5871	8d746b6db168d907a2419d92c4826eeec12a3a28505a6e294f21785030d75e08	Traeff et al. source (no licence; referenced by commit)
companion/results/rescope/hex-modal-mg-damping-control-20260923/author-03/gpu_definitions.h	1632	1eac8c2ee4878ab2a8130a8ef6244bd45bfeacce243216c497a37313db36aaf2	Traeff et al. source (no licence; referenced by commit)
companion/results/rescope/hex-modal-mg-damping-control-20260923/author-03/local_matrix.c	9240	2b3ad6d3c38f7ef9ac9f522f68f91ec41d0fd2fc27f6313a7bd9da303dd246e0	Traeff et al. source (no licence; referenced by commit)
companion/results/rescope/hex-modal-mg-damping-control-20260923/author-03/local_matrix.h	686	45eb53f8b72b3217c4e29fcf5ee9a5893fe39cbb4eb27635ee7622bef5110943	Traeff et al. source (no licence; referenced by commit)
companion/results/rescope/hex-modal-mg-damping-control-20260923/author-03/plot_timings.m	5784	94f26919937d28b7d19186b9124e83fc4e03812d8e3c751e47ce04e7cde037a9	Traeff et al. source (no licence; referenced by commit)
companion/results/rescope/hex-modal-mg-damping-control-20260923/author-03/setup_gbar_env.sh	217	25e4ef72ef9109dc379cf414c48b7afa5d68c273453e70a81b3889cfdc49e004	Traeff et al. source (no licence; referenced by commit)
companion/results/rescope/hex-modal-mg-damping-control-20260923/author-03/stencil_assembly.c	19393	98acc0a7457d2c56bd8fd9d78eb60502a43bd733b29bc58a8a741c4494a27bd0	Traeff et al. source (no licence; referenced by commit)
companion/results/rescope/hex-modal-mg-damping-control-20260923/author-03/stencil_assembly.h	1757	cd060fcac56f171b5c22008ac35024468a8c7b76e76ddfe7c1e6d61b2f011969	Traeff et al. source (no licence; referenced by commit)
companion/results/rescope/hex-modal-mg-damping-control-20260923/author-03/stencil_grid_utility.c	5208	273b7392ab131443d22e8cef9edb035c58d3148ac10ed8079e769be3755f6fec	Traeff et al. source (no licence; referenced by commit)
companion/results/rescope/hex-modal-mg-damping-control-20260923/author-03/stencil_grid_utility.h	645	913bf95287dcf30089da786be70f652af4cb6933e1f968894aac94db0e52a8a8	Traeff et al. source (no licence; referenced by commit)
companion/results/rescope/hex-modal-mg-damping-control-20260923/author-03/stencil_methods.c	43730	c5d50dd54b0a9f7733c2cfd0d8b3ab9f0d2673d9adef9d64276fcf32b6e9ab40	Traeff et al. source (no licence; referenced by commit)
companion/results/rescope/hex-modal-mg-damping-control-20260923/author-03/stencil_methods.h	7245	c4d669b0a2deddcc89dc1734aed153faca5cd6d5b644f6d5507fab6d4770d42e	Traeff et al. source (no licence; referenced by commit)
companion/results/rescope/hex-modal-mg-damping-control-20260923/author-03/stencil_optimization.c	20956	6289f3d275e362fc950e5308aa7c45e15d4b67098e2d1b956c27cd6395b5fd4e	Traeff et al. source (no licence; referenced by commit)
companion/results/rescope/hex-modal-mg-damping-control-20260923/author-03/stencil_optimization.h	969	b502a4b8d8a87a67e9b379c0604697301daf5b20956260cdefe6df721787a950	Traeff et al. source (no licence; referenced by commit)
companion/results/rescope/hex-modal-mg-damping-control-20260923/author-03/stencil_solvers.c	16800	1b25210c687c3fdd3880128ae5b79ea0d5be2f9bc0bf537573c403a53d05f00b	Traeff et al. source (no licence; referenced by commit)
companion/results/rescope/hex-modal-mg-damping-control-20260923/author-03/stencil_solvers.h	2413	d684244af5fa307b10e136bfd03b79c76f5d51240b4a6ca7045d5c07928e2726	Traeff et al. source (no licence; referenced by commit)
companion/results/rescope/hex-modal-mg-damping-control-20260923/author-03/stencil_utility.h	2673	f176775e30c170c6ef2d335aab5ff54394b6d07eef1ec4c9cfbc1a7bba7e086a	Traeff et al. source (no licence; referenced by commit)
companion/results/rescope/hex-modal-mg-damping-control-20260923/author-03/top3d.c	2203	f55a9c8b140fec14eaa06774d967ef6f3954b88cc900be62e63fba485db0726a	Traeff et al. source (no licence; referenced by commit)
companion/results/rescope/hex-modal-mg-damping-control-20260923/author-03/top3dmgcg_matrixfree.m	24180	511813f97d72c12a125c3daacee442996b80437acf51dfd036d6df60da1e0c9d	Traeff et al. source (no licence; referenced by commit)
companion/results/rescope/hex-modal-mg-damping-control-20260923/author-03/top3dmgcg_reference.m	10448	cafde6ba35a957eee84cf7d6c7661aab5c222f188a5943eaf62b5a6c8e7048aa	Traeff et al. source (no licence; referenced by commit)
companion/results/rescope/hex-modal-mg-damping-control-20260923/author/.gitignore	60	4c3d21ad0bb15cedbbf835ad6612e143422346252b909744b36106fa2d14bdc4	Traeff et al. source (no licence; referenced by commit)
companion/results/rescope/hex-modal-mg-damping-control-20260923/author/Makefile	1055	88dfaeeb11da2029cd54d6524bfda595d5691b2e0e8a0869d00559359839e21e	Traeff et al. source (no licence; referenced by commit)
companion/results/rescope/hex-modal-mg-damping-control-20260923/author/README.md	4295	6738e36aa617d25dfe8be740717907f1cec606a0ab37f6475462072336776682	Traeff et al. source (no licence; referenced by commit)
companion/results/rescope/hex-modal-mg-damping-control-20260923/author/definitions.h	1144	f46b7f411de515bcf826891f15b6a1be59a68572025efce928b3bdbc3aa75381	Traeff et al. source (no licence; referenced by commit)
companion/results/rescope/hex-modal-mg-damping-control-20260923/author/figures/cg_running_time.png	68584	c41c1e7642b47c7940ffa260dc118102c0fd3a6f4dd35869ac805fd1382a6096	Traeff et al. source (no licence; referenced by commit)
companion/results/rescope/hex-modal-mg-damping-control-20260923/author/figures/result.pdf	526621	8dc19606ca90812c16a3335ad5f215afc7dc34a06ef3576e6fc087bbe28cae0c	Traeff et al. source (no licence; referenced by commit)
companion/results/rescope/hex-modal-mg-damping-control-20260923/author/figures/result.png	253296	d3d35d896acfdd771a928019a95ef60573002f889af978ff564f73bf4c839c86	Traeff et al. source (no licence; referenced by commit)
companion/results/rescope/hex-modal-mg-damping-control-20260923/author/figures/running_time.png	66970	d053132b0437c3507225234c9a101d98ef67a9f38234af6c6c824b691d438ad1	Traeff et al. source (no licence; referenced by commit)
companion/results/rescope/hex-modal-mg-damping-control-20260923/author/figures/speedup.png	19178	f4165d6f20b03408f22c6c6a381dbeb096a4d03090f30ad085d536b22b907be8	Traeff et al. source (no licence; referenced by commit)
companion/results/rescope/hex-modal-mg-damping-control-20260923/author/gpu_definitions.c	5871	8d746b6db168d907a2419d92c4826eeec12a3a28505a6e294f21785030d75e08	Traeff et al. source (no licence; referenced by commit)
companion/results/rescope/hex-modal-mg-damping-control-20260923/author/gpu_definitions.h	1632	1eac8c2ee4878ab2a8130a8ef6244bd45bfeacce243216c497a37313db36aaf2	Traeff et al. source (no licence; referenced by commit)
companion/results/rescope/hex-modal-mg-damping-control-20260923/author/local_matrix.c	9240	2b3ad6d3c38f7ef9ac9f522f68f91ec41d0fd2fc27f6313a7bd9da303dd246e0	Traeff et al. source (no licence; referenced by commit)
companion/results/rescope/hex-modal-mg-damping-control-20260923/author/local_matrix.h	686	45eb53f8b72b3217c4e29fcf5ee9a5893fe39cbb4eb27635ee7622bef5110943	Traeff et al. source (no licence; referenced by commit)
companion/results/rescope/hex-modal-mg-damping-control-20260923/author/plot_timings.m	5784	94f26919937d28b7d19186b9124e83fc4e03812d8e3c751e47ce04e7cde037a9	Traeff et al. source (no licence; referenced by commit)
companion/results/rescope/hex-modal-mg-damping-control-20260923/author/setup_gbar_env.sh	217	25e4ef72ef9109dc379cf414c48b7afa5d68c273453e70a81b3889cfdc49e004	Traeff et al. source (no licence; referenced by commit)
companion/results/rescope/hex-modal-mg-damping-control-20260923/author/stencil_assembly.c	19393	98acc0a7457d2c56bd8fd9d78eb60502a43bd733b29bc58a8a741c4494a27bd0	Traeff et al. source (no licence; referenced by commit)
companion/results/rescope/hex-modal-mg-damping-control-20260923/author/stencil_assembly.h	1757	cd060fcac56f171b5c22008ac35024468a8c7b76e76ddfe7c1e6d61b2f011969	Traeff et al. source (no licence; referenced by commit)
companion/results/rescope/hex-modal-mg-damping-control-20260923/author/stencil_grid_utility.c	5208	273b7392ab131443d22e8cef9edb035c58d3148ac10ed8079e769be3755f6fec	Traeff et al. source (no licence; referenced by commit)
companion/results/rescope/hex-modal-mg-damping-control-20260923/author/stencil_grid_utility.h	645	913bf95287dcf30089da786be70f652af4cb6933e1f968894aac94db0e52a8a8	Traeff et al. source (no licence; referenced by commit)
companion/results/rescope/hex-modal-mg-damping-control-20260923/author/stencil_methods.c	43730	c5d50dd54b0a9f7733c2cfd0d8b3ab9f0d2673d9adef9d64276fcf32b6e9ab40	Traeff et al. source (no licence; referenced by commit)
companion/results/rescope/hex-modal-mg-damping-control-20260923/author/stencil_methods.h	7245	c4d669b0a2deddcc89dc1734aed153faca5cd6d5b644f6d5507fab6d4770d42e	Traeff et al. source (no licence; referenced by commit)
companion/results/rescope/hex-modal-mg-damping-control-20260923/author/stencil_optimization.c	20956	6289f3d275e362fc950e5308aa7c45e15d4b67098e2d1b956c27cd6395b5fd4e	Traeff et al. source (no licence; referenced by commit)
companion/results/rescope/hex-modal-mg-damping-control-20260923/author/stencil_optimization.h	969	b502a4b8d8a87a67e9b379c0604697301daf5b20956260cdefe6df721787a950	Traeff et al. source (no licence; referenced by commit)
companion/results/rescope/hex-modal-mg-damping-control-20260923/author/stencil_solvers.c	16800	1b25210c687c3fdd3880128ae5b79ea0d5be2f9bc0bf537573c403a53d05f00b	Traeff et al. source (no licence; referenced by commit)
companion/results/rescope/hex-modal-mg-damping-control-20260923/author/stencil_solvers.h	2413	d684244af5fa307b10e136bfd03b79c76f5d51240b4a6ca7045d5c07928e2726	Traeff et al. source (no licence; referenced by commit)
companion/results/rescope/hex-modal-mg-damping-control-20260923/author/stencil_utility.h	2673	f176775e30c170c6ef2d335aab5ff54394b6d07eef1ec4c9cfbc1a7bba7e086a	Traeff et al. source (no licence; referenced by commit)
companion/results/rescope/hex-modal-mg-damping-control-20260923/author/top3d.c	2203	f55a9c8b140fec14eaa06774d967ef6f3954b88cc900be62e63fba485db0726a	Traeff et al. source (no licence; referenced by commit)
companion/results/rescope/hex-modal-mg-damping-control-20260923/author/top3dmgcg_matrixfree.m	24180	511813f97d72c12a125c3daacee442996b80437acf51dfd036d6df60da1e0c9d	Traeff et al. source (no licence; referenced by commit)
companion/results/rescope/hex-modal-mg-damping-control-20260923/author/top3dmgcg_reference.m	10448	cafde6ba35a957eee84cf7d6c7661aab5c222f188a5943eaf62b5a6c8e7048aa	Traeff et al. source (no licence; referenced by commit)
companion/results/rescope/hex-modal-mg-damping-gpu-20260923/package/inputs/force.f64	13080600	96a8039be5f77fbcc0d5002981baab26f30bf350e41415ccad023e083536191a	byte-identical to a member of this folder's sealed archive
companion/results/rescope/hex-modal-mg-damping-gpu-20260923/package/inputs/step-007-u.f64	13080600	8d22c3a67222013ca5c5ce5b808e9350ad33780f6e0d29c083d663b246c9c674	byte-identical to a member of this folder's sealed archive
companion/results/rescope/hex-modal-mg-damping-gpu-20260923/package/inputs/step-008-rho.f64	4194304	b9c3c15225ad9a0641fdfdfff572f51ff57c6d759a490e7190dacc3c548188f0	byte-identical to a member of this folder's sealed archive
companion/results/rescope/hex-modal-mg-damping-gpu-20260923/package/inputs/step-008-u.f64	13080600	855fea3f58c77667c89091bed2c4c1aa588afcf640bca5550f82d58dc6380db6	byte-identical to a member of this folder's sealed archive
companion/results/rescope/hex-modal-mg-damping-gpu-20260923/package/inputs/step-009-rho.f64	4194304	4b5495c4353cdac81463f43a6f90a0de82598f607285c59234dc9bcdcd78b622	byte-identical to a member of this folder's sealed archive
companion/results/rescope/hex-modal-mg-damping-gpu-20260923/package/source/adapted/.gitignore	60	4c3d21ad0bb15cedbbf835ad6612e143422346252b909744b36106fa2d14bdc4	Traeff et al. source (no licence; referenced by commit)
companion/results/rescope/hex-modal-mg-damping-gpu-20260923/package/source/adapted/Makefile	1055	88dfaeeb11da2029cd54d6524bfda595d5691b2e0e8a0869d00559359839e21e	Traeff et al. source (no licence; referenced by commit)
companion/results/rescope/hex-modal-mg-damping-gpu-20260923/package/source/adapted/README.md	4295	6738e36aa617d25dfe8be740717907f1cec606a0ab37f6475462072336776682	Traeff et al. source (no licence; referenced by commit)
companion/results/rescope/hex-modal-mg-damping-gpu-20260923/package/source/adapted/definitions.h	1144	f46b7f411de515bcf826891f15b6a1be59a68572025efce928b3bdbc3aa75381	Traeff et al. source (no licence; referenced by commit)
companion/results/rescope/hex-modal-mg-damping-gpu-20260923/package/source/adapted/figures/cg_running_time.png	68584	c41c1e7642b47c7940ffa260dc118102c0fd3a6f4dd35869ac805fd1382a6096	Traeff et al. source (no licence; referenced by commit)
companion/results/rescope/hex-modal-mg-damping-gpu-20260923/package/source/adapted/figures/result.pdf	526621	8dc19606ca90812c16a3335ad5f215afc7dc34a06ef3576e6fc087bbe28cae0c	Traeff et al. source (no licence; referenced by commit)
companion/results/rescope/hex-modal-mg-damping-gpu-20260923/package/source/adapted/figures/result.png	253296	d3d35d896acfdd771a928019a95ef60573002f889af978ff564f73bf4c839c86	Traeff et al. source (no licence; referenced by commit)
companion/results/rescope/hex-modal-mg-damping-gpu-20260923/package/source/adapted/figures/running_time.png	66970	d053132b0437c3507225234c9a101d98ef67a9f38234af6c6c824b691d438ad1	Traeff et al. source (no licence; referenced by commit)
companion/results/rescope/hex-modal-mg-damping-gpu-20260923/package/source/adapted/figures/speedup.png	19178	f4165d6f20b03408f22c6c6a381dbeb096a4d03090f30ad085d536b22b907be8	Traeff et al. source (no licence; referenced by commit)
companion/results/rescope/hex-modal-mg-damping-gpu-20260923/package/source/adapted/gpu_definitions.c	5871	8d746b6db168d907a2419d92c4826eeec12a3a28505a6e294f21785030d75e08	Traeff et al. source (no licence; referenced by commit)
companion/results/rescope/hex-modal-mg-damping-gpu-20260923/package/source/adapted/gpu_definitions.h	1632	1eac8c2ee4878ab2a8130a8ef6244bd45bfeacce243216c497a37313db36aaf2	Traeff et al. source (no licence; referenced by commit)
companion/results/rescope/hex-modal-mg-damping-gpu-20260923/package/source/adapted/local_matrix.c	9240	2b3ad6d3c38f7ef9ac9f522f68f91ec41d0fd2fc27f6313a7bd9da303dd246e0	Traeff et al. source (no licence; referenced by commit)
companion/results/rescope/hex-modal-mg-damping-gpu-20260923/package/source/adapted/local_matrix.h	686	45eb53f8b72b3217c4e29fcf5ee9a5893fe39cbb4eb27635ee7622bef5110943	Traeff et al. source (no licence; referenced by commit)
companion/results/rescope/hex-modal-mg-damping-gpu-20260923/package/source/adapted/plot_timings.m	5784	94f26919937d28b7d19186b9124e83fc4e03812d8e3c751e47ce04e7cde037a9	Traeff et al. source (no licence; referenced by commit)
companion/results/rescope/hex-modal-mg-damping-gpu-20260923/package/source/adapted/setup_gbar_env.sh	217	25e4ef72ef9109dc379cf414c48b7afa5d68c273453e70a81b3889cfdc49e004	Traeff et al. source (no licence; referenced by commit)
companion/results/rescope/hex-modal-mg-damping-gpu-20260923/package/source/adapted/stencil_assembly.c	19393	98acc0a7457d2c56bd8fd9d78eb60502a43bd733b29bc58a8a741c4494a27bd0	Traeff et al. source (no licence; referenced by commit)
companion/results/rescope/hex-modal-mg-damping-gpu-20260923/package/source/adapted/stencil_assembly.h	1757	cd060fcac56f171b5c22008ac35024468a8c7b76e76ddfe7c1e6d61b2f011969	Traeff et al. source (no licence; referenced by commit)
companion/results/rescope/hex-modal-mg-damping-gpu-20260923/package/source/adapted/stencil_grid_utility.c	5208	273b7392ab131443d22e8cef9edb035c58d3148ac10ed8079e769be3755f6fec	Traeff et al. source (no licence; referenced by commit)
companion/results/rescope/hex-modal-mg-damping-gpu-20260923/package/source/adapted/stencil_grid_utility.h	645	913bf95287dcf30089da786be70f652af4cb6933e1f968894aac94db0e52a8a8	Traeff et al. source (no licence; referenced by commit)
companion/results/rescope/hex-modal-mg-damping-gpu-20260923/package/source/adapted/stencil_methods.c	43730	c5d50dd54b0a9f7733c2cfd0d8b3ab9f0d2673d9adef9d64276fcf32b6e9ab40	Traeff et al. source (no licence; referenced by commit)
companion/results/rescope/hex-modal-mg-damping-gpu-20260923/package/source/adapted/stencil_methods.h	7245	c4d669b0a2deddcc89dc1734aed153faca5cd6d5b644f6d5507fab6d4770d42e	Traeff et al. source (no licence; referenced by commit)
companion/results/rescope/hex-modal-mg-damping-gpu-20260923/package/source/adapted/stencil_optimization.c	20956	6289f3d275e362fc950e5308aa7c45e15d4b67098e2d1b956c27cd6395b5fd4e	Traeff et al. source (no licence; referenced by commit)
companion/results/rescope/hex-modal-mg-damping-gpu-20260923/package/source/adapted/stencil_optimization.h	969	b502a4b8d8a87a67e9b379c0604697301daf5b20956260cdefe6df721787a950	Traeff et al. source (no licence; referenced by commit)
companion/results/rescope/hex-modal-mg-damping-gpu-20260923/package/source/adapted/stencil_solvers.c	16800	1b25210c687c3fdd3880128ae5b79ea0d5be2f9bc0bf537573c403a53d05f00b	Traeff et al. source (no licence; referenced by commit)
companion/results/rescope/hex-modal-mg-damping-gpu-20260923/package/source/adapted/stencil_solvers.h	2413	d684244af5fa307b10e136bfd03b79c76f5d51240b4a6ca7045d5c07928e2726	Traeff et al. source (no licence; referenced by commit)
companion/results/rescope/hex-modal-mg-damping-gpu-20260923/package/source/adapted/stencil_utility.h	2673	f176775e30c170c6ef2d335aab5ff54394b6d07eef1ec4c9cfbc1a7bba7e086a	Traeff et al. source (no licence; referenced by commit)
companion/results/rescope/hex-modal-mg-damping-gpu-20260923/package/source/adapted/top3d.c	2203	f55a9c8b140fec14eaa06774d967ef6f3954b88cc900be62e63fba485db0726a	Traeff et al. source (no licence; referenced by commit)
companion/results/rescope/hex-modal-mg-damping-gpu-20260923/package/source/adapted/top3dmgcg_matrixfree.m	24180	511813f97d72c12a125c3daacee442996b80437acf51dfd036d6df60da1e0c9d	Traeff et al. source (no licence; referenced by commit)
companion/results/rescope/hex-modal-mg-damping-gpu-20260923/package/source/adapted/top3dmgcg_reference.m	10448	cafde6ba35a957eee84cf7d6c7661aab5c222f188a5943eaf62b5a6c8e7048aa	Traeff et al. source (no licence; referenced by commit)
companion/results/rescope/hex-modal-mg-damping-gpu-20260923/preflight/scaled-state/step-001-force.f64	13080600	96a8039be5f77fbcc0d5002981baab26f30bf350e41415ccad023e083536191a	byte-identical to a member of this folder's sealed archive
companion/results/rescope/hex-modal-mg-damping-gpu-20260923/preflight/scaled-state/step-001-probe.f64	13080600	51c9e13abbae14d546855989efef261d700c584fda534548bbe84ddc65a57b07	byte-identical to a member of this folder's sealed archive
companion/results/rescope/hex-modal-mg-damping-gpu-20260923/rental-01/create-response.json	140	1ba5eda354f0983c1733b34b931bb35e1c80ae2fbb3dddf76b00005336ddac48	published with the per-instance API key replaced by REDACTED
companion/results/rescope/hex-modal-mg-damping-gpu-20260923/rental-01/remote/inputs/force.f64	13080600	96a8039be5f77fbcc0d5002981baab26f30bf350e41415ccad023e083536191a	byte-identical to a member of this folder's sealed archive
companion/results/rescope/hex-modal-mg-damping-gpu-20260923/rental-01/remote/inputs/step-007-u.f64	13080600	8d22c3a67222013ca5c5ce5b808e9350ad33780f6e0d29c083d663b246c9c674	byte-identical to a member of this folder's sealed archive
companion/results/rescope/hex-modal-mg-damping-gpu-20260923/rental-01/remote/inputs/step-008-rho.f64	4194304	b9c3c15225ad9a0641fdfdfff572f51ff57c6d759a490e7190dacc3c548188f0	byte-identical to a member of this folder's sealed archive
companion/results/rescope/hex-modal-mg-damping-gpu-20260923/rental-01/remote/inputs/step-008-u.f64	13080600	855fea3f58c77667c89091bed2c4c1aa588afcf640bca5550f82d58dc6380db6	byte-identical to a member of this folder's sealed archive
companion/results/rescope/hex-modal-mg-damping-gpu-20260923/rental-01/remote/inputs/step-009-rho.f64	4194304	4b5495c4353cdac81463f43a6f90a0de82598f607285c59234dc9bcdcd78b622	byte-identical to a member of this folder's sealed archive
companion/results/rescope/hex-modal-mg-damping-gpu-20260923/rental-01/remote/run-01/state8-warm-certified-dense8-r0/step-001-coarse-cached-invdiag.f64	1698840	509b1078952d55becbc1f24aa02cce3dfe0d28d62c0081c380962a45c6cafdec	byte-identical to a member of this folder's sealed archive
companion/results/rescope/hex-modal-mg-damping-gpu-20260923/rental-01/remote/run-01/state8-warm-certified-dense8-r0/step-001-coarse-cached.f64	1698840	5f4c0b49fd5b7c0326894d98ab021da6fdf85ab8f0d24a91b8d04a0d46282609	byte-identical to a member of this folder's sealed archive
companion/results/rescope/hex-modal-mg-damping-gpu-20260923/rental-01/remote/run-01/state8-warm-certified-dense8-r0/step-001-coarse-probe.f64	1698840	db62a3abb932d109c80bf8d94ca32a85ef1a2fefadba199a810c179870dee01c	byte-identical to a member of this folder's sealed archive
companion/results/rescope/hex-modal-mg-damping-gpu-20260923/rental-01/remote/run-01/state8-warm-certified-dense8-r0/step-001-coarse-source-invdiag.f64	1698840	7ac3d0cf7bb610e107ef6e7ad2b0ba6371eb06c1d140e092bd992c7c43c2fe6c	byte-identical to a member of this folder's sealed archive
companion/results/rescope/hex-modal-mg-damping-gpu-20260923/rental-01/remote/run-01/state8-warm-certified-dense8-r0/step-001-coarse-source.f64	1698840	4b2ff711ad5973237211dc53310e110bf97b8191c371e12e9b9191e2d7d31f34	byte-identical to a member of this folder's sealed archive
companion/results/rescope/hex-modal-mg-damping-gpu-20260923/rental-01/remote/run-01/state8-warm-certified-dense8-r0/step-001-coarse-wrong-boundary.f64	1698840	4a1af008adcbf1c573a9d47d07d1fd0fc4f3e9e1bac131a6e4102d193db0d024	byte-identical to a member of this folder's sealed archive
companion/results/rescope/hex-modal-mg-damping-gpu-20260923/rental-01/remote/run-01/state8-warm-certified-dense8-r0/step-001-coarse-wrong-coefficient.f64	1698840	728f0c5c5bfd092c62b27e4eca7422adf6b205df36338659d297e35029ed775d	byte-identical to a member of this folder's sealed archive
companion/results/rescope/hex-modal-mg-damping-gpu-20260923/rental-01/remote/run-01/state8-warm-certified-dense8-r0/step-001-dense8-product.f64	13080600	6dad388593abfc38265378e9bd4b5eae0603abb6f837025f85b0fb26f8e5634d	byte-identical to a member of this folder's sealed archive
companion/results/rescope/hex-modal-mg-damping-gpu-20260923/rental-01/remote/run-01/state8-warm-certified-dense8-r0/step-001-force.f64	13080600	96a8039be5f77fbcc0d5002981baab26f30bf350e41415ccad023e083536191a	byte-identical to a member of this folder's sealed archive
companion/results/rescope/hex-modal-mg-damping-gpu-20260923/rental-01/remote/run-01/state8-warm-certified-dense8-r0/step-001-modal-product.f64	13080600	a76ea8984e2d15271d7f3ebc01ca37a334f97da38eeea6c1cc75758e33f79a56	byte-identical to a member of this folder's sealed archive
companion/results/rescope/hex-modal-mg-damping-gpu-20260923/rental-01/remote/run-01/state8-warm-certified-dense8-r0/step-001-probe.f64	13080600	51c9e13abbae14d546855989efef261d700c584fda534548bbe84ddc65a57b07	byte-identical to a member of this folder's sealed archive
companion/results/rescope/hex-modal-mg-damping-gpu-20260923/rental-01/remote/run-01/state8-warm-certified-dense8-r0/step-001-rho.f64	4194304	b9c3c15225ad9a0641fdfdfff572f51ff57c6d759a490e7190dacc3c548188f0	byte-identical to a member of this folder's sealed archive
companion/results/rescope/hex-modal-mg-damping-gpu-20260923/rental-01/remote/run-01/state8-warm-certified-dense8-r0/step-001-source-product.f64	13080600	d2c3fc7493819e70da913c580f9121774e279fd004645304d03fa98123877bf2	byte-identical to a member of this folder's sealed archive
companion/results/rescope/hex-modal-mg-damping-gpu-20260923/rental-01/remote/run-01/state8-warm-certified-dense8-r0/step-001-u-after.f64	13080600	600440b9b8e0a37d4f32c00a0d55c6c3c194bbc158c7abbcd04e4db451967378	byte-identical to a member of this folder's sealed archive
companion/results/rescope/hex-modal-mg-damping-gpu-20260923/rental-01/remote/run-01/state8-warm-certified-dense8-r0/step-001-u-before.f64	13080600	8d22c3a67222013ca5c5ce5b808e9350ad33780f6e0d29c083d663b246c9c674	byte-identical to a member of this folder's sealed archive
companion/results/rescope/hex-modal-mg-damping-gpu-20260923/rental-01/remote/run-01/state8-warm-certified-dense8-r0/step-001-u-unprojected.f64	13080600	600440b9b8e0a37d4f32c00a0d55c6c3c194bbc158c7abbcd04e4db451967378	byte-identical to a member of this folder's sealed archive
companion/results/rescope/hex-modal-mg-damping-gpu-20260923/rental-01/remote/run-01/state8-warm-certified-dense8-r0/step-001-wrong-boundary-product.f64	13080600	66e81ab651045dea51ed744db6ec33969440354c1929abd2a1d2fec76ea5ba07	byte-identical to a member of this folder's sealed archive
companion/results/rescope/hex-modal-mg-damping-gpu-20260923/rental-01/remote/run-01/state8-warm-certified-dense8-r0/step-001-wrong-product.f64	13080600	b7f82752a2781c160c30da26381678f9c49c1c6e9c8dd91ac14b66dceafe3cca	byte-identical to a member of this folder's sealed archive
companion/results/rescope/hex-modal-mg-damping-gpu-20260923/rental-01/remote/run-01/state8-warm-certified-modal8-r0/step-001-coarse-cached-invdiag.f64	1698840	509b1078952d55becbc1f24aa02cce3dfe0d28d62c0081c380962a45c6cafdec	byte-identical to a member of this folder's sealed archive
companion/results/rescope/hex-modal-mg-damping-gpu-20260923/rental-01/remote/run-01/state8-warm-certified-modal8-r0/step-001-coarse-cached.f64	1698840	5f4c0b49fd5b7c0326894d98ab021da6fdf85ab8f0d24a91b8d04a0d46282609	byte-identical to a member of this folder's sealed archive
companion/results/rescope/hex-modal-mg-damping-gpu-20260923/rental-01/remote/run-01/state8-warm-certified-modal8-r0/step-001-coarse-probe.f64	1698840	db62a3abb932d109c80bf8d94ca32a85ef1a2fefadba199a810c179870dee01c	byte-identical to a member of this folder's sealed archive
companion/results/rescope/hex-modal-mg-damping-gpu-20260923/rental-01/remote/run-01/state8-warm-certified-modal8-r0/step-001-coarse-source-invdiag.f64	1698840	05d6db43e741538c857fa9e96092a96331a03a656e7ca3903f193515f062f837	byte-identical to a member of this folder's sealed archive
companion/results/rescope/hex-modal-mg-damping-gpu-20260923/rental-01/remote/run-01/state8-warm-certified-modal8-r0/step-001-coarse-source.f64	1698840	4b2ff711ad5973237211dc53310e110bf97b8191c371e12e9b9191e2d7d31f34	byte-identical to a member of this folder's sealed archive
companion/results/rescope/hex-modal-mg-damping-gpu-20260923/rental-01/remote/run-01/state8-warm-certified-modal8-r0/step-001-coarse-wrong-boundary.f64	1698840	4a1af008adcbf1c573a9d47d07d1fd0fc4f3e9e1bac131a6e4102d193db0d024	byte-identical to a member of this folder's sealed archive
companion/results/rescope/hex-modal-mg-damping-gpu-20260923/rental-01/remote/run-01/state8-warm-certified-modal8-r0/step-001-coarse-wrong-coefficient.f64	1698840	728f0c5c5bfd092c62b27e4eca7422adf6b205df36338659d297e35029ed775d	byte-identical to a member of this folder's sealed archive
companion/results/rescope/hex-modal-mg-damping-gpu-20260923/rental-01/remote/run-01/state8-warm-certified-modal8-r0/step-001-dense8-product.f64	13080600	02438fca8b8c071561d0500eb83edbd4651c5f661ebda2cceb22baee88cbde14	byte-identical to a member of this folder's sealed archive
companion/results/rescope/hex-modal-mg-damping-gpu-20260923/rental-01/remote/run-01/state8-warm-certified-modal8-r0/step-001-force.f64	13080600	96a8039be5f77fbcc0d5002981baab26f30bf350e41415ccad023e083536191a	byte-identical to a member of this folder's sealed archive
companion/results/rescope/hex-modal-mg-damping-gpu-20260923/rental-01/remote/run-01/state8-warm-certified-modal8-r0/step-001-modal-product.f64	13080600	5ba1fc7e1d6f1586cdff30ecaccc65721fa6f7b1d69c1547cc66bcc4dd2f8759	byte-identical to a member of this folder's sealed archive
companion/results/rescope/hex-modal-mg-damping-gpu-20260923/rental-01/remote/run-01/state8-warm-certified-modal8-r0/step-001-probe.f64	13080600	51c9e13abbae14d546855989efef261d700c584fda534548bbe84ddc65a57b07	byte-identical to a member of this folder's sealed archive
companion/results/rescope/hex-modal-mg-damping-gpu-20260923/rental-01/remote/run-01/state8-warm-certified-modal8-r0/step-001-rho.f64	4194304	b9c3c15225ad9a0641fdfdfff572f51ff57c6d759a490e7190dacc3c548188f0	byte-identical to a member of this folder's sealed archive
companion/results/rescope/hex-modal-mg-damping-gpu-20260923/rental-01/remote/run-01/state8-warm-certified-modal8-r0/step-001-source-product.f64	13080600	d2c3fc7493819e70da913c580f9121774e279fd004645304d03fa98123877bf2	byte-identical to a member of this folder's sealed archive
companion/results/rescope/hex-modal-mg-damping-gpu-20260923/rental-01/remote/run-01/state8-warm-certified-modal8-r0/step-001-u-after.f64	13080600	ac1c65f3dc0277920c3677d16b7d8e183db14a45d72a2887004b8f16ff4eed0b	byte-identical to a member of this folder's sealed archive
companion/results/rescope/hex-modal-mg-damping-gpu-20260923/rental-01/remote/run-01/state8-warm-certified-modal8-r0/step-001-u-before.f64	13080600	8d22c3a67222013ca5c5ce5b808e9350ad33780f6e0d29c083d663b246c9c674	byte-identical to a member of this folder's sealed archive
companion/results/rescope/hex-modal-mg-damping-gpu-20260923/rental-01/remote/run-01/state8-warm-certified-modal8-r0/step-001-u-unprojected.f64	13080600	ac1c65f3dc0277920c3677d16b7d8e183db14a45d72a2887004b8f16ff4eed0b	byte-identical to a member of this folder's sealed archive
companion/results/rescope/hex-modal-mg-damping-gpu-20260923/rental-01/remote/run-01/state8-warm-certified-modal8-r0/step-001-wrong-boundary-product.f64	13080600	af545e3b00c15112e0abedc1b685da311aca43f76d036e40b6cd7b6f267b49b7	byte-identical to a member of this folder's sealed archive
companion/results/rescope/hex-modal-mg-damping-gpu-20260923/rental-01/remote/run-01/state8-warm-certified-modal8-r0/step-001-wrong-product.f64	13080600	7bffb495c1bf9cbbeb2603b413182d9cccec5b4fef39bece9302bc2d6cb3730f	byte-identical to a member of this folder's sealed archive
companion/results/rescope/hex-modal-mg-damping-gpu-20260923/rental-01/remote/run-01/state8-warm-certified-source-r0/step-001-coarse-cached-invdiag.f64	1698840	509b1078952d55becbc1f24aa02cce3dfe0d28d62c0081c380962a45c6cafdec	byte-identical to a member of this folder's sealed archive
companion/results/rescope/hex-modal-mg-damping-gpu-20260923/rental-01/remote/run-01/state8-warm-certified-source-r0/step-001-coarse-cached.f64	1698840	5f4c0b49fd5b7c0326894d98ab021da6fdf85ab8f0d24a91b8d04a0d46282609	byte-identical to a member of this folder's sealed archive
companion/results/rescope/hex-modal-mg-damping-gpu-20260923/rental-01/remote/run-01/state8-warm-certified-source-r0/step-001-coarse-probe.f64	1698840	db62a3abb932d109c80bf8d94ca32a85ef1a2fefadba199a810c179870dee01c	byte-identical to a member of this folder's sealed archive
companion/results/rescope/hex-modal-mg-damping-gpu-20260923/rental-01/remote/run-01/state8-warm-certified-source-r0/step-001-coarse-source-invdiag.f64	1698840	d36f1259d0db14ff9d01fc0868ac68d46d8f94085411f65a9d2178ac8098df4b	byte-identical to a member of this folder's sealed archive
companion/results/rescope/hex-modal-mg-damping-gpu-20260923/rental-01/remote/run-01/state8-warm-certified-source-r0/step-001-coarse-source.f64	1698840	4b2ff711ad5973237211dc53310e110bf97b8191c371e12e9b9191e2d7d31f34	byte-identical to a member of this folder's sealed archive
companion/results/rescope/hex-modal-mg-damping-gpu-20260923/rental-01/remote/run-01/state8-warm-certified-source-r0/step-001-coarse-wrong-boundary.f64	1698840	4a1af008adcbf1c573a9d47d07d1fd0fc4f3e9e1bac131a6e4102d193db0d024	byte-identical to a member of this folder's sealed archive
companion/results/rescope/hex-modal-mg-damping-gpu-20260923/rental-01/remote/run-01/state8-warm-certified-source-r0/step-001-coarse-wrong-coefficient.f64	1698840	728f0c5c5bfd092c62b27e4eca7422adf6b205df36338659d297e35029ed775d	byte-identical to a member of this folder's sealed archive
companion/results/rescope/hex-modal-mg-damping-gpu-20260923/rental-01/remote/run-01/state8-warm-certified-source-r0/step-001-dense8-product.f64	13080600	0b1567897d1bf4f7367b264dfe54d06e9bc675fe3614a83e6883aa7df263fc60	byte-identical to a member of this folder's sealed archive
companion/results/rescope/hex-modal-mg-damping-gpu-20260923/rental-01/remote/run-01/state8-warm-certified-source-r0/step-001-force.f64	13080600	96a8039be5f77fbcc0d5002981baab26f30bf350e41415ccad023e083536191a	byte-identical to a member of this folder's sealed archive
companion/results/rescope/hex-modal-mg-damping-gpu-20260923/rental-01/remote/run-01/state8-warm-certified-source-r0/step-001-modal-product.f64	13080600	a5e87fb20d2e37c5524ab05c5eccda2c1b2600154078c408a777dc2148cb5f3f	byte-identical to a member of this folder's sealed archive
companion/results/rescope/hex-modal-mg-damping-gpu-20260923/rental-01/remote/run-01/state8-warm-certified-source-r0/step-001-probe.f64	13080600	51c9e13abbae14d546855989efef261d700c584fda534548bbe84ddc65a57b07	byte-identical to a member of this folder's sealed archive
companion/results/rescope/hex-modal-mg-damping-gpu-20260923/rental-01/remote/run-01/state8-warm-certified-source-r0/step-001-rho.f64	4194304	b9c3c15225ad9a0641fdfdfff572f51ff57c6d759a490e7190dacc3c548188f0	byte-identical to a member of this folder's sealed archive
companion/results/rescope/hex-modal-mg-damping-gpu-20260923/rental-01/remote/run-01/state8-warm-certified-source-r0/step-001-source-product.f64	13080600	d2c3fc7493819e70da913c580f9121774e279fd004645304d03fa98123877bf2	byte-identical to a member of this folder's sealed archive
companion/results/rescope/hex-modal-mg-damping-gpu-20260923/rental-01/remote/run-01/state8-warm-certified-source-r0/step-001-u-after.f64	13080600	3bfe466f22427f515ef057a6702676ffc7137cf8da4cce350936055d04313f05	byte-identical to a member of this folder's sealed archive
companion/results/rescope/hex-modal-mg-damping-gpu-20260923/rental-01/remote/run-01/state8-warm-certified-source-r0/step-001-u-before.f64	13080600	8d22c3a67222013ca5c5ce5b808e9350ad33780f6e0d29c083d663b246c9c674	byte-identical to a member of this folder's sealed archive
companion/results/rescope/hex-modal-mg-damping-gpu-20260923/rental-01/remote/run-01/state8-warm-certified-source-r0/step-001-u-unprojected.f64	13080600	3bfe466f22427f515ef057a6702676ffc7137cf8da4cce350936055d04313f05	byte-identical to a member of this folder's sealed archive
companion/results/rescope/hex-modal-mg-damping-gpu-20260923/rental-01/remote/run-01/state8-warm-certified-source-r0/step-001-wrong-boundary-product.f64	13080600	a552173a46877f88d54afb6708608b8e785fa2a4e5a60a5f230cea8f525f6eb9	byte-identical to a member of this folder's sealed archive
companion/results/rescope/hex-modal-mg-damping-gpu-20260923/rental-01/remote/run-01/state8-warm-certified-source-r0/step-001-wrong-product.f64	13080600	214edf700b445218e14a4c3072fb1372baecbb1b9e0be08acbdb417fceee0cfc	byte-identical to a member of this folder's sealed archive
companion/results/rescope/hex-modal-mg-damping-gpu-20260923/rental-01/remote/run-01/state8-warm-original-dense8-r0/step-001-coarse-cached-invdiag.f64	1698840	509b1078952d55becbc1f24aa02cce3dfe0d28d62c0081c380962a45c6cafdec	byte-identical to a member of this folder's sealed archive
companion/results/rescope/hex-modal-mg-damping-gpu-20260923/rental-01/remote/run-01/state8-warm-original-dense8-r0/step-001-coarse-cached.f64	1698840	5f4c0b49fd5b7c0326894d98ab021da6fdf85ab8f0d24a91b8d04a0d46282609	byte-identical to a member of this folder's sealed archive
companion/results/rescope/hex-modal-mg-damping-gpu-20260923/rental-01/remote/run-01/state8-warm-original-dense8-r0/step-001-coarse-probe.f64	1698840	db62a3abb932d109c80bf8d94ca32a85ef1a2fefadba199a810c179870dee01c	byte-identical to a member of this folder's sealed archive
companion/results/rescope/hex-modal-mg-damping-gpu-20260923/rental-01/remote/run-01/state8-warm-original-dense8-r0/step-001-coarse-source-invdiag.f64	1698840	70cad8edf96de4b1c906241aa639dbb29026d0917783133dfe10663b0874680e	byte-identical to a member of this folder's sealed archive
companion/results/rescope/hex-modal-mg-damping-gpu-20260923/rental-01/remote/run-01/state8-warm-original-dense8-r0/step-001-coarse-source.f64	1698840	4b2ff711ad5973237211dc53310e110bf97b8191c371e12e9b9191e2d7d31f34	byte-identical to a member of this folder's sealed archive
companion/results/rescope/hex-modal-mg-damping-gpu-20260923/rental-01/remote/run-01/state8-warm-original-dense8-r0/step-001-coarse-wrong-boundary.f64	1698840	4a1af008adcbf1c573a9d47d07d1fd0fc4f3e9e1bac131a6e4102d193db0d024	byte-identical to a member of this folder's sealed archive
companion/results/rescope/hex-modal-mg-damping-gpu-20260923/rental-01/remote/run-01/state8-warm-original-dense8-r0/step-001-coarse-wrong-coefficient.f64	1698840	728f0c5c5bfd092c62b27e4eca7422adf6b205df36338659d297e35029ed775d	byte-identical to a member of this folder's sealed archive
companion/results/rescope/hex-modal-mg-damping-gpu-20260923/rental-01/remote/run-01/state8-warm-original-dense8-r0/step-001-dense8-product.f64	13080600	38f615c076b5f473f01de5d6ce143936a11219b62db21651296dcdcd878c64ab	byte-identical to a member of this folder's sealed archive
companion/results/rescope/hex-modal-mg-damping-gpu-20260923/rental-01/remote/run-01/state8-warm-original-dense8-r0/step-001-force.f64	13080600	96a8039be5f77fbcc0d5002981baab26f30bf350e41415ccad023e083536191a	byte-identical to a member of this folder's sealed archive
companion/results/rescope/hex-modal-mg-damping-gpu-20260923/rental-01/remote/run-01/state8-warm-original-dense8-r0/step-001-modal-product.f64	13080600	84bec2175a8e4dbad32773eb3f5103e94d68ab2d04e0a9ebfb99eeba4a05ee69	byte-identical to a member of this folder's sealed archive
companion/results/rescope/hex-modal-mg-damping-gpu-20260923/rental-01/remote/run-01/state8-warm-original-dense8-r0/step-001-probe.f64	13080600	51c9e13abbae14d546855989efef261d700c584fda534548bbe84ddc65a57b07	byte-identical to a member of this folder's sealed archive
companion/results/rescope/hex-modal-mg-damping-gpu-20260923/rental-01/remote/run-01/state8-warm-original-dense8-r0/step-001-rho.f64	4194304	b9c3c15225ad9a0641fdfdfff572f51ff57c6d759a490e7190dacc3c548188f0	byte-identical to a member of this folder's sealed archive
companion/results/rescope/hex-modal-mg-damping-gpu-20260923/rental-01/remote/run-01/state8-warm-original-dense8-r0/step-001-source-product.f64	13080600	d2c3fc7493819e70da913c580f9121774e279fd004645304d03fa98123877bf2	byte-identical to a member of this folder's sealed archive
companion/results/rescope/hex-modal-mg-damping-gpu-20260923/rental-01/remote/run-01/state8-warm-original-dense8-r0/step-001-u-after.f64	13080600	b5854bcf7414b529f5f3193909f76ac4cea300e234564f96f71512241b9e3bbc	byte-identical to a member of this folder's sealed archive
companion/results/rescope/hex-modal-mg-damping-gpu-20260923/rental-01/remote/run-01/state8-warm-original-dense8-r0/step-001-u-before.f64	13080600	8d22c3a67222013ca5c5ce5b808e9350ad33780f6e0d29c083d663b246c9c674	byte-identical to a member of this folder's sealed archive
companion/results/rescope/hex-modal-mg-damping-gpu-20260923/rental-01/remote/run-01/state8-warm-original-dense8-r0/step-001-u-unprojected.f64	13080600	b5854bcf7414b529f5f3193909f76ac4cea300e234564f96f71512241b9e3bbc	byte-identical to a member of this folder's sealed archive
companion/results/rescope/hex-modal-mg-damping-gpu-20260923/rental-01/remote/run-01/state8-warm-original-dense8-r0/step-001-wrong-boundary-product.f64	13080600	7561f6fa5c360d985b9f6ea4393b631132d05d6a6bc2383f8002eac86f6b83a0	byte-identical to a member of this folder's sealed archive
companion/results/rescope/hex-modal-mg-damping-gpu-20260923/rental-01/remote/run-01/state8-warm-original-dense8-r0/step-001-wrong-product.f64	13080600	d5948711f08be929427a4e59b00afb2d2b58fb2ae2d0a4e8b08cd9e5cdc66de5	byte-identical to a member of this folder's sealed archive
companion/results/rescope/hex-modal-mg-damping-gpu-20260923/rental-01/remote/run-01/state8-warm-original-modal8-r0/step-001-coarse-cached-invdiag.f64	1698840	509b1078952d55becbc1f24aa02cce3dfe0d28d62c0081c380962a45c6cafdec	byte-identical to a member of this folder's sealed archive
companion/results/rescope/hex-modal-mg-damping-gpu-20260923/rental-01/remote/run-01/state8-warm-original-modal8-r0/step-001-coarse-cached.f64	1698840	5f4c0b49fd5b7c0326894d98ab021da6fdf85ab8f0d24a91b8d04a0d46282609	byte-identical to a member of this folder's sealed archive
companion/results/rescope/hex-modal-mg-damping-gpu-20260923/rental-01/remote/run-01/state8-warm-original-modal8-r0/step-001-coarse-probe.f64	1698840	db62a3abb932d109c80bf8d94ca32a85ef1a2fefadba199a810c179870dee01c	byte-identical to a member of this folder's sealed archive
companion/results/rescope/hex-modal-mg-damping-gpu-20260923/rental-01/remote/run-01/state8-warm-original-modal8-r0/step-001-coarse-source-invdiag.f64	1698840	6b1dfff6a2e9cf3445df64d49db1c8a656dbe6345af7150975af425c51b53483	byte-identical to a member of this folder's sealed archive
companion/results/rescope/hex-modal-mg-damping-gpu-20260923/rental-01/remote/run-01/state8-warm-original-modal8-r0/step-001-coarse-source.f64	1698840	4b2ff711ad5973237211dc53310e110bf97b8191c371e12e9b9191e2d7d31f34	byte-identical to a member of this folder's sealed archive
companion/results/rescope/hex-modal-mg-damping-gpu-20260923/rental-01/remote/run-01/state8-warm-original-modal8-r0/step-001-coarse-wrong-boundary.f64	1698840	4a1af008adcbf1c573a9d47d07d1fd0fc4f3e9e1bac131a6e4102d193db0d024	byte-identical to a member of this folder's sealed archive
companion/results/rescope/hex-modal-mg-damping-gpu-20260923/rental-01/remote/run-01/state8-warm-original-modal8-r0/step-001-coarse-wrong-coefficient.f64	1698840	728f0c5c5bfd092c62b27e4eca7422adf6b205df36338659d297e35029ed775d	byte-identical to a member of this folder's sealed archive
companion/results/rescope/hex-modal-mg-damping-gpu-20260923/rental-01/remote/run-01/state8-warm-original-modal8-r0/step-001-dense8-product.f64	13080600	c25709182c9ca58025801a155d0d90ab4fd6b6789d21fad8c80cc47478e0ae9f	byte-identical to a member of this folder's sealed archive
companion/results/rescope/hex-modal-mg-damping-gpu-20260923/rental-01/remote/run-01/state8-warm-original-modal8-r0/step-001-force.f64	13080600	96a8039be5f77fbcc0d5002981baab26f30bf350e41415ccad023e083536191a	byte-identical to a member of this folder's sealed archive
companion/results/rescope/hex-modal-mg-damping-gpu-20260923/rental-01/remote/run-01/state8-warm-original-modal8-r0/step-001-modal-product.f64	13080600	d088e48f8397f2872e4f70a15a866fbffd078985a51fc36c3dfefe959ea6935e	byte-identical to a member of this folder's sealed archive
companion/results/rescope/hex-modal-mg-damping-gpu-20260923/rental-01/remote/run-01/state8-warm-original-modal8-r0/step-001-probe.f64	13080600	51c9e13abbae14d546855989efef261d700c584fda534548bbe84ddc65a57b07	byte-identical to a member of this folder's sealed archive
companion/results/rescope/hex-modal-mg-damping-gpu-20260923/rental-01/remote/run-01/state8-warm-original-modal8-r0/step-001-rho.f64	4194304	b9c3c15225ad9a0641fdfdfff572f51ff57c6d759a490e7190dacc3c548188f0	byte-identical to a member of this folder's sealed archive
companion/results/rescope/hex-modal-mg-damping-gpu-20260923/rental-01/remote/run-01/state8-warm-original-modal8-r0/step-001-source-product.f64	13080600	d2c3fc7493819e70da913c580f9121774e279fd004645304d03fa98123877bf2	byte-identical to a member of this folder's sealed archive
companion/results/rescope/hex-modal-mg-damping-gpu-20260923/rental-01/remote/run-01/state8-warm-original-modal8-r0/step-001-u-after.f64	13080600	fc57e4a41334e1d82c9e2f28bc0cf3d72aad6ed9c48b35ad374ad5605561b612	byte-identical to a member of this folder's sealed archive
companion/results/rescope/hex-modal-mg-damping-gpu-20260923/rental-01/remote/run-01/state8-warm-original-modal8-r0/step-001-u-before.f64	13080600	8d22c3a67222013ca5c5ce5b808e9350ad33780f6e0d29c083d663b246c9c674	byte-identical to a member of this folder's sealed archive
companion/results/rescope/hex-modal-mg-damping-gpu-20260923/rental-01/remote/run-01/state8-warm-original-modal8-r0/step-001-u-unprojected.f64	13080600	fc57e4a41334e1d82c9e2f28bc0cf3d72aad6ed9c48b35ad374ad5605561b612	byte-identical to a member of this folder's sealed archive
companion/results/rescope/hex-modal-mg-damping-gpu-20260923/rental-01/remote/run-01/state8-warm-original-modal8-r0/step-001-wrong-boundary-product.f64	13080600	2b2d09c202afbf3f59645dc0198f923826d2711f11039a5b7aa5c1497e6cf4f7	byte-identical to a member of this folder's sealed archive
companion/results/rescope/hex-modal-mg-damping-gpu-20260923/rental-01/remote/run-01/state8-warm-original-modal8-r0/step-001-wrong-product.f64	13080600	b3908b8c232ba2830bb3a64283363353e6b8eee4f7974ca7778bda251c26da84	byte-identical to a member of this folder's sealed archive
companion/results/rescope/hex-modal-mg-damping-gpu-20260923/rental-01/remote/run-01/state8-warm-original-source-r0/step-001-coarse-cached-invdiag.f64	1698840	509b1078952d55becbc1f24aa02cce3dfe0d28d62c0081c380962a45c6cafdec	byte-identical to a member of this folder's sealed archive
companion/results/rescope/hex-modal-mg-damping-gpu-20260923/rental-01/remote/run-01/state8-warm-original-source-r0/step-001-coarse-cached.f64	1698840	5f4c0b49fd5b7c0326894d98ab021da6fdf85ab8f0d24a91b8d04a0d46282609	byte-identical to a member of this folder's sealed archive
companion/results/rescope/hex-modal-mg-damping-gpu-20260923/rental-01/remote/run-01/state8-warm-original-source-r0/step-001-coarse-probe.f64	1698840	db62a3abb932d109c80bf8d94ca32a85ef1a2fefadba199a810c179870dee01c	byte-identical to a member of this folder's sealed archive
companion/results/rescope/hex-modal-mg-damping-gpu-20260923/rental-01/remote/run-01/state8-warm-original-source-r0/step-001-coarse-source-invdiag.f64	1698840	b617f2cb7d235277e16e2ca5c8214db78a7cb659854abd3ad82b6229da2e64ac	byte-identical to a member of this folder's sealed archive
companion/results/rescope/hex-modal-mg-damping-gpu-20260923/rental-01/remote/run-01/state8-warm-original-source-r0/step-001-coarse-source.f64	1698840	4b2ff711ad5973237211dc53310e110bf97b8191c371e12e9b9191e2d7d31f34	byte-identical to a member of this folder's sealed archive
companion/results/rescope/hex-modal-mg-damping-gpu-20260923/rental-01/remote/run-01/state8-warm-original-source-r0/step-001-coarse-wrong-boundary.f64	1698840	4a1af008adcbf1c573a9d47d07d1fd0fc4f3e9e1bac131a6e4102d193db0d024	byte-identical to a member of this folder's sealed archive
companion/results/rescope/hex-modal-mg-damping-gpu-20260923/rental-01/remote/run-01/state8-warm-original-source-r0/step-001-coarse-wrong-coefficient.f64	1698840	728f0c5c5bfd092c62b27e4eca7422adf6b205df36338659d297e35029ed775d	byte-identical to a member of this folder's sealed archive
companion/results/rescope/hex-modal-mg-damping-gpu-20260923/rental-01/remote/run-01/state8-warm-original-source-r0/step-001-dense8-product.f64	13080600	fd461434c1a25d835cd8800e760cd3fc042d5e545d2aa02dd48fd48562ceedf0	byte-identical to a member of this folder's sealed archive
companion/results/rescope/hex-modal-mg-damping-gpu-20260923/rental-01/remote/run-01/state8-warm-original-source-r0/step-001-force.f64	13080600	96a8039be5f77fbcc0d5002981baab26f30bf350e41415ccad023e083536191a	byte-identical to a member of this folder's sealed archive
companion/results/rescope/hex-modal-mg-damping-gpu-20260923/rental-01/remote/run-01/state8-warm-original-source-r0/step-001-modal-product.f64	13080600	f19a11ac64242a9c6db0dcee67f854865b23454480ea81d9dc3726bb343a5f34	byte-identical to a member of this folder's sealed archive
companion/results/rescope/hex-modal-mg-damping-gpu-20260923/rental-01/remote/run-01/state8-warm-original-source-r0/step-001-probe.f64	13080600	51c9e13abbae14d546855989efef261d700c584fda534548bbe84ddc65a57b07	byte-identical to a member of this folder's sealed archive
companion/results/rescope/hex-modal-mg-damping-gpu-20260923/rental-01/remote/run-01/state8-warm-original-source-r0/step-001-rho.f64	4194304	b9c3c15225ad9a0641fdfdfff572f51ff57c6d759a490e7190dacc3c548188f0	byte-identical to a member of this folder's sealed archive
companion/results/rescope/hex-modal-mg-damping-gpu-20260923/rental-01/remote/run-01/state8-warm-original-source-r0/step-001-source-product.f64	13080600	d2c3fc7493819e70da913c580f9121774e279fd004645304d03fa98123877bf2	byte-identical to a member of this folder's sealed archive
companion/results/rescope/hex-modal-mg-damping-gpu-20260923/rental-01/remote/run-01/state8-warm-original-source-r0/step-001-u-after.f64	13080600	9e5db84b12c60b42b56f8d79ee5f3d4d4d566a06839d9b2a7b41408190247bc1	byte-identical to a member of this folder's sealed archive
companion/results/rescope/hex-modal-mg-damping-gpu-20260923/rental-01/remote/run-01/state8-warm-original-source-r0/step-001-u-before.f64	13080600	8d22c3a67222013ca5c5ce5b808e9350ad33780f6e0d29c083d663b246c9c674	byte-identical to a member of this folder's sealed archive
companion/results/rescope/hex-modal-mg-damping-gpu-20260923/rental-01/remote/run-01/state8-warm-original-source-r0/step-001-u-unprojected.f64	13080600	9e5db84b12c60b42b56f8d79ee5f3d4d4d566a06839d9b2a7b41408190247bc1	byte-identical to a member of this folder's sealed archive
companion/results/rescope/hex-modal-mg-damping-gpu-20260923/rental-01/remote/run-01/state8-warm-original-source-r0/step-001-wrong-boundary-product.f64	13080600	05d57ef6e6b4c7accaf1e887d8d1dc06c9d30dedfaa7a9b37d2f438f2b7ea536	byte-identical to a member of this folder's sealed archive
companion/results/rescope/hex-modal-mg-damping-gpu-20260923/rental-01/remote/run-01/state8-warm-original-source-r0/step-001-wrong-product.f64	13080600	864020f3ec7eb7178072c5168094862c7805ae0ebc5d43c1caea8797b60d78d9	byte-identical to a member of this folder's sealed archive
companion/results/rescope/hex-modal-mg-damping-gpu-20260923/rental-01/remote/run-01/state9-warm-certified-dense8-r0/step-001-coarse-cached-invdiag.f64	1698840	9a9981ba82ebdd45635fc0a19f2a0bac3bcbe480b14b606ecc9d94742b15170d	byte-identical to a member of this folder's sealed archive
companion/results/rescope/hex-modal-mg-damping-gpu-20260923/rental-01/remote/run-01/state9-warm-certified-dense8-r0/step-001-coarse-cached.f64	1698840	c9cfa4c1f6403f09f1d44be4eb37fd1e8feef2add6bc8a9fdf80996ab76bc4d9	byte-identical to a member of this folder's sealed archive
companion/results/rescope/hex-modal-mg-damping-gpu-20260923/rental-01/remote/run-01/state9-warm-certified-dense8-r0/step-001-coarse-probe.f64	1698840	db62a3abb932d109c80bf8d94ca32a85ef1a2fefadba199a810c179870dee01c	byte-identical to a member of this folder's sealed archive
companion/results/rescope/hex-modal-mg-damping-gpu-20260923/rental-01/remote/run-01/state9-warm-certified-dense8-r0/step-001-coarse-source-invdiag.f64	1698840	94c02202a188fa0e98d92c7d1742407d6005714cca8ddccf4e87f5c80b475914	byte-identical to a member of this folder's sealed archive
companion/results/rescope/hex-modal-mg-damping-gpu-20260923/rental-01/remote/run-01/state9-warm-certified-dense8-r0/step-001-coarse-source.f64	1698840	6e671f7aa25a727c7e0e1f32f60890c7dc80bcdb175208e3a994655197af6eb5	byte-identical to a member of this folder's sealed archive
companion/results/rescope/hex-modal-mg-damping-gpu-20260923/rental-01/remote/run-01/state9-warm-certified-dense8-r0/step-001-coarse-wrong-boundary.f64	1698840	f2ad76e24de73ca50a92a327028f43d6618747cbe5ba672a31806e27c7e7a9b3	byte-identical to a member of this folder's sealed archive
companion/results/rescope/hex-modal-mg-damping-gpu-20260923/rental-01/remote/run-01/state9-warm-certified-dense8-r0/step-001-coarse-wrong-coefficient.f64	1698840	1af4beec9b2635b0c6faeed7d587385b31b69d8a35238dbef668b5f755ee77fc	byte-identical to a member of this folder's sealed archive
companion/results/rescope/hex-modal-mg-damping-gpu-20260923/rental-01/remote/run-01/state9-warm-certified-dense8-r0/step-001-dense8-product.f64	13080600	f1b877f7292df18bd87f6e78e9d79fc600d5948853bd180b66734f386612102c	byte-identical to a member of this folder's sealed archive
companion/results/rescope/hex-modal-mg-damping-gpu-20260923/rental-01/remote/run-01/state9-warm-certified-dense8-r0/step-001-force.f64	13080600	96a8039be5f77fbcc0d5002981baab26f30bf350e41415ccad023e083536191a	byte-identical to a member of this folder's sealed archive
companion/results/rescope/hex-modal-mg-damping-gpu-20260923/rental-01/remote/run-01/state9-warm-certified-dense8-r0/step-001-modal-product.f64	13080600	6db2012cb2f10ff54f0d83dfda6f3b6e4160a8b0cf34c6e2458bab6e1efea038	byte-identical to a member of this folder's sealed archive
companion/results/rescope/hex-modal-mg-damping-gpu-20260923/rental-01/remote/run-01/state9-warm-certified-dense8-r0/step-001-probe.f64	13080600	51c9e13abbae14d546855989efef261d700c584fda534548bbe84ddc65a57b07	byte-identical to a member of this folder's sealed archive
companion/results/rescope/hex-modal-mg-damping-gpu-20260923/rental-01/remote/run-01/state9-warm-certified-dense8-r0/step-001-rho.f64	4194304	4b5495c4353cdac81463f43a6f90a0de82598f607285c59234dc9bcdcd78b622	byte-identical to a member of this folder's sealed archive
companion/results/rescope/hex-modal-mg-damping-gpu-20260923/rental-01/remote/run-01/state9-warm-certified-dense8-r0/step-001-source-product.f64	13080600	e8a2da02c364d3f8b5ad1fc5c55783161b31a2641d66e650e546411dd99a8463	byte-identical to a member of this folder's sealed archive
companion/results/rescope/hex-modal-mg-damping-gpu-20260923/rental-01/remote/run-01/state9-warm-certified-dense8-r0/step-001-u-after.f64	13080600	25ba8b84a4a9358572f36a049705910c6b1359496efca5e9447968046b9e8754	byte-identical to a member of this folder's sealed archive
companion/results/rescope/hex-modal-mg-damping-gpu-20260923/rental-01/remote/run-01/state9-warm-certified-dense8-r0/step-001-u-before.f64	13080600	855fea3f58c77667c89091bed2c4c1aa588afcf640bca5550f82d58dc6380db6	byte-identical to a member of this folder's sealed archive
companion/results/rescope/hex-modal-mg-damping-gpu-20260923/rental-01/remote/run-01/state9-warm-certified-dense8-r0/step-001-u-unprojected.f64	13080600	25ba8b84a4a9358572f36a049705910c6b1359496efca5e9447968046b9e8754	byte-identical to a member of this folder's sealed archive
companion/results/rescope/hex-modal-mg-damping-gpu-20260923/rental-01/remote/run-01/state9-warm-certified-dense8-r0/step-001-wrong-boundary-product.f64	13080600	0cc2decd6dc24886fcaac6d9350cb58e10c0268268204561e454bd5028f43ba3	byte-identical to a member of this folder's sealed archive
companion/results/rescope/hex-modal-mg-damping-gpu-20260923/rental-01/remote/run-01/state9-warm-certified-dense8-r0/step-001-wrong-product.f64	13080600	ef9cf7febf9d7568324e3df71552d74269bc0f06e9783d2a216240cdee58a792	byte-identical to a member of this folder's sealed archive
companion/results/rescope/hex-modal-mg-damping-gpu-20260923/rental-01/remote/run-01/state9-warm-certified-modal8-r0/step-001-coarse-cached-invdiag.f64	1698840	9a9981ba82ebdd45635fc0a19f2a0bac3bcbe480b14b606ecc9d94742b15170d	byte-identical to a member of this folder's sealed archive
companion/results/rescope/hex-modal-mg-damping-gpu-20260923/rental-01/remote/run-01/state9-warm-certified-modal8-r0/step-001-coarse-cached.f64	1698840	c9cfa4c1f6403f09f1d44be4eb37fd1e8feef2add6bc8a9fdf80996ab76bc4d9	byte-identical to a member of this folder's sealed archive
companion/results/rescope/hex-modal-mg-damping-gpu-20260923/rental-01/remote/run-01/state9-warm-certified-modal8-r0/step-001-coarse-probe.f64	1698840	db62a3abb932d109c80bf8d94ca32a85ef1a2fefadba199a810c179870dee01c	byte-identical to a member of this folder's sealed archive
companion/results/rescope/hex-modal-mg-damping-gpu-20260923/rental-01/remote/run-01/state9-warm-certified-modal8-r0/step-001-coarse-source-invdiag.f64	1698840	c588c8d235a39fde7a301bbd287277620352b7ad613f5b1ccde8efa9af14acf3	byte-identical to a member of this folder's sealed archive
companion/results/rescope/hex-modal-mg-damping-gpu-20260923/rental-01/remote/run-01/state9-warm-certified-modal8-r0/step-001-coarse-source.f64	1698840	6e671f7aa25a727c7e0e1f32f60890c7dc80bcdb175208e3a994655197af6eb5	byte-identical to a member of this folder's sealed archive
companion/results/rescope/hex-modal-mg-damping-gpu-20260923/rental-01/remote/run-01/state9-warm-certified-modal8-r0/step-001-coarse-wrong-boundary.f64	1698840	f2ad76e24de73ca50a92a327028f43d6618747cbe5ba672a31806e27c7e7a9b3	byte-identical to a member of this folder's sealed archive
companion/results/rescope/hex-modal-mg-damping-gpu-20260923/rental-01/remote/run-01/state9-warm-certified-modal8-r0/step-001-coarse-wrong-coefficient.f64	1698840	1af4beec9b2635b0c6faeed7d587385b31b69d8a35238dbef668b5f755ee77fc	byte-identical to a member of this folder's sealed archive
companion/results/rescope/hex-modal-mg-damping-gpu-20260923/rental-01/remote/run-01/state9-warm-certified-modal8-r0/step-001-dense8-product.f64	13080600	5e6e84c10b7a106aa745aca96660c6d31ef0e7f91abe038cb5b76eccdbc71664	byte-identical to a member of this folder's sealed archive
companion/results/rescope/hex-modal-mg-damping-gpu-20260923/rental-01/remote/run-01/state9-warm-certified-modal8-r0/step-001-force.f64	13080600	96a8039be5f77fbcc0d5002981baab26f30bf350e41415ccad023e083536191a	byte-identical to a member of this folder's sealed archive
companion/results/rescope/hex-modal-mg-damping-gpu-20260923/rental-01/remote/run-01/state9-warm-certified-modal8-r0/step-001-modal-product.f64	13080600	28867feee16ac3828bb66f730ee75b0506107db7ce69560fed5b7fa1721f8864	byte-identical to a member of this folder's sealed archive
companion/results/rescope/hex-modal-mg-damping-gpu-20260923/rental-01/remote/run-01/state9-warm-certified-modal8-r0/step-001-probe.f64	13080600	51c9e13abbae14d546855989efef261d700c584fda534548bbe84ddc65a57b07	byte-identical to a member of this folder's sealed archive
companion/results/rescope/hex-modal-mg-damping-gpu-20260923/rental-01/remote/run-01/state9-warm-certified-modal8-r0/step-001-rho.f64	4194304	4b5495c4353cdac81463f43a6f90a0de82598f607285c59234dc9bcdcd78b622	byte-identical to a member of this folder's sealed archive
companion/results/rescope/hex-modal-mg-damping-gpu-20260923/rental-01/remote/run-01/state9-warm-certified-modal8-r0/step-001-source-product.f64	13080600	e8a2da02c364d3f8b5ad1fc5c55783161b31a2641d66e650e546411dd99a8463	byte-identical to a member of this folder's sealed archive
companion/results/rescope/hex-modal-mg-damping-gpu-20260923/rental-01/remote/run-01/state9-warm-certified-modal8-r0/step-001-u-after.f64	13080600	7d2fcede598beff6a6c16ece341779ab37315f08a3a3301f5f27181646f1cd1e	byte-identical to a member of this folder's sealed archive
companion/results/rescope/hex-modal-mg-damping-gpu-20260923/rental-01/remote/run-01/state9-warm-certified-modal8-r0/step-001-u-before.f64	13080600	855fea3f58c77667c89091bed2c4c1aa588afcf640bca5550f82d58dc6380db6	byte-identical to a member of this folder's sealed archive
companion/results/rescope/hex-modal-mg-damping-gpu-20260923/rental-01/remote/run-01/state9-warm-certified-modal8-r0/step-001-u-unprojected.f64	13080600	7d2fcede598beff6a6c16ece341779ab37315f08a3a3301f5f27181646f1cd1e	byte-identical to a member of this folder's sealed archive
companion/results/rescope/hex-modal-mg-damping-gpu-20260923/rental-01/remote/run-01/state9-warm-certified-modal8-r0/step-001-wrong-boundary-product.f64	13080600	277a53f10ef725584c05df29bc40cb0da95f7c16402f8a2d758fd13b0ec3d437	byte-identical to a member of this folder's sealed archive
companion/results/rescope/hex-modal-mg-damping-gpu-20260923/rental-01/remote/run-01/state9-warm-certified-modal8-r0/step-001-wrong-product.f64	13080600	7a3e02e0b422496873a6d2d85d1f02c00e8ce33d3a96a6cd4daf636acba4d873	byte-identical to a member of this folder's sealed archive
companion/results/rescope/hex-modal-mg-damping-gpu-20260923/rental-01/remote/run-01/state9-warm-certified-source-r0/step-001-coarse-cached-invdiag.f64	1698840	9a9981ba82ebdd45635fc0a19f2a0bac3bcbe480b14b606ecc9d94742b15170d	byte-identical to a member of this folder's sealed archive
companion/results/rescope/hex-modal-mg-damping-gpu-20260923/rental-01/remote/run-01/state9-warm-certified-source-r0/step-001-coarse-cached.f64	1698840	c9cfa4c1f6403f09f1d44be4eb37fd1e8feef2add6bc8a9fdf80996ab76bc4d9	byte-identical to a member of this folder's sealed archive
companion/results/rescope/hex-modal-mg-damping-gpu-20260923/rental-01/remote/run-01/state9-warm-certified-source-r0/step-001-coarse-probe.f64	1698840	db62a3abb932d109c80bf8d94ca32a85ef1a2fefadba199a810c179870dee01c	byte-identical to a member of this folder's sealed archive
companion/results/rescope/hex-modal-mg-damping-gpu-20260923/rental-01/remote/run-01/state9-warm-certified-source-r0/step-001-coarse-source-invdiag.f64	1698840	d73cd3177602134860517d679f7359dd67c54de9fcb66f7a44d2f1e8b8e3a40f	byte-identical to a member of this folder's sealed archive
companion/results/rescope/hex-modal-mg-damping-gpu-20260923/rental-01/remote/run-01/state9-warm-certified-source-r0/step-001-coarse-source.f64	1698840	6e671f7aa25a727c7e0e1f32f60890c7dc80bcdb175208e3a994655197af6eb5	byte-identical to a member of this folder's sealed archive
companion/results/rescope/hex-modal-mg-damping-gpu-20260923/rental-01/remote/run-01/state9-warm-certified-source-r0/step-001-coarse-wrong-boundary.f64	1698840	f2ad76e24de73ca50a92a327028f43d6618747cbe5ba672a31806e27c7e7a9b3	byte-identical to a member of this folder's sealed archive
companion/results/rescope/hex-modal-mg-damping-gpu-20260923/rental-01/remote/run-01/state9-warm-certified-source-r0/step-001-coarse-wrong-coefficient.f64	1698840	1af4beec9b2635b0c6faeed7d587385b31b69d8a35238dbef668b5f755ee77fc	byte-identical to a member of this folder's sealed archive
companion/results/rescope/hex-modal-mg-damping-gpu-20260923/rental-01/remote/run-01/state9-warm-certified-source-r0/step-001-dense8-product.f64	13080600	efa7c66d71268da9de0aa40fb82a0a8f5128803448edd81b6a8bc63f445cc422	byte-identical to a member of this folder's sealed archive
companion/results/rescope/hex-modal-mg-damping-gpu-20260923/rental-01/remote/run-01/state9-warm-certified-source-r0/step-001-force.f64	13080600	96a8039be5f77fbcc0d5002981baab26f30bf350e41415ccad023e083536191a	byte-identical to a member of this folder's sealed archive
companion/results/rescope/hex-modal-mg-damping-gpu-20260923/rental-01/remote/run-01/state9-warm-certified-source-r0/step-001-modal-product.f64	13080600	abb64dc167c6e36a14c68754af5177b239a15f7a2dfcbb8d7ed6470d4cd29fd8	byte-identical to a member of this folder's sealed archive
companion/results/rescope/hex-modal-mg-damping-gpu-20260923/rental-01/remote/run-01/state9-warm-certified-source-r0/step-001-probe.f64	13080600	51c9e13abbae14d546855989efef261d700c584fda534548bbe84ddc65a57b07	byte-identical to a member of this folder's sealed archive
companion/results/rescope/hex-modal-mg-damping-gpu-20260923/rental-01/remote/run-01/state9-warm-certified-source-r0/step-001-rho.f64	4194304	4b5495c4353cdac81463f43a6f90a0de82598f607285c59234dc9bcdcd78b622	byte-identical to a member of this folder's sealed archive
companion/results/rescope/hex-modal-mg-damping-gpu-20260923/rental-01/remote/run-01/state9-warm-certified-source-r0/step-001-source-product.f64	13080600	e8a2da02c364d3f8b5ad1fc5c55783161b31a2641d66e650e546411dd99a8463	byte-identical to a member of this folder's sealed archive
companion/results/rescope/hex-modal-mg-damping-gpu-20260923/rental-01/remote/run-01/state9-warm-certified-source-r0/step-001-u-after.f64	13080600	d0427fd4f2fb5085ac045b04d5a7909508c4481705bc5c8768a390a4cacfc682	byte-identical to a member of this folder's sealed archive
companion/results/rescope/hex-modal-mg-damping-gpu-20260923/rental-01/remote/run-01/state9-warm-certified-source-r0/step-001-u-before.f64	13080600	855fea3f58c77667c89091bed2c4c1aa588afcf640bca5550f82d58dc6380db6	byte-identical to a member of this folder's sealed archive
companion/results/rescope/hex-modal-mg-damping-gpu-20260923/rental-01/remote/run-01/state9-warm-certified-source-r0/step-001-u-unprojected.f64	13080600	d0427fd4f2fb5085ac045b04d5a7909508c4481705bc5c8768a390a4cacfc682	byte-identical to a member of this folder's sealed archive
companion/results/rescope/hex-modal-mg-damping-gpu-20260923/rental-01/remote/run-01/state9-warm-certified-source-r0/step-001-wrong-boundary-product.f64	13080600	4078e37ba9088a7c7bf55dfa74615b9c9c6e5b701e87e70314c532169ab14f09	byte-identical to a member of this folder's sealed archive
companion/results/rescope/hex-modal-mg-damping-gpu-20260923/rental-01/remote/run-01/state9-warm-certified-source-r0/step-001-wrong-product.f64	13080600	b57ccd94f0cf99941858c27a5b449900dbc229741afc2d1df72d7d30302aefa8	byte-identical to a member of this folder's sealed archive
companion/results/rescope/hex-modal-mg-damping-gpu-20260923/rental-01/remote/run-01/state9-warm-original-dense8-r0/step-001-coarse-cached-invdiag.f64	1698840	9a9981ba82ebdd45635fc0a19f2a0bac3bcbe480b14b606ecc9d94742b15170d	byte-identical to a member of this folder's sealed archive
companion/results/rescope/hex-modal-mg-damping-gpu-20260923/rental-01/remote/run-01/state9-warm-original-dense8-r0/step-001-coarse-cached.f64	1698840	c9cfa4c1f6403f09f1d44be4eb37fd1e8feef2add6bc8a9fdf80996ab76bc4d9	byte-identical to a member of this folder's sealed archive
companion/results/rescope/hex-modal-mg-damping-gpu-20260923/rental-01/remote/run-01/state9-warm-original-dense8-r0/step-001-coarse-probe.f64	1698840	db62a3abb932d109c80bf8d94ca32a85ef1a2fefadba199a810c179870dee01c	byte-identical to a member of this folder's sealed archive
companion/results/rescope/hex-modal-mg-damping-gpu-20260923/rental-01/remote/run-01/state9-warm-original-dense8-r0/step-001-coarse-source-invdiag.f64	1698840	cb0dffaab798fef4957f383ad1179defe764a8e4d07ebbac2b82e818c2ea4d29	byte-identical to a member of this folder's sealed archive
companion/results/rescope/hex-modal-mg-damping-gpu-20260923/rental-01/remote/run-01/state9-warm-original-dense8-r0/step-001-coarse-source.f64	1698840	6e671f7aa25a727c7e0e1f32f60890c7dc80bcdb175208e3a994655197af6eb5	byte-identical to a member of this folder's sealed archive
companion/results/rescope/hex-modal-mg-damping-gpu-20260923/rental-01/remote/run-01/state9-warm-original-dense8-r0/step-001-coarse-wrong-boundary.f64	1698840	f2ad76e24de73ca50a92a327028f43d6618747cbe5ba672a31806e27c7e7a9b3	byte-identical to a member of this folder's sealed archive
companion/results/rescope/hex-modal-mg-damping-gpu-20260923/rental-01/remote/run-01/state9-warm-original-dense8-r0/step-001-coarse-wrong-coefficient.f64	1698840	1af4beec9b2635b0c6faeed7d587385b31b69d8a35238dbef668b5f755ee77fc	byte-identical to a member of this folder's sealed archive
companion/results/rescope/hex-modal-mg-damping-gpu-20260923/rental-01/remote/run-01/state9-warm-original-dense8-r0/step-001-dense8-product.f64	13080600	97f09ced8b9eee39d1b46b2df1697a62a53ee8b3e0ef63fbadb22f8bf8e705db	byte-identical to a member of this folder's sealed archive
companion/results/rescope/hex-modal-mg-damping-gpu-20260923/rental-01/remote/run-01/state9-warm-original-dense8-r0/step-001-force.f64	13080600	96a8039be5f77fbcc0d5002981baab26f30bf350e41415ccad023e083536191a	byte-identical to a member of this folder's sealed archive
companion/results/rescope/hex-modal-mg-damping-gpu-20260923/rental-01/remote/run-01/state9-warm-original-dense8-r0/step-001-modal-product.f64	13080600	981a1fd223fe70a0c47bdf204691e8b48c2b6e18c0a6e7ccbf85cc58cb01f8f8	byte-identical to a member of this folder's sealed archive
companion/results/rescope/hex-modal-mg-damping-gpu-20260923/rental-01/remote/run-01/state9-warm-original-dense8-r0/step-001-probe.f64	13080600	51c9e13abbae14d546855989efef261d700c584fda534548bbe84ddc65a57b07	byte-identical to a member of this folder's sealed archive
companion/results/rescope/hex-modal-mg-damping-gpu-20260923/rental-01/remote/run-01/state9-warm-original-dense8-r0/step-001-rho.f64	4194304	4b5495c4353cdac81463f43a6f90a0de82598f607285c59234dc9bcdcd78b622	byte-identical to a member of this folder's sealed archive
companion/results/rescope/hex-modal-mg-damping-gpu-20260923/rental-01/remote/run-01/state9-warm-original-dense8-r0/step-001-source-product.f64	13080600	e8a2da02c364d3f8b5ad1fc5c55783161b31a2641d66e650e546411dd99a8463	byte-identical to a member of this folder's sealed archive
companion/results/rescope/hex-modal-mg-damping-gpu-20260923/rental-01/remote/run-01/state9-warm-original-dense8-r0/step-001-u-after.f64	13080600	df558ee7ced2b902076b4a2fb5b510a1a9c86360be9f885688ce0c22fd5729b5	byte-identical to a member of this folder's sealed archive
companion/results/rescope/hex-modal-mg-damping-gpu-20260923/rental-01/remote/run-01/state9-warm-original-dense8-r0/step-001-u-before.f64	13080600	855fea3f58c77667c89091bed2c4c1aa588afcf640bca5550f82d58dc6380db6	byte-identical to a member of this folder's sealed archive
companion/results/rescope/hex-modal-mg-damping-gpu-20260923/rental-01/remote/run-01/state9-warm-original-dense8-r0/step-001-u-unprojected.f64	13080600	df558ee7ced2b902076b4a2fb5b510a1a9c86360be9f885688ce0c22fd5729b5	byte-identical to a member of this folder's sealed archive
companion/results/rescope/hex-modal-mg-damping-gpu-20260923/rental-01/remote/run-01/state9-warm-original-dense8-r0/step-001-wrong-boundary-product.f64	13080600	3d17ab971f637c0b628e8f6817d665a4668c8f5d772327d740990337c3e32fe5	byte-identical to a member of this folder's sealed archive
companion/results/rescope/hex-modal-mg-damping-gpu-20260923/rental-01/remote/run-01/state9-warm-original-dense8-r0/step-001-wrong-product.f64	13080600	56ccf347b4cbd49d55edb20c7885342faf52ffb9824fe95d8d2b0b59af481d47	byte-identical to a member of this folder's sealed archive
companion/results/rescope/hex-modal-mg-damping-gpu-20260923/rental-01/remote/run-01/state9-warm-original-modal8-r0/step-001-coarse-cached-invdiag.f64	1698840	9a9981ba82ebdd45635fc0a19f2a0bac3bcbe480b14b606ecc9d94742b15170d	byte-identical to a member of this folder's sealed archive
companion/results/rescope/hex-modal-mg-damping-gpu-20260923/rental-01/remote/run-01/state9-warm-original-modal8-r0/step-001-coarse-cached.f64	1698840	c9cfa4c1f6403f09f1d44be4eb37fd1e8feef2add6bc8a9fdf80996ab76bc4d9	byte-identical to a member of this folder's sealed archive
companion/results/rescope/hex-modal-mg-damping-gpu-20260923/rental-01/remote/run-01/state9-warm-original-modal8-r0/step-001-coarse-probe.f64	1698840	db62a3abb932d109c80bf8d94ca32a85ef1a2fefadba199a810c179870dee01c	byte-identical to a member of this folder's sealed archive
companion/results/rescope/hex-modal-mg-damping-gpu-20260923/rental-01/remote/run-01/state9-warm-original-modal8-r0/step-001-coarse-source-invdiag.f64	1698840	5e62c185afab5b6304b1a398adfc0abf73ac243b043f769f132de40375eb894a	byte-identical to a member of this folder's sealed archive
companion/results/rescope/hex-modal-mg-damping-gpu-20260923/rental-01/remote/run-01/state9-warm-original-modal8-r0/step-001-coarse-source.f64	1698840	6e671f7aa25a727c7e0e1f32f60890c7dc80bcdb175208e3a994655197af6eb5	byte-identical to a member of this folder's sealed archive
companion/results/rescope/hex-modal-mg-damping-gpu-20260923/rental-01/remote/run-01/state9-warm-original-modal8-r0/step-001-coarse-wrong-boundary.f64	1698840	f2ad76e24de73ca50a92a327028f43d6618747cbe5ba672a31806e27c7e7a9b3	byte-identical to a member of this folder's sealed archive
companion/results/rescope/hex-modal-mg-damping-gpu-20260923/rental-01/remote/run-01/state9-warm-original-modal8-r0/step-001-coarse-wrong-coefficient.f64	1698840	1af4beec9b2635b0c6faeed7d587385b31b69d8a35238dbef668b5f755ee77fc	byte-identical to a member of this folder's sealed archive
companion/results/rescope/hex-modal-mg-damping-gpu-20260923/rental-01/remote/run-01/state9-warm-original-modal8-r0/step-001-dense8-product.f64	13080600	42514f795cbb7ce18c51d5da66730de5fe4344fc36402f1472261876d7c08d0b	byte-identical to a member of this folder's sealed archive
companion/results/rescope/hex-modal-mg-damping-gpu-20260923/rental-01/remote/run-01/state9-warm-original-modal8-r0/step-001-force.f64	13080600	96a8039be5f77fbcc0d5002981baab26f30bf350e41415ccad023e083536191a	byte-identical to a member of this folder's sealed archive
companion/results/rescope/hex-modal-mg-damping-gpu-20260923/rental-01/remote/run-01/state9-warm-original-modal8-r0/step-001-modal-product.f64	13080600	8ca02bc3ab55686bcbf4ccbe38e10676cbe93407eac91bc89210e5029de8301e	byte-identical to a member of this folder's sealed archive
companion/results/rescope/hex-modal-mg-damping-gpu-20260923/rental-01/remote/run-01/state9-warm-original-modal8-r0/step-001-probe.f64	13080600	51c9e13abbae14d546855989efef261d700c584fda534548bbe84ddc65a57b07	byte-identical to a member of this folder's sealed archive
companion/results/rescope/hex-modal-mg-damping-gpu-20260923/rental-01/remote/run-01/state9-warm-original-modal8-r0/step-001-rho.f64	4194304	4b5495c4353cdac81463f43a6f90a0de82598f607285c59234dc9bcdcd78b622	byte-identical to a member of this folder's sealed archive
companion/results/rescope/hex-modal-mg-damping-gpu-20260923/rental-01/remote/run-01/state9-warm-original-modal8-r0/step-001-source-product.f64	13080600	e8a2da02c364d3f8b5ad1fc5c55783161b31a2641d66e650e546411dd99a8463	byte-identical to a member of this folder's sealed archive
companion/results/rescope/hex-modal-mg-damping-gpu-20260923/rental-01/remote/run-01/state9-warm-original-modal8-r0/step-001-u-after.f64	13080600	6b5e569a3dc2b26183238883d1792ed4acbf5ab3bbe916f541351b8a0c59c189	byte-identical to a member of this folder's sealed archive
companion/results/rescope/hex-modal-mg-damping-gpu-20260923/rental-01/remote/run-01/state9-warm-original-modal8-r0/step-001-u-before.f64	13080600	855fea3f58c77667c89091bed2c4c1aa588afcf640bca5550f82d58dc6380db6	byte-identical to a member of this folder's sealed archive
companion/results/rescope/hex-modal-mg-damping-gpu-20260923/rental-01/remote/run-01/state9-warm-original-modal8-r0/step-001-u-unprojected.f64	13080600	6b5e569a3dc2b26183238883d1792ed4acbf5ab3bbe916f541351b8a0c59c189	byte-identical to a member of this folder's sealed archive
companion/results/rescope/hex-modal-mg-damping-gpu-20260923/rental-01/remote/run-01/state9-warm-original-modal8-r0/step-001-wrong-boundary-product.f64	13080600	db30200518cb1a7274a128c9cfdf8e7ea3a961cc675672e0c3fc5c1126f89856	byte-identical to a member of this folder's sealed archive
companion/results/rescope/hex-modal-mg-damping-gpu-20260923/rental-01/remote/run-01/state9-warm-original-modal8-r0/step-001-wrong-product.f64	13080600	f076fcefbf129b8d547e7fcf2203559bd70823a7f8e724dbc38048e82a8675f4	byte-identical to a member of this folder's sealed archive
companion/results/rescope/hex-modal-mg-damping-gpu-20260923/rental-01/remote/run-01/state9-warm-original-source-r0/step-001-coarse-cached-invdiag.f64	1698840	9a9981ba82ebdd45635fc0a19f2a0bac3bcbe480b14b606ecc9d94742b15170d	byte-identical to a member of this folder's sealed archive
companion/results/rescope/hex-modal-mg-damping-gpu-20260923/rental-01/remote/run-01/state9-warm-original-source-r0/step-001-coarse-cached.f64	1698840	c9cfa4c1f6403f09f1d44be4eb37fd1e8feef2add6bc8a9fdf80996ab76bc4d9	byte-identical to a member of this folder's sealed archive
companion/results/rescope/hex-modal-mg-damping-gpu-20260923/rental-01/remote/run-01/state9-warm-original-source-r0/step-001-coarse-probe.f64	1698840	db62a3abb932d109c80bf8d94ca32a85ef1a2fefadba199a810c179870dee01c	byte-identical to a member of this folder's sealed archive
companion/results/rescope/hex-modal-mg-damping-gpu-20260923/rental-01/remote/run-01/state9-warm-original-source-r0/step-001-coarse-source-invdiag.f64	1698840	16b583f3eb2f7639576132bafe2457758be61beaa883554808df54d9bd3671c0	byte-identical to a member of this folder's sealed archive
companion/results/rescope/hex-modal-mg-damping-gpu-20260923/rental-01/remote/run-01/state9-warm-original-source-r0/step-001-coarse-source.f64	1698840	6e671f7aa25a727c7e0e1f32f60890c7dc80bcdb175208e3a994655197af6eb5	byte-identical to a member of this folder's sealed archive
companion/results/rescope/hex-modal-mg-damping-gpu-20260923/rental-01/remote/run-01/state9-warm-original-source-r0/step-001-coarse-wrong-boundary.f64	1698840	f2ad76e24de73ca50a92a327028f43d6618747cbe5ba672a31806e27c7e7a9b3	byte-identical to a member of this folder's sealed archive
companion/results/rescope/hex-modal-mg-damping-gpu-20260923/rental-01/remote/run-01/state9-warm-original-source-r0/step-001-coarse-wrong-coefficient.f64	1698840	1af4beec9b2635b0c6faeed7d587385b31b69d8a35238dbef668b5f755ee77fc	byte-identical to a member of this folder's sealed archive
companion/results/rescope/hex-modal-mg-damping-gpu-20260923/rental-01/remote/run-01/state9-warm-original-source-r0/step-001-dense8-product.f64	13080600	92cc802f17ca94826f4170a8d7e59b57017bef249c9c27d66cd13d6ffd1045d9	byte-identical to a member of this folder's sealed archive
companion/results/rescope/hex-modal-mg-damping-gpu-20260923/rental-01/remote/run-01/state9-warm-original-source-r0/step-001-force.f64	13080600	96a8039be5f77fbcc0d5002981baab26f30bf350e41415ccad023e083536191a	byte-identical to a member of this folder's sealed archive
companion/results/rescope/hex-modal-mg-damping-gpu-20260923/rental-01/remote/run-01/state9-warm-original-source-r0/step-001-modal-product.f64	13080600	518a2d22ce1a523fe4d0b202aa04313c1f5464e89c5939398b0bbbff941cdd3d	byte-identical to a member of this folder's sealed archive
companion/results/rescope/hex-modal-mg-damping-gpu-20260923/rental-01/remote/run-01/state9-warm-original-source-r0/step-001-probe.f64	13080600	51c9e13abbae14d546855989efef261d700c584fda534548bbe84ddc65a57b07	byte-identical to a member of this folder's sealed archive
companion/results/rescope/hex-modal-mg-damping-gpu-20260923/rental-01/remote/run-01/state9-warm-original-source-r0/step-001-rho.f64	4194304	4b5495c4353cdac81463f43a6f90a0de82598f607285c59234dc9bcdcd78b622	byte-identical to a member of this folder's sealed archive
companion/results/rescope/hex-modal-mg-damping-gpu-20260923/rental-01/remote/run-01/state9-warm-original-source-r0/step-001-source-product.f64	13080600	e8a2da02c364d3f8b5ad1fc5c55783161b31a2641d66e650e546411dd99a8463	byte-identical to a member of this folder's sealed archive
companion/results/rescope/hex-modal-mg-damping-gpu-20260923/rental-01/remote/run-01/state9-warm-original-source-r0/step-001-u-after.f64	13080600	61e1d41de9b87a39cad984d1b2b432f717630e39193d285c340a0ffe0e80f2ef	byte-identical to a member of this folder's sealed archive
companion/results/rescope/hex-modal-mg-damping-gpu-20260923/rental-01/remote/run-01/state9-warm-original-source-r0/step-001-u-before.f64	13080600	855fea3f58c77667c89091bed2c4c1aa588afcf640bca5550f82d58dc6380db6	byte-identical to a member of this folder's sealed archive
companion/results/rescope/hex-modal-mg-damping-gpu-20260923/rental-01/remote/run-01/state9-warm-original-source-r0/step-001-u-unprojected.f64	13080600	61e1d41de9b87a39cad984d1b2b432f717630e39193d285c340a0ffe0e80f2ef	byte-identical to a member of this folder's sealed archive
companion/results/rescope/hex-modal-mg-damping-gpu-20260923/rental-01/remote/run-01/state9-warm-original-source-r0/step-001-wrong-boundary-product.f64	13080600	c473b5a5c61c28d50efa55a40587b8e708c6fe6321dc2ee9266fb2aa014878dd	byte-identical to a member of this folder's sealed archive
companion/results/rescope/hex-modal-mg-damping-gpu-20260923/rental-01/remote/run-01/state9-warm-original-source-r0/step-001-wrong-product.f64	13080600	893af44f3591d46f0b57147327d4228dc3f3ffeb3fe188772cdc4c82d9b765b9	byte-identical to a member of this folder's sealed archive
companion/results/rescope/hex-modal-mg-damping-gpu-20260923/rental-01/remote/run-01/state9-zero-certified-dense8-r0/step-001-coarse-cached-invdiag.f64	1698840	9a9981ba82ebdd45635fc0a19f2a0bac3bcbe480b14b606ecc9d94742b15170d	byte-identical to a member of this folder's sealed archive
companion/results/rescope/hex-modal-mg-damping-gpu-20260923/rental-01/remote/run-01/state9-zero-certified-dense8-r0/step-001-coarse-cached.f64	1698840	c9cfa4c1f6403f09f1d44be4eb37fd1e8feef2add6bc8a9fdf80996ab76bc4d9	byte-identical to a member of this folder's sealed archive
companion/results/rescope/hex-modal-mg-damping-gpu-20260923/rental-01/remote/run-01/state9-zero-certified-dense8-r0/step-001-coarse-probe.f64	1698840	db62a3abb932d109c80bf8d94ca32a85ef1a2fefadba199a810c179870dee01c	byte-identical to a member of this folder's sealed archive
companion/results/rescope/hex-modal-mg-damping-gpu-20260923/rental-01/remote/run-01/state9-zero-certified-dense8-r0/step-001-coarse-source-invdiag.f64	1698840	721a07b471c7089263a21fcb5a9330044af6a63f134946022078748e790c1b96	byte-identical to a member of this folder's sealed archive
companion/results/rescope/hex-modal-mg-damping-gpu-20260923/rental-01/remote/run-01/state9-zero-certified-dense8-r0/step-001-coarse-source.f64	1698840	6e671f7aa25a727c7e0e1f32f60890c7dc80bcdb175208e3a994655197af6eb5	byte-identical to a member of this folder's sealed archive
companion/results/rescope/hex-modal-mg-damping-gpu-20260923/rental-01/remote/run-01/state9-zero-certified-dense8-r0/step-001-coarse-wrong-boundary.f64	1698840	f2ad76e24de73ca50a92a327028f43d6618747cbe5ba672a31806e27c7e7a9b3	byte-identical to a member of this folder's sealed archive
companion/results/rescope/hex-modal-mg-damping-gpu-20260923/rental-01/remote/run-01/state9-zero-certified-dense8-r0/step-001-coarse-wrong-coefficient.f64	1698840	1af4beec9b2635b0c6faeed7d587385b31b69d8a35238dbef668b5f755ee77fc	byte-identical to a member of this folder's sealed archive
companion/results/rescope/hex-modal-mg-damping-gpu-20260923/rental-01/remote/run-01/state9-zero-certified-dense8-r0/step-001-dense8-product.f64	13080600	fb3c9ac6bdf14b64cfda354b9ddcac5751cd94871b1849aea95ea2842881d793	byte-identical to a member of this folder's sealed archive
companion/results/rescope/hex-modal-mg-damping-gpu-20260923/rental-01/remote/run-01/state9-zero-certified-dense8-r0/step-001-force.f64	13080600	96a8039be5f77fbcc0d5002981baab26f30bf350e41415ccad023e083536191a	byte-identical to a member of this folder's sealed archive
companion/results/rescope/hex-modal-mg-damping-gpu-20260923/rental-01/remote/run-01/state9-zero-certified-dense8-r0/step-001-modal-product.f64	13080600	7990c670b4d4e803de14672bc8ae8b0cd5da5a81d7f4b376dee4c22287857b6d	byte-identical to a member of this folder's sealed archive
companion/results/rescope/hex-modal-mg-damping-gpu-20260923/rental-01/remote/run-01/state9-zero-certified-dense8-r0/step-001-probe.f64	13080600	51c9e13abbae14d546855989efef261d700c584fda534548bbe84ddc65a57b07	byte-identical to a member of this folder's sealed archive
companion/results/rescope/hex-modal-mg-damping-gpu-20260923/rental-01/remote/run-01/state9-zero-certified-dense8-r0/step-001-rho.f64	4194304	4b5495c4353cdac81463f43a6f90a0de82598f607285c59234dc9bcdcd78b622	byte-identical to a member of this folder's sealed archive
companion/results/rescope/hex-modal-mg-damping-gpu-20260923/rental-01/remote/run-01/state9-zero-certified-dense8-r0/step-001-source-product.f64	13080600	e8a2da02c364d3f8b5ad1fc5c55783161b31a2641d66e650e546411dd99a8463	byte-identical to a member of this folder's sealed archive
companion/results/rescope/hex-modal-mg-damping-gpu-20260923/rental-01/remote/run-01/state9-zero-certified-dense8-r0/step-001-u-after.f64	13080600	e44daa84891cbaf613c85118befe57ace7ec6af2a971b12e421e9028d8512ed3	byte-identical to a member of this folder's sealed archive
companion/results/rescope/hex-modal-mg-damping-gpu-20260923/rental-01/remote/run-01/state9-zero-certified-dense8-r0/step-001-u-before.f64	13080600	2247a73bebf7bd2f0631214a9060ca4ca9382598747070c89525dcac7c2cd0ff	byte-identical to a member of this folder's sealed archive
companion/results/rescope/hex-modal-mg-damping-gpu-20260923/rental-01/remote/run-01/state9-zero-certified-dense8-r0/step-001-u-unprojected.f64	13080600	e44daa84891cbaf613c85118befe57ace7ec6af2a971b12e421e9028d8512ed3	byte-identical to a member of this folder's sealed archive
companion/results/rescope/hex-modal-mg-damping-gpu-20260923/rental-01/remote/run-01/state9-zero-certified-dense8-r0/step-001-wrong-boundary-product.f64	13080600	c4c8d31df490292e6af6c143cf333b90daeb5e8cd1656bc1012c10d7230e67f7	byte-identical to a member of this folder's sealed archive
companion/results/rescope/hex-modal-mg-damping-gpu-20260923/rental-01/remote/run-01/state9-zero-certified-dense8-r0/step-001-wrong-product.f64	13080600	dc052c2dc16631edd42128c50e131c89e058ca2a9fbfdab6f73558baa170bf03	byte-identical to a member of this folder's sealed archive
companion/results/rescope/hex-modal-mg-damping-gpu-20260923/rental-01/remote/run-01/state9-zero-certified-modal8-r0/step-001-coarse-cached-invdiag.f64	1698840	9a9981ba82ebdd45635fc0a19f2a0bac3bcbe480b14b606ecc9d94742b15170d	byte-identical to a member of this folder's sealed archive
companion/results/rescope/hex-modal-mg-damping-gpu-20260923/rental-01/remote/run-01/state9-zero-certified-modal8-r0/step-001-coarse-cached.f64	1698840	c9cfa4c1f6403f09f1d44be4eb37fd1e8feef2add6bc8a9fdf80996ab76bc4d9	byte-identical to a member of this folder's sealed archive
companion/results/rescope/hex-modal-mg-damping-gpu-20260923/rental-01/remote/run-01/state9-zero-certified-modal8-r0/step-001-coarse-probe.f64	1698840	db62a3abb932d109c80bf8d94ca32a85ef1a2fefadba199a810c179870dee01c	byte-identical to a member of this folder's sealed archive
companion/results/rescope/hex-modal-mg-damping-gpu-20260923/rental-01/remote/run-01/state9-zero-certified-modal8-r0/step-001-coarse-source-invdiag.f64	1698840	3604cd660f5a88c7694db79d0d1d87584275c9e9c7c8a476f03a6b9f1a19ddcc	byte-identical to a member of this folder's sealed archive
companion/results/rescope/hex-modal-mg-damping-gpu-20260923/rental-01/remote/run-01/state9-zero-certified-modal8-r0/step-001-coarse-source.f64	1698840	6e671f7aa25a727c7e0e1f32f60890c7dc80bcdb175208e3a994655197af6eb5	byte-identical to a member of this folder's sealed archive
companion/results/rescope/hex-modal-mg-damping-gpu-20260923/rental-01/remote/run-01/state9-zero-certified-modal8-r0/step-001-coarse-wrong-boundary.f64	1698840	f2ad76e24de73ca50a92a327028f43d6618747cbe5ba672a31806e27c7e7a9b3	byte-identical to a member of this folder's sealed archive
companion/results/rescope/hex-modal-mg-damping-gpu-20260923/rental-01/remote/run-01/state9-zero-certified-modal8-r0/step-001-coarse-wrong-coefficient.f64	1698840	1af4beec9b2635b0c6faeed7d587385b31b69d8a35238dbef668b5f755ee77fc	byte-identical to a member of this folder's sealed archive
companion/results/rescope/hex-modal-mg-damping-gpu-20260923/rental-01/remote/run-01/state9-zero-certified-modal8-r0/step-001-dense8-product.f64	13080600	94ae6699ffd300fe1b7adca3584459326f0c451f766d2267e6d70bb36bde8477	byte-identical to a member of this folder's sealed archive
companion/results/rescope/hex-modal-mg-damping-gpu-20260923/rental-01/remote/run-01/state9-zero-certified-modal8-r0/step-001-force.f64	13080600	96a8039be5f77fbcc0d5002981baab26f30bf350e41415ccad023e083536191a	byte-identical to a member of this folder's sealed archive
companion/results/rescope/hex-modal-mg-damping-gpu-20260923/rental-01/remote/run-01/state9-zero-certified-modal8-r0/step-001-modal-product.f64	13080600	f88f6762d5dffd2a8e57d01ebddba93fe51a583c20bb4cb84dea56c13aa00fd4	byte-identical to a member of this folder's sealed archive
companion/results/rescope/hex-modal-mg-damping-gpu-20260923/rental-01/remote/run-01/state9-zero-certified-modal8-r0/step-001-probe.f64	13080600	51c9e13abbae14d546855989efef261d700c584fda534548bbe84ddc65a57b07	byte-identical to a member of this folder's sealed archive
companion/results/rescope/hex-modal-mg-damping-gpu-20260923/rental-01/remote/run-01/state9-zero-certified-modal8-r0/step-001-rho.f64	4194304	4b5495c4353cdac81463f43a6f90a0de82598f607285c59234dc9bcdcd78b622	byte-identical to a member of this folder's sealed archive
companion/results/rescope/hex-modal-mg-damping-gpu-20260923/rental-01/remote/run-01/state9-zero-certified-modal8-r0/step-001-source-product.f64	13080600	e8a2da02c364d3f8b5ad1fc5c55783161b31a2641d66e650e546411dd99a8463	byte-identical to a member of this folder's sealed archive
companion/results/rescope/hex-modal-mg-damping-gpu-20260923/rental-01/remote/run-01/state9-zero-certified-modal8-r0/step-001-u-after.f64	13080600	880b87bd48214b9c2e18887fde62905d668cdd2cac96411ce64f428c34afdd0d	byte-identical to a member of this folder's sealed archive
companion/results/rescope/hex-modal-mg-damping-gpu-20260923/rental-01/remote/run-01/state9-zero-certified-modal8-r0/step-001-u-before.f64	13080600	2247a73bebf7bd2f0631214a9060ca4ca9382598747070c89525dcac7c2cd0ff	byte-identical to a member of this folder's sealed archive
companion/results/rescope/hex-modal-mg-damping-gpu-20260923/rental-01/remote/run-01/state9-zero-certified-modal8-r0/step-001-u-unprojected.f64	13080600	880b87bd48214b9c2e18887fde62905d668cdd2cac96411ce64f428c34afdd0d	byte-identical to a member of this folder's sealed archive
companion/results/rescope/hex-modal-mg-damping-gpu-20260923/rental-01/remote/run-01/state9-zero-certified-modal8-r0/step-001-wrong-boundary-product.f64	13080600	230c5a6d13271c7669b4cd1e02c9d69461a3ad5dc54964e564fa1cf04886ffa7	byte-identical to a member of this folder's sealed archive
companion/results/rescope/hex-modal-mg-damping-gpu-20260923/rental-01/remote/run-01/state9-zero-certified-modal8-r0/step-001-wrong-product.f64	13080600	3830c17e9dd2abf47b8c190ef7a0ca75981c04063fd508e43a52eb003e1acef0	byte-identical to a member of this folder's sealed archive
companion/results/rescope/hex-modal-mg-damping-gpu-20260923/rental-01/remote/run-01/state9-zero-certified-source-r0/step-001-coarse-cached-invdiag.f64	1698840	9a9981ba82ebdd45635fc0a19f2a0bac3bcbe480b14b606ecc9d94742b15170d	byte-identical to a member of this folder's sealed archive
companion/results/rescope/hex-modal-mg-damping-gpu-20260923/rental-01/remote/run-01/state9-zero-certified-source-r0/step-001-coarse-cached.f64	1698840	c9cfa4c1f6403f09f1d44be4eb37fd1e8feef2add6bc8a9fdf80996ab76bc4d9	byte-identical to a member of this folder's sealed archive
companion/results/rescope/hex-modal-mg-damping-gpu-20260923/rental-01/remote/run-01/state9-zero-certified-source-r0/step-001-coarse-probe.f64	1698840	db62a3abb932d109c80bf8d94ca32a85ef1a2fefadba199a810c179870dee01c	byte-identical to a member of this folder's sealed archive
companion/results/rescope/hex-modal-mg-damping-gpu-20260923/rental-01/remote/run-01/state9-zero-certified-source-r0/step-001-coarse-source-invdiag.f64	1698840	fba3b3ee299efdc0c291db85d24d998d3e322e839d18026855898a6a303fc34e	byte-identical to a member of this folder's sealed archive
companion/results/rescope/hex-modal-mg-damping-gpu-20260923/rental-01/remote/run-01/state9-zero-certified-source-r0/step-001-coarse-source.f64	1698840	6e671f7aa25a727c7e0e1f32f60890c7dc80bcdb175208e3a994655197af6eb5	byte-identical to a member of this folder's sealed archive
companion/results/rescope/hex-modal-mg-damping-gpu-20260923/rental-01/remote/run-01/state9-zero-certified-source-r0/step-001-coarse-wrong-boundary.f64	1698840	f2ad76e24de73ca50a92a327028f43d6618747cbe5ba672a31806e27c7e7a9b3	byte-identical to a member of this folder's sealed archive
companion/results/rescope/hex-modal-mg-damping-gpu-20260923/rental-01/remote/run-01/state9-zero-certified-source-r0/step-001-coarse-wrong-coefficient.f64	1698840	1af4beec9b2635b0c6faeed7d587385b31b69d8a35238dbef668b5f755ee77fc	byte-identical to a member of this folder's sealed archive
companion/results/rescope/hex-modal-mg-damping-gpu-20260923/rental-01/remote/run-01/state9-zero-certified-source-r0/step-001-dense8-product.f64	13080600	ea8f95f48a36b4a54e700ac3758c140301e022cc8197e0e91051aa91b7af3df5	byte-identical to a member of this folder's sealed archive
companion/results/rescope/hex-modal-mg-damping-gpu-20260923/rental-01/remote/run-01/state9-zero-certified-source-r0/step-001-force.f64	13080600	96a8039be5f77fbcc0d5002981baab26f30bf350e41415ccad023e083536191a	byte-identical to a member of this folder's sealed archive
companion/results/rescope/hex-modal-mg-damping-gpu-20260923/rental-01/remote/run-01/state9-zero-certified-source-r0/step-001-modal-product.f64	13080600	42ee85fd080d63233429c52d8bb07d7d7afe0432b0d97aaca838076e18f93034	byte-identical to a member of this folder's sealed archive
companion/results/rescope/hex-modal-mg-damping-gpu-20260923/rental-01/remote/run-01/state9-zero-certified-source-r0/step-001-probe.f64	13080600	51c9e13abbae14d546855989efef261d700c584fda534548bbe84ddc65a57b07	byte-identical to a member of this folder's sealed archive
companion/results/rescope/hex-modal-mg-damping-gpu-20260923/rental-01/remote/run-01/state9-zero-certified-source-r0/step-001-rho.f64	4194304	4b5495c4353cdac81463f43a6f90a0de82598f607285c59234dc9bcdcd78b622	byte-identical to a member of this folder's sealed archive
companion/results/rescope/hex-modal-mg-damping-gpu-20260923/rental-01/remote/run-01/state9-zero-certified-source-r0/step-001-source-product.f64	13080600	e8a2da02c364d3f8b5ad1fc5c55783161b31a2641d66e650e546411dd99a8463	byte-identical to a member of this folder's sealed archive
companion/results/rescope/hex-modal-mg-damping-gpu-20260923/rental-01/remote/run-01/state9-zero-certified-source-r0/step-001-u-after.f64	13080600	36312914de6c51a660793160c7934383905fc985cc50e42e528edf3b984643e4	byte-identical to a member of this folder's sealed archive
companion/results/rescope/hex-modal-mg-damping-gpu-20260923/rental-01/remote/run-01/state9-zero-certified-source-r0/step-001-u-before.f64	13080600	2247a73bebf7bd2f0631214a9060ca4ca9382598747070c89525dcac7c2cd0ff	byte-identical to a member of this folder's sealed archive
companion/results/rescope/hex-modal-mg-damping-gpu-20260923/rental-01/remote/run-01/state9-zero-certified-source-r0/step-001-u-unprojected.f64	13080600	36312914de6c51a660793160c7934383905fc985cc50e42e528edf3b984643e4	byte-identical to a member of this folder's sealed archive
companion/results/rescope/hex-modal-mg-damping-gpu-20260923/rental-01/remote/run-01/state9-zero-certified-source-r0/step-001-wrong-boundary-product.f64	13080600	614bbfcde006b874339270ccfb236871fe22edcfd8e2dd7460e564f70660405f	byte-identical to a member of this folder's sealed archive
companion/results/rescope/hex-modal-mg-damping-gpu-20260923/rental-01/remote/run-01/state9-zero-certified-source-r0/step-001-wrong-product.f64	13080600	3793681a1b125398fca4ceabddb89c23800c0c90d5e42c8cd2ef9ba0ce05ca7a	byte-identical to a member of this folder's sealed archive
companion/results/rescope/hex-modal-mg-damping-gpu-20260923/rental-01/remote/run-01/state9-zero-original-dense8-r0/step-001-coarse-cached-invdiag.f64	1698840	9a9981ba82ebdd45635fc0a19f2a0bac3bcbe480b14b606ecc9d94742b15170d	byte-identical to a member of this folder's sealed archive
companion/results/rescope/hex-modal-mg-damping-gpu-20260923/rental-01/remote/run-01/state9-zero-original-dense8-r0/step-001-coarse-cached.f64	1698840	c9cfa4c1f6403f09f1d44be4eb37fd1e8feef2add6bc8a9fdf80996ab76bc4d9	byte-identical to a member of this folder's sealed archive
companion/results/rescope/hex-modal-mg-damping-gpu-20260923/rental-01/remote/run-01/state9-zero-original-dense8-r0/step-001-coarse-probe.f64	1698840	db62a3abb932d109c80bf8d94ca32a85ef1a2fefadba199a810c179870dee01c	byte-identical to a member of this folder's sealed archive
companion/results/rescope/hex-modal-mg-damping-gpu-20260923/rental-01/remote/run-01/state9-zero-original-dense8-r0/step-001-coarse-source-invdiag.f64	1698840	6a4753e846b2a36b6d1fda64c023d59ea64e1cd9675c19c488105c5d18fe8c3b	byte-identical to a member of this folder's sealed archive
companion/results/rescope/hex-modal-mg-damping-gpu-20260923/rental-01/remote/run-01/state9-zero-original-dense8-r0/step-001-coarse-source.f64	1698840	6e671f7aa25a727c7e0e1f32f60890c7dc80bcdb175208e3a994655197af6eb5	byte-identical to a member of this folder's sealed archive
companion/results/rescope/hex-modal-mg-damping-gpu-20260923/rental-01/remote/run-01/state9-zero-original-dense8-r0/step-001-coarse-wrong-boundary.f64	1698840	f2ad76e24de73ca50a92a327028f43d6618747cbe5ba672a31806e27c7e7a9b3	byte-identical to a member of this folder's sealed archive
companion/results/rescope/hex-modal-mg-damping-gpu-20260923/rental-01/remote/run-01/state9-zero-original-dense8-r0/step-001-coarse-wrong-coefficient.f64	1698840	1af4beec9b2635b0c6faeed7d587385b31b69d8a35238dbef668b5f755ee77fc	byte-identical to a member of this folder's sealed archive
companion/results/rescope/hex-modal-mg-damping-gpu-20260923/rental-01/remote/run-01/state9-zero-original-dense8-r0/step-001-dense8-product.f64	13080600	0a7d2d81c2ed081636ffd5d61a26df971b2ba91e1cc6ab5152ddc046e941a71c	byte-identical to a member of this folder's sealed archive
companion/results/rescope/hex-modal-mg-damping-gpu-20260923/rental-01/remote/run-01/state9-zero-original-dense8-r0/step-001-force.f64	13080600	96a8039be5f77fbcc0d5002981baab26f30bf350e41415ccad023e083536191a	byte-identical to a member of this folder's sealed archive
companion/results/rescope/hex-modal-mg-damping-gpu-20260923/rental-01/remote/run-01/state9-zero-original-dense8-r0/step-001-modal-product.f64	13080600	f336472945d63d09cbd274e283df34899e24f05b09c290fba7288648b75fe3f3	byte-identical to a member of this folder's sealed archive
companion/results/rescope/hex-modal-mg-damping-gpu-20260923/rental-01/remote/run-01/state9-zero-original-dense8-r0/step-001-probe.f64	13080600	51c9e13abbae14d546855989efef261d700c584fda534548bbe84ddc65a57b07	byte-identical to a member of this folder's sealed archive
companion/results/rescope/hex-modal-mg-damping-gpu-20260923/rental-01/remote/run-01/state9-zero-original-dense8-r0/step-001-rho.f64	4194304	4b5495c4353cdac81463f43a6f90a0de82598f607285c59234dc9bcdcd78b622	byte-identical to a member of this folder's sealed archive
companion/results/rescope/hex-modal-mg-damping-gpu-20260923/rental-01/remote/run-01/state9-zero-original-dense8-r0/step-001-source-product.f64	13080600	e8a2da02c364d3f8b5ad1fc5c55783161b31a2641d66e650e546411dd99a8463	byte-identical to a member of this folder's sealed archive
companion/results/rescope/hex-modal-mg-damping-gpu-20260923/rental-01/remote/run-01/state9-zero-original-dense8-r0/step-001-u-after.f64	13080600	f7c0a78ae11cdf66d4577c093fc94a8f641c1ac45d4d0c6295eca7ddd374e130	byte-identical to a member of this folder's sealed archive
companion/results/rescope/hex-modal-mg-damping-gpu-20260923/rental-01/remote/run-01/state9-zero-original-dense8-r0/step-001-u-before.f64	13080600	2247a73bebf7bd2f0631214a9060ca4ca9382598747070c89525dcac7c2cd0ff	byte-identical to a member of this folder's sealed archive
companion/results/rescope/hex-modal-mg-damping-gpu-20260923/rental-01/remote/run-01/state9-zero-original-dense8-r0/step-001-u-unprojected.f64	13080600	f7c0a78ae11cdf66d4577c093fc94a8f641c1ac45d4d0c6295eca7ddd374e130	byte-identical to a member of this folder's sealed archive
companion/results/rescope/hex-modal-mg-damping-gpu-20260923/rental-01/remote/run-01/state9-zero-original-dense8-r0/step-001-wrong-boundary-product.f64	13080600	4b2aa6c6bcb2b7b39d52acc0d06f89d39759be684491f86f3cfd6af6036690dd	byte-identical to a member of this folder's sealed archive
companion/results/rescope/hex-modal-mg-damping-gpu-20260923/rental-01/remote/run-01/state9-zero-original-dense8-r0/step-001-wrong-product.f64	13080600	2f3afe53470f87419f431c35cbfa1825a08db481148c566ac91ffac5f5178fc6	byte-identical to a member of this folder's sealed archive
companion/results/rescope/hex-modal-mg-damping-gpu-20260923/rental-01/remote/run-01/state9-zero-original-modal8-r0/step-001-coarse-cached-invdiag.f64	1698840	9a9981ba82ebdd45635fc0a19f2a0bac3bcbe480b14b606ecc9d94742b15170d	byte-identical to a member of this folder's sealed archive
companion/results/rescope/hex-modal-mg-damping-gpu-20260923/rental-01/remote/run-01/state9-zero-original-modal8-r0/step-001-coarse-cached.f64	1698840	c9cfa4c1f6403f09f1d44be4eb37fd1e8feef2add6bc8a9fdf80996ab76bc4d9	byte-identical to a member of this folder's sealed archive
companion/results/rescope/hex-modal-mg-damping-gpu-20260923/rental-01/remote/run-01/state9-zero-original-modal8-r0/step-001-coarse-probe.f64	1698840	db62a3abb932d109c80bf8d94ca32a85ef1a2fefadba199a810c179870dee01c	byte-identical to a member of this folder's sealed archive
companion/results/rescope/hex-modal-mg-damping-gpu-20260923/rental-01/remote/run-01/state9-zero-original-modal8-r0/step-001-coarse-source-invdiag.f64	1698840	4face468c84988a8c2a6318935e6858e272f364fb07df0f31f63b6133dbe8a22	byte-identical to a member of this folder's sealed archive
companion/results/rescope/hex-modal-mg-damping-gpu-20260923/rental-01/remote/run-01/state9-zero-original-modal8-r0/step-001-coarse-source.f64	1698840	6e671f7aa25a727c7e0e1f32f60890c7dc80bcdb175208e3a994655197af6eb5	byte-identical to a member of this folder's sealed archive
companion/results/rescope/hex-modal-mg-damping-gpu-20260923/rental-01/remote/run-01/state9-zero-original-modal8-r0/step-001-coarse-wrong-boundary.f64	1698840	f2ad76e24de73ca50a92a327028f43d6618747cbe5ba672a31806e27c7e7a9b3	byte-identical to a member of this folder's sealed archive
companion/results/rescope/hex-modal-mg-damping-gpu-20260923/rental-01/remote/run-01/state9-zero-original-modal8-r0/step-001-coarse-wrong-coefficient.f64	1698840	1af4beec9b2635b0c6faeed7d587385b31b69d8a35238dbef668b5f755ee77fc	byte-identical to a member of this folder's sealed archive
companion/results/rescope/hex-modal-mg-damping-gpu-20260923/rental-01/remote/run-01/state9-zero-original-modal8-r0/step-001-dense8-product.f64	13080600	3987783c21dd19f0e3e7812c537e7bb50689ec2e097a6d7b3959c518c456e92b	byte-identical to a member of this folder's sealed archive
companion/results/rescope/hex-modal-mg-damping-gpu-20260923/rental-01/remote/run-01/state9-zero-original-modal8-r0/step-001-force.f64	13080600	96a8039be5f77fbcc0d5002981baab26f30bf350e41415ccad023e083536191a	byte-identical to a member of this folder's sealed archive
companion/results/rescope/hex-modal-mg-damping-gpu-20260923/rental-01/remote/run-01/state9-zero-original-modal8-r0/step-001-modal-product.f64	13080600	4329ce70703800565867088a80cb237cb610fe9b7f11dba9390369b17ed5f2b6	byte-identical to a member of this folder's sealed archive
companion/results/rescope/hex-modal-mg-damping-gpu-20260923/rental-01/remote/run-01/state9-zero-original-modal8-r0/step-001-probe.f64	13080600	51c9e13abbae14d546855989efef261d700c584fda534548bbe84ddc65a57b07	byte-identical to a member of this folder's sealed archive
companion/results/rescope/hex-modal-mg-damping-gpu-20260923/rental-01/remote/run-01/state9-zero-original-modal8-r0/step-001-rho.f64	4194304	4b5495c4353cdac81463f43a6f90a0de82598f607285c59234dc9bcdcd78b622	byte-identical to a member of this folder's sealed archive
companion/results/rescope/hex-modal-mg-damping-gpu-20260923/rental-01/remote/run-01/state9-zero-original-modal8-r0/step-001-source-product.f64	13080600	e8a2da02c364d3f8b5ad1fc5c55783161b31a2641d66e650e546411dd99a8463	byte-identical to a member of this folder's sealed archive
companion/results/rescope/hex-modal-mg-damping-gpu-20260923/rental-01/remote/run-01/state9-zero-original-modal8-r0/step-001-u-after.f64	13080600	f5f543acde073acfc91b8636f3a2f36414943b554a9e3c21bc8bcaa603989fd6	byte-identical to a member of this folder's sealed archive
companion/results/rescope/hex-modal-mg-damping-gpu-20260923/rental-01/remote/run-01/state9-zero-original-modal8-r0/step-001-u-before.f64	13080600	2247a73bebf7bd2f0631214a9060ca4ca9382598747070c89525dcac7c2cd0ff	byte-identical to a member of this folder's sealed archive
companion/results/rescope/hex-modal-mg-damping-gpu-20260923/rental-01/remote/run-01/state9-zero-original-modal8-r0/step-001-u-unprojected.f64	13080600	f5f543acde073acfc91b8636f3a2f36414943b554a9e3c21bc8bcaa603989fd6	byte-identical to a member of this folder's sealed archive
companion/results/rescope/hex-modal-mg-damping-gpu-20260923/rental-01/remote/run-01/state9-zero-original-modal8-r0/step-001-wrong-boundary-product.f64	13080600	8038f1cd22a9ee49104d11e68ca67141e7f8983631345f2ec68c5de4ac6ef918	byte-identical to a member of this folder's sealed archive
companion/results/rescope/hex-modal-mg-damping-gpu-20260923/rental-01/remote/run-01/state9-zero-original-modal8-r0/step-001-wrong-product.f64	13080600	45df12d9966120f78d2692c72868391d05a73c3de76331447eca34da1b033577	byte-identical to a member of this folder's sealed archive
companion/results/rescope/hex-modal-mg-damping-gpu-20260923/rental-01/remote/run-01/state9-zero-original-source-r0/step-001-coarse-cached-invdiag.f64	1698840	9a9981ba82ebdd45635fc0a19f2a0bac3bcbe480b14b606ecc9d94742b15170d	byte-identical to a member of this folder's sealed archive
companion/results/rescope/hex-modal-mg-damping-gpu-20260923/rental-01/remote/run-01/state9-zero-original-source-r0/step-001-coarse-cached.f64	1698840	c9cfa4c1f6403f09f1d44be4eb37fd1e8feef2add6bc8a9fdf80996ab76bc4d9	byte-identical to a member of this folder's sealed archive
companion/results/rescope/hex-modal-mg-damping-gpu-20260923/rental-01/remote/run-01/state9-zero-original-source-r0/step-001-coarse-probe.f64	1698840	db62a3abb932d109c80bf8d94ca32a85ef1a2fefadba199a810c179870dee01c	byte-identical to a member of this folder's sealed archive
companion/results/rescope/hex-modal-mg-damping-gpu-20260923/rental-01/remote/run-01/state9-zero-original-source-r0/step-001-coarse-source-invdiag.f64	1698840	ddf0025913d5484a88f0b8af06d13feb651f0a327b2cfe218a14512fffa7d02f	byte-identical to a member of this folder's sealed archive
companion/results/rescope/hex-modal-mg-damping-gpu-20260923/rental-01/remote/run-01/state9-zero-original-source-r0/step-001-coarse-source.f64	1698840	6e671f7aa25a727c7e0e1f32f60890c7dc80bcdb175208e3a994655197af6eb5	byte-identical to a member of this folder's sealed archive
companion/results/rescope/hex-modal-mg-damping-gpu-20260923/rental-01/remote/run-01/state9-zero-original-source-r0/step-001-coarse-wrong-boundary.f64	1698840	f2ad76e24de73ca50a92a327028f43d6618747cbe5ba672a31806e27c7e7a9b3	byte-identical to a member of this folder's sealed archive
companion/results/rescope/hex-modal-mg-damping-gpu-20260923/rental-01/remote/run-01/state9-zero-original-source-r0/step-001-coarse-wrong-coefficient.f64	1698840	1af4beec9b2635b0c6faeed7d587385b31b69d8a35238dbef668b5f755ee77fc	byte-identical to a member of this folder's sealed archive
companion/results/rescope/hex-modal-mg-damping-gpu-20260923/rental-01/remote/run-01/state9-zero-original-source-r0/step-001-dense8-product.f64	13080600	1d19488adb003a3de42fabd4bdd7325a447bbec50c3b916582323d3fc4a7c128	byte-identical to a member of this folder's sealed archive
companion/results/rescope/hex-modal-mg-damping-gpu-20260923/rental-01/remote/run-01/state9-zero-original-source-r0/step-001-force.f64	13080600	96a8039be5f77fbcc0d5002981baab26f30bf350e41415ccad023e083536191a	byte-identical to a member of this folder's sealed archive
companion/results/rescope/hex-modal-mg-damping-gpu-20260923/rental-01/remote/run-01/state9-zero-original-source-r0/step-001-modal-product.f64	13080600	d89bfc610cd0826d882d98a0442b6015a0aee71041a124157a7283bc23f8946a	byte-identical to a member of this folder's sealed archive
companion/results/rescope/hex-modal-mg-damping-gpu-20260923/rental-01/remote/run-01/state9-zero-original-source-r0/step-001-probe.f64	13080600	51c9e13abbae14d546855989efef261d700c584fda534548bbe84ddc65a57b07	byte-identical to a member of this folder's sealed archive
companion/results/rescope/hex-modal-mg-damping-gpu-20260923/rental-01/remote/run-01/state9-zero-original-source-r0/step-001-rho.f64	4194304	4b5495c4353cdac81463f43a6f90a0de82598f607285c59234dc9bcdcd78b622	byte-identical to a member of this folder's sealed archive
companion/results/rescope/hex-modal-mg-damping-gpu-20260923/rental-01/remote/run-01/state9-zero-original-source-r0/step-001-source-product.f64	13080600	e8a2da02c364d3f8b5ad1fc5c55783161b31a2641d66e650e546411dd99a8463	byte-identical to a member of this folder's sealed archive
companion/results/rescope/hex-modal-mg-damping-gpu-20260923/rental-01/remote/run-01/state9-zero-original-source-r0/step-001-u-after.f64	13080600	cadb73f3d03fa80b19aa2d12b3d3f7b9247fb3b0d5f5bc6270227b51a0898378	byte-identical to a member of this folder's sealed archive
companion/results/rescope/hex-modal-mg-damping-gpu-20260923/rental-01/remote/run-01/state9-zero-original-source-r0/step-001-u-before.f64	13080600	2247a73bebf7bd2f0631214a9060ca4ca9382598747070c89525dcac7c2cd0ff	byte-identical to a member of this folder's sealed archive
companion/results/rescope/hex-modal-mg-damping-gpu-20260923/rental-01/remote/run-01/state9-zero-original-source-r0/step-001-u-unprojected.f64	13080600	cadb73f3d03fa80b19aa2d12b3d3f7b9247fb3b0d5f5bc6270227b51a0898378	byte-identical to a member of this folder's sealed archive
companion/results/rescope/hex-modal-mg-damping-gpu-20260923/rental-01/remote/run-01/state9-zero-original-source-r0/step-001-wrong-boundary-product.f64	13080600	5ef5027714a6f04cdc46e94be066a83d04b68c3df8b49eac6c8dab432066a984	byte-identical to a member of this folder's sealed archive
companion/results/rescope/hex-modal-mg-damping-gpu-20260923/rental-01/remote/run-01/state9-zero-original-source-r0/step-001-wrong-product.f64	13080600	b94ba7039be04d794ae491ad19a8cf001291e09e4ef23d4cbf072b2a6dfa23a2	byte-identical to a member of this folder's sealed archive
companion/results/rescope/hex-modal-mg-damping-gpu-20260923/rental-01/remote/source/adapted/.gitignore	60	4c3d21ad0bb15cedbbf835ad6612e143422346252b909744b36106fa2d14bdc4	Traeff et al. source (no licence; referenced by commit)
companion/results/rescope/hex-modal-mg-damping-gpu-20260923/rental-01/remote/source/adapted/Makefile	1055	88dfaeeb11da2029cd54d6524bfda595d5691b2e0e8a0869d00559359839e21e	Traeff et al. source (no licence; referenced by commit)
companion/results/rescope/hex-modal-mg-damping-gpu-20260923/rental-01/remote/source/adapted/README.md	4295	6738e36aa617d25dfe8be740717907f1cec606a0ab37f6475462072336776682	Traeff et al. source (no licence; referenced by commit)
companion/results/rescope/hex-modal-mg-damping-gpu-20260923/rental-01/remote/source/adapted/definitions.h	1144	f46b7f411de515bcf826891f15b6a1be59a68572025efce928b3bdbc3aa75381	Traeff et al. source (no licence; referenced by commit)
companion/results/rescope/hex-modal-mg-damping-gpu-20260923/rental-01/remote/source/adapted/figures/cg_running_time.png	68584	c41c1e7642b47c7940ffa260dc118102c0fd3a6f4dd35869ac805fd1382a6096	Traeff et al. source (no licence; referenced by commit)
companion/results/rescope/hex-modal-mg-damping-gpu-20260923/rental-01/remote/source/adapted/figures/result.pdf	526621	8dc19606ca90812c16a3335ad5f215afc7dc34a06ef3576e6fc087bbe28cae0c	Traeff et al. source (no licence; referenced by commit)
companion/results/rescope/hex-modal-mg-damping-gpu-20260923/rental-01/remote/source/adapted/figures/result.png	253296	d3d35d896acfdd771a928019a95ef60573002f889af978ff564f73bf4c839c86	Traeff et al. source (no licence; referenced by commit)
companion/results/rescope/hex-modal-mg-damping-gpu-20260923/rental-01/remote/source/adapted/figures/running_time.png	66970	d053132b0437c3507225234c9a101d98ef67a9f38234af6c6c824b691d438ad1	Traeff et al. source (no licence; referenced by commit)
companion/results/rescope/hex-modal-mg-damping-gpu-20260923/rental-01/remote/source/adapted/figures/speedup.png	19178	f4165d6f20b03408f22c6c6a381dbeb096a4d03090f30ad085d536b22b907be8	Traeff et al. source (no licence; referenced by commit)
companion/results/rescope/hex-modal-mg-damping-gpu-20260923/rental-01/remote/source/adapted/gpu_definitions.c	5871	8d746b6db168d907a2419d92c4826eeec12a3a28505a6e294f21785030d75e08	Traeff et al. source (no licence; referenced by commit)
companion/results/rescope/hex-modal-mg-damping-gpu-20260923/rental-01/remote/source/adapted/gpu_definitions.h	1632	1eac8c2ee4878ab2a8130a8ef6244bd45bfeacce243216c497a37313db36aaf2	Traeff et al. source (no licence; referenced by commit)
companion/results/rescope/hex-modal-mg-damping-gpu-20260923/rental-01/remote/source/adapted/local_matrix.c	9240	2b3ad6d3c38f7ef9ac9f522f68f91ec41d0fd2fc27f6313a7bd9da303dd246e0	Traeff et al. source (no licence; referenced by commit)
companion/results/rescope/hex-modal-mg-damping-gpu-20260923/rental-01/remote/source/adapted/local_matrix.h	686	45eb53f8b72b3217c4e29fcf5ee9a5893fe39cbb4eb27635ee7622bef5110943	Traeff et al. source (no licence; referenced by commit)
companion/results/rescope/hex-modal-mg-damping-gpu-20260923/rental-01/remote/source/adapted/plot_timings.m	5784	94f26919937d28b7d19186b9124e83fc4e03812d8e3c751e47ce04e7cde037a9	Traeff et al. source (no licence; referenced by commit)
companion/results/rescope/hex-modal-mg-damping-gpu-20260923/rental-01/remote/source/adapted/setup_gbar_env.sh	217	25e4ef72ef9109dc379cf414c48b7afa5d68c273453e70a81b3889cfdc49e004	Traeff et al. source (no licence; referenced by commit)
companion/results/rescope/hex-modal-mg-damping-gpu-20260923/rental-01/remote/source/adapted/stencil_assembly.c	19393	98acc0a7457d2c56bd8fd9d78eb60502a43bd733b29bc58a8a741c4494a27bd0	Traeff et al. source (no licence; referenced by commit)
companion/results/rescope/hex-modal-mg-damping-gpu-20260923/rental-01/remote/source/adapted/stencil_assembly.h	1757	cd060fcac56f171b5c22008ac35024468a8c7b76e76ddfe7c1e6d61b2f011969	Traeff et al. source (no licence; referenced by commit)
companion/results/rescope/hex-modal-mg-damping-gpu-20260923/rental-01/remote/source/adapted/stencil_grid_utility.c	5208	273b7392ab131443d22e8cef9edb035c58d3148ac10ed8079e769be3755f6fec	Traeff et al. source (no licence; referenced by commit)
companion/results/rescope/hex-modal-mg-damping-gpu-20260923/rental-01/remote/source/adapted/stencil_grid_utility.h	645	913bf95287dcf30089da786be70f652af4cb6933e1f968894aac94db0e52a8a8	Traeff et al. source (no licence; referenced by commit)
companion/results/rescope/hex-modal-mg-damping-gpu-20260923/rental-01/remote/source/adapted/stencil_methods.c	43730	c5d50dd54b0a9f7733c2cfd0d8b3ab9f0d2673d9adef9d64276fcf32b6e9ab40	Traeff et al. source (no licence; referenced by commit)
companion/results/rescope/hex-modal-mg-damping-gpu-20260923/rental-01/remote/source/adapted/stencil_methods.h	7245	c4d669b0a2deddcc89dc1734aed153faca5cd6d5b644f6d5507fab6d4770d42e	Traeff et al. source (no licence; referenced by commit)
companion/results/rescope/hex-modal-mg-damping-gpu-20260923/rental-01/remote/source/adapted/stencil_optimization.c	20956	6289f3d275e362fc950e5308aa7c45e15d4b67098e2d1b956c27cd6395b5fd4e	Traeff et al. source (no licence; referenced by commit)
companion/results/rescope/hex-modal-mg-damping-gpu-20260923/rental-01/remote/source/adapted/stencil_optimization.h	969	b502a4b8d8a87a67e9b379c0604697301daf5b20956260cdefe6df721787a950	Traeff et al. source (no licence; referenced by commit)
companion/results/rescope/hex-modal-mg-damping-gpu-20260923/rental-01/remote/source/adapted/stencil_solvers.c	16800	1b25210c687c3fdd3880128ae5b79ea0d5be2f9bc0bf537573c403a53d05f00b	Traeff et al. source (no licence; referenced by commit)
companion/results/rescope/hex-modal-mg-damping-gpu-20260923/rental-01/remote/source/adapted/stencil_solvers.h	2413	d684244af5fa307b10e136bfd03b79c76f5d51240b4a6ca7045d5c07928e2726	Traeff et al. source (no licence; referenced by commit)
companion/results/rescope/hex-modal-mg-damping-gpu-20260923/rental-01/remote/source/adapted/stencil_utility.h	2673	f176775e30c170c6ef2d335aab5ff54394b6d07eef1ec4c9cfbc1a7bba7e086a	Traeff et al. source (no licence; referenced by commit)
companion/results/rescope/hex-modal-mg-damping-gpu-20260923/rental-01/remote/source/adapted/top3d.c	2203	f55a9c8b140fec14eaa06774d967ef6f3954b88cc900be62e63fba485db0726a	Traeff et al. source (no licence; referenced by commit)
companion/results/rescope/hex-modal-mg-damping-gpu-20260923/rental-01/remote/source/adapted/top3dmgcg_matrixfree.m	24180	511813f97d72c12a125c3daacee442996b80437acf51dfd036d6df60da1e0c9d	Traeff et al. source (no licence; referenced by commit)
companion/results/rescope/hex-modal-mg-damping-gpu-20260923/rental-01/remote/source/adapted/top3dmgcg_reference.m	10448	cafde6ba35a957eee84cf7d6c7661aab5c222f188a5943eaf62b5a6c8e7048aa	Traeff et al. source (no licence; referenced by commit)
companion/results/rescope/hex-modal-mg-host-20260923/author/.gitignore	60	4c3d21ad0bb15cedbbf835ad6612e143422346252b909744b36106fa2d14bdc4	Traeff et al. source (no licence; referenced by commit)
companion/results/rescope/hex-modal-mg-host-20260923/author/Makefile	1055	88dfaeeb11da2029cd54d6524bfda595d5691b2e0e8a0869d00559359839e21e	Traeff et al. source (no licence; referenced by commit)
companion/results/rescope/hex-modal-mg-host-20260923/author/README.md	4295	6738e36aa617d25dfe8be740717907f1cec606a0ab37f6475462072336776682	Traeff et al. source (no licence; referenced by commit)
companion/results/rescope/hex-modal-mg-host-20260923/author/definitions.h	1142	04db7ed9561e6057a39f3ce809c09967165cc3d19efe5d6f3ee65757213d1a91	Traeff et al. source (no licence; referenced by commit)
companion/results/rescope/hex-modal-mg-host-20260923/author/figures/cg_running_time.png	68584	c41c1e7642b47c7940ffa260dc118102c0fd3a6f4dd35869ac805fd1382a6096	Traeff et al. source (no licence; referenced by commit)
companion/results/rescope/hex-modal-mg-host-20260923/author/figures/result.pdf	526621	8dc19606ca90812c16a3335ad5f215afc7dc34a06ef3576e6fc087bbe28cae0c	Traeff et al. source (no licence; referenced by commit)
companion/results/rescope/hex-modal-mg-host-20260923/author/figures/result.png	253296	d3d35d896acfdd771a928019a95ef60573002f889af978ff564f73bf4c839c86	Traeff et al. source (no licence; referenced by commit)
companion/results/rescope/hex-modal-mg-host-20260923/author/figures/running_time.png	66970	d053132b0437c3507225234c9a101d98ef67a9f38234af6c6c824b691d438ad1	Traeff et al. source (no licence; referenced by commit)
companion/results/rescope/hex-modal-mg-host-20260923/author/figures/speedup.png	19178	f4165d6f20b03408f22c6c6a381dbeb096a4d03090f30ad085d536b22b907be8	Traeff et al. source (no licence; referenced by commit)
companion/results/rescope/hex-modal-mg-host-20260923/author/gpu_definitions.c	5869	fa08c3101afb828b258454b9a44a4fad23a3000db7a3fe48164849c6270dbbcb	Traeff et al. source (no licence; referenced by commit)
companion/results/rescope/hex-modal-mg-host-20260923/author/gpu_definitions.h	1631	eee564d4b2abd3691a6199ce4330fe265b94ba06a882e1c7e0c9ca945494005c	Traeff et al. source (no licence; referenced by commit)
companion/results/rescope/hex-modal-mg-host-20260923/author/local_matrix.c	10028	b8b164d98f4d41de833f050abe4be1a23011c7ddea9c3e808f28ab5795963fe5	Traeff et al. source (no licence; referenced by commit)
companion/results/rescope/hex-modal-mg-host-20260923/author/local_matrix.h	686	45eb53f8b72b3217c4e29fcf5ee9a5893fe39cbb4eb27635ee7622bef5110943	Traeff et al. source (no licence; referenced by commit)
companion/results/rescope/hex-modal-mg-host-20260923/author/plot_timings.m	5784	94f26919937d28b7d19186b9124e83fc4e03812d8e3c751e47ce04e7cde037a9	Traeff et al. source (no licence; referenced by commit)
companion/results/rescope/hex-modal-mg-host-20260923/author/setup_gbar_env.sh	217	25e4ef72ef9109dc379cf414c48b7afa5d68c273453e70a81b3889cfdc49e004	Traeff et al. source (no licence; referenced by commit)
companion/results/rescope/hex-modal-mg-host-20260923/author/stencil_assembly.c	19393	98acc0a7457d2c56bd8fd9d78eb60502a43bd733b29bc58a8a741c4494a27bd0	Traeff et al. source (no licence; referenced by commit)
companion/results/rescope/hex-modal-mg-host-20260923/author/stencil_assembly.h	1757	cd060fcac56f171b5c22008ac35024468a8c7b76e76ddfe7c1e6d61b2f011969	Traeff et al. source (no licence; referenced by commit)
companion/results/rescope/hex-modal-mg-host-20260923/author/stencil_grid_utility.c	5208	273b7392ab131443d22e8cef9edb035c58d3148ac10ed8079e769be3755f6fec	Traeff et al. source (no licence; referenced by commit)
companion/results/rescope/hex-modal-mg-host-20260923/author/stencil_grid_utility.h	645	913bf95287dcf30089da786be70f652af4cb6933e1f968894aac94db0e52a8a8	Traeff et al. source (no licence; referenced by commit)
companion/results/rescope/hex-modal-mg-host-20260923/author/stencil_methods.c	43730	c5d50dd54b0a9f7733c2cfd0d8b3ab9f0d2673d9adef9d64276fcf32b6e9ab40	Traeff et al. source (no licence; referenced by commit)
companion/results/rescope/hex-modal-mg-host-20260923/author/stencil_methods.h	7245	c4d669b0a2deddcc89dc1734aed153faca5cd6d5b644f6d5507fab6d4770d42e	Traeff et al. source (no licence; referenced by commit)
companion/results/rescope/hex-modal-mg-host-20260923/author/stencil_optimization.c	20947	e4ed5956199dc199a05fd845c740b64884473b3a6abc70624b6490284e0bad59	Traeff et al. source (no licence; referenced by commit)
companion/results/rescope/hex-modal-mg-host-20260923/author/stencil_optimization.h	968	4d3a4076dede886f94b8074316a27d3cb489b5ffae7fa6a565966ee862c019e7	Traeff et al. source (no licence; referenced by commit)
companion/results/rescope/hex-modal-mg-host-20260923/author/stencil_solvers.c	16696	1732134401d5c909bcf7398d7bf5a3b5ee822c8291a59a2b096bedc5d17cca90	Traeff et al. source (no licence; referenced by commit)
companion/results/rescope/hex-modal-mg-host-20260923/author/stencil_solvers.h	2412	f0ba51e5b4dba6a6097e47e99a8f557fc4b4a51bec546656037733c39b5a09c9	Traeff et al. source (no licence; referenced by commit)
companion/results/rescope/hex-modal-mg-host-20260923/author/stencil_utility.h	2673	f176775e30c170c6ef2d335aab5ff54394b6d07eef1ec4c9cfbc1a7bba7e086a	Traeff et al. source (no licence; referenced by commit)
companion/results/rescope/hex-modal-mg-host-20260923/author/top3d.c	2200	3ccd1a75e539d1d134379260dcf5aae41fb30e673324245c25c192f54997fa50	Traeff et al. source (no licence; referenced by commit)
companion/results/rescope/hex-modal-mg-host-20260923/author/top3dmgcg_matrixfree.m	24180	511813f97d72c12a125c3daacee442996b80437acf51dfd036d6df60da1e0c9d	Traeff et al. source (no licence; referenced by commit)
companion/results/rescope/hex-modal-mg-host-20260923/author/top3dmgcg_reference.m	10448	cafde6ba35a957eee84cf7d6c7661aab5c222f188a5943eaf62b5a6c8e7048aa	Traeff et al. source (no licence; referenced by commit)
companion/results/rescope/hex-modal-mg-host-v2-20260923/author/.gitignore	60	4c3d21ad0bb15cedbbf835ad6612e143422346252b909744b36106fa2d14bdc4	Traeff et al. source (no licence; referenced by commit)
companion/results/rescope/hex-modal-mg-host-v2-20260923/author/Makefile	1055	88dfaeeb11da2029cd54d6524bfda595d5691b2e0e8a0869d00559359839e21e	Traeff et al. source (no licence; referenced by commit)
companion/results/rescope/hex-modal-mg-host-v2-20260923/author/README.md	4295	6738e36aa617d25dfe8be740717907f1cec606a0ab37f6475462072336776682	Traeff et al. source (no licence; referenced by commit)
companion/results/rescope/hex-modal-mg-host-v2-20260923/author/definitions.h	1142	04db7ed9561e6057a39f3ce809c09967165cc3d19efe5d6f3ee65757213d1a91	Traeff et al. source (no licence; referenced by commit)
companion/results/rescope/hex-modal-mg-host-v2-20260923/author/figures/cg_running_time.png	68584	c41c1e7642b47c7940ffa260dc118102c0fd3a6f4dd35869ac805fd1382a6096	Traeff et al. source (no licence; referenced by commit)
companion/results/rescope/hex-modal-mg-host-v2-20260923/author/figures/result.pdf	526621	8dc19606ca90812c16a3335ad5f215afc7dc34a06ef3576e6fc087bbe28cae0c	Traeff et al. source (no licence; referenced by commit)
companion/results/rescope/hex-modal-mg-host-v2-20260923/author/figures/result.png	253296	d3d35d896acfdd771a928019a95ef60573002f889af978ff564f73bf4c839c86	Traeff et al. source (no licence; referenced by commit)
companion/results/rescope/hex-modal-mg-host-v2-20260923/author/figures/running_time.png	66970	d053132b0437c3507225234c9a101d98ef67a9f38234af6c6c824b691d438ad1	Traeff et al. source (no licence; referenced by commit)
companion/results/rescope/hex-modal-mg-host-v2-20260923/author/figures/speedup.png	19178	f4165d6f20b03408f22c6c6a381dbeb096a4d03090f30ad085d536b22b907be8	Traeff et al. source (no licence; referenced by commit)
companion/results/rescope/hex-modal-mg-host-v2-20260923/author/gpu_definitions.c	5869	fa08c3101afb828b258454b9a44a4fad23a3000db7a3fe48164849c6270dbbcb	Traeff et al. source (no licence; referenced by commit)
companion/results/rescope/hex-modal-mg-host-v2-20260923/author/gpu_definitions.h	1631	eee564d4b2abd3691a6199ce4330fe265b94ba06a882e1c7e0c9ca945494005c	Traeff et al. source (no licence; referenced by commit)
companion/results/rescope/hex-modal-mg-host-v2-20260923/author/local_matrix.c	10028	b8b164d98f4d41de833f050abe4be1a23011c7ddea9c3e808f28ab5795963fe5	Traeff et al. source (no licence; referenced by commit)
companion/results/rescope/hex-modal-mg-host-v2-20260923/author/local_matrix.h	686	45eb53f8b72b3217c4e29fcf5ee9a5893fe39cbb4eb27635ee7622bef5110943	Traeff et al. source (no licence; referenced by commit)
companion/results/rescope/hex-modal-mg-host-v2-20260923/author/plot_timings.m	5784	94f26919937d28b7d19186b9124e83fc4e03812d8e3c751e47ce04e7cde037a9	Traeff et al. source (no licence; referenced by commit)
companion/results/rescope/hex-modal-mg-host-v2-20260923/author/setup_gbar_env.sh	217	25e4ef72ef9109dc379cf414c48b7afa5d68c273453e70a81b3889cfdc49e004	Traeff et al. source (no licence; referenced by commit)
companion/results/rescope/hex-modal-mg-host-v2-20260923/author/stencil_assembly.c	19393	98acc0a7457d2c56bd8fd9d78eb60502a43bd733b29bc58a8a741c4494a27bd0	Traeff et al. source (no licence; referenced by commit)
companion/results/rescope/hex-modal-mg-host-v2-20260923/author/stencil_assembly.h	1757	cd060fcac56f171b5c22008ac35024468a8c7b76e76ddfe7c1e6d61b2f011969	Traeff et al. source (no licence; referenced by commit)
companion/results/rescope/hex-modal-mg-host-v2-20260923/author/stencil_grid_utility.c	5208	273b7392ab131443d22e8cef9edb035c58d3148ac10ed8079e769be3755f6fec	Traeff et al. source (no licence; referenced by commit)
companion/results/rescope/hex-modal-mg-host-v2-20260923/author/stencil_grid_utility.h	645	913bf95287dcf30089da786be70f652af4cb6933e1f968894aac94db0e52a8a8	Traeff et al. source (no licence; referenced by commit)
companion/results/rescope/hex-modal-mg-host-v2-20260923/author/stencil_methods.c	43730	c5d50dd54b0a9f7733c2cfd0d8b3ab9f0d2673d9adef9d64276fcf32b6e9ab40	Traeff et al. source (no licence; referenced by commit)
companion/results/rescope/hex-modal-mg-host-v2-20260923/author/stencil_methods.h	7245	c4d669b0a2deddcc89dc1734aed153faca5cd6d5b644f6d5507fab6d4770d42e	Traeff et al. source (no licence; referenced by commit)
companion/results/rescope/hex-modal-mg-host-v2-20260923/author/stencil_optimization.c	20947	e4ed5956199dc199a05fd845c740b64884473b3a6abc70624b6490284e0bad59	Traeff et al. source (no licence; referenced by commit)
companion/results/rescope/hex-modal-mg-host-v2-20260923/author/stencil_optimization.h	968	4d3a4076dede886f94b8074316a27d3cb489b5ffae7fa6a565966ee862c019e7	Traeff et al. source (no licence; referenced by commit)
companion/results/rescope/hex-modal-mg-host-v2-20260923/author/stencil_solvers.c	16696	1732134401d5c909bcf7398d7bf5a3b5ee822c8291a59a2b096bedc5d17cca90	Traeff et al. source (no licence; referenced by commit)
companion/results/rescope/hex-modal-mg-host-v2-20260923/author/stencil_solvers.h	2412	f0ba51e5b4dba6a6097e47e99a8f557fc4b4a51bec546656037733c39b5a09c9	Traeff et al. source (no licence; referenced by commit)
companion/results/rescope/hex-modal-mg-host-v2-20260923/author/stencil_utility.h	2673	f176775e30c170c6ef2d335aab5ff54394b6d07eef1ec4c9cfbc1a7bba7e086a	Traeff et al. source (no licence; referenced by commit)
companion/results/rescope/hex-modal-mg-host-v2-20260923/author/top3d.c	2200	3ccd1a75e539d1d134379260dcf5aae41fb30e673324245c25c192f54997fa50	Traeff et al. source (no licence; referenced by commit)
companion/results/rescope/hex-modal-mg-host-v2-20260923/author/top3dmgcg_matrixfree.m	24180	511813f97d72c12a125c3daacee442996b80437acf51dfd036d6df60da1e0c9d	Traeff et al. source (no licence; referenced by commit)
companion/results/rescope/hex-modal-mg-host-v2-20260923/author/top3dmgcg_reference.m	10448	cafde6ba35a957eee84cf7d6c7661aab5c222f188a5943eaf62b5a6c8e7048aa	Traeff et al. source (no licence; referenced by commit)
companion/results/rescope/hex-modal-priorart-20260923/futtop-source.tar.gz	72132	ee6f787dac26f0e70e84215268c23ff35d0734f32282d91eb8957c7f40cb47e0	Traeff et al. source (no licence; referenced by commit)
companion/results/rescope/hex-modal-priorart-20260923/openmp-gpu-source.tar.gz	508857	4c2fa9d7630ec07c558aad30a20be6385efdea145fbef168fedb5e7b5414b984	Traeff et al. source (no licence; referenced by commit)
companion/results/rescope/hex-modal-profile-20260923/rental-02/create-response.json	140	7db49b62cdad5be6082feffa998c791ca0ac9b7550edb4f0aae16ec389d5a1f0	published with the per-instance API key replaced by REDACTED
companion/results/rescope/hex-modal-profile-v2-20260923/rental-01/create-response.json	140	05ccd1a4708e21c087bf49316c6c1de6f0acf81039c9542eaa9751773b1bd221	published with the per-instance API key replaced by REDACTED
companion/results/rescope/hex-modal-profile-v2-20260923/rental-01/remote/run-01/optimized-q64--dense8--plain-00.npz	12452739	a48519d0bb2ca050ecb2401c4e0e93cd33acff77992bd4d14c7d93619f42401b	byte-identical to a member of this folder's sealed archive
companion/results/rescope/hex-modal-profile-v2-20260923/rental-01/remote/run-01/optimized-q64--dense8--plain-01.npz	12452930	b670017c8c7ea6431c5efeeb23e76c7b2841781ccdc5d378174a60a046779a89	byte-identical to a member of this folder's sealed archive
companion/results/rescope/hex-modal-profile-v2-20260923/rental-01/remote/run-01/optimized-q64--dense8--plain-02.npz	12453088	03266516ecb86569a0ea08f78a6d0841408d9a7ae3158f7012d39ecd096b1ef0	byte-identical to a member of this folder's sealed archive
companion/results/rescope/hex-modal-profile-v2-20260923/rental-01/remote/run-01/optimized-q64--dense8--profile-00.npz	12452574	663b71120a3017c591f8e530ee1ab115d386a4a889762928874169a21c3d8357	byte-identical to a member of this folder's sealed archive
companion/results/rescope/hex-modal-profile-v2-20260923/rental-01/remote/run-01/optimized-q64--fused_ai_fp64--plain-00.npz	12452754	74f5b2587a43d7350ed998c34c6179d94a9c190878005c8594225b4c00bdb71b	byte-identical to a member of this folder's sealed archive
companion/results/rescope/hex-modal-profile-v2-20260923/rental-01/remote/run-01/optimized-q64--fused_ai_fp64--plain-01.npz	12452677	0383b89b08511c35ac6339807784d1483c0b9bf3ed56f94a48ce4b2bfa3cf4fa	byte-identical to a member of this folder's sealed archive
companion/results/rescope/hex-modal-profile-v2-20260923/rental-01/remote/run-01/optimized-q64--fused_ai_fp64--plain-02.npz	12452913	9664febc9c7e3aee803df0aff80924a84d615b32170190d519ec00aa1191c6db	byte-identical to a member of this folder's sealed archive
companion/results/rescope/hex-modal-profile-v2-20260923/rental-01/remote/run-01/optimized-q64--fused_ai_fp64--profile-00.npz	12452614	219930b9daa1b5b8dd49ba151234570a9f14425ed0642cc9b970decba3cc4d15	byte-identical to a member of this folder's sealed archive
companion/results/rescope/hex-modal-profile-v2-20260923/rental-01/remote/run-01/optimized-q64--fused_fp64--plain-00.npz	12452797	0883e747d1caddf07fb4438a8197644806d6de378f73e5e0a3fa277f44b4d3ea	byte-identical to a member of this folder's sealed archive
companion/results/rescope/hex-modal-profile-v2-20260923/rental-01/remote/run-01/optimized-q64--fused_fp64--plain-01.npz	12452762	1475f83b960cfb42ac8c0e119de3a6801676765237a100d0e6f60e271756db15	byte-identical to a member of this folder's sealed archive
companion/results/rescope/hex-modal-profile-v2-20260923/rental-01/remote/run-01/optimized-q64--fused_fp64--plain-02.npz	12452769	fd6a4d3a496ff186ef3eb594e644e3d64644b6aac7ba8bc21c0a9d6bc6322e89	byte-identical to a member of this folder's sealed archive
companion/results/rescope/hex-modal-profile-v2-20260923/rental-01/remote/run-01/optimized-q64--fused_fp64--profile-00.npz	12452591	f39587a09f2c047fafa3812ad17a15958be41201fb86298c07fc0c2f85e01a16	byte-identical to a member of this folder's sealed archive
companion/results/rescope/hex-modal-profile-v2-20260923/rental-01/remote/run-01/optimized-q64--modal8--plain-00.npz	12452603	8911022b9088ea94eaabc481295f7997f47b492e63cf142f68ecbc60d672db96	byte-identical to a member of this folder's sealed archive
companion/results/rescope/hex-modal-profile-v2-20260923/rental-01/remote/run-01/optimized-q64--modal8--plain-01.npz	12452756	17b65871b8e006e1091d097cb327b6b5caadae8f7cad2141324778af526ae88a	byte-identical to a member of this folder's sealed archive
companion/results/rescope/hex-modal-profile-v2-20260923/rental-01/remote/run-01/optimized-q64--modal8--plain-02.npz	12452568	9143117e4f71003d696b1d60e0470f5c32dc1994686babc1b43ede7054988afe	byte-identical to a member of this folder's sealed archive
companion/results/rescope/hex-modal-profile-v2-20260923/rental-01/remote/run-01/optimized-q64--modal8--profile-00.npz	12452594	6792707734cb1d661eb2af9060f3239c59575800027cb189afb7877b396134e5	byte-identical to a member of this folder's sealed archive
companion/results/rescope/hex-modal-profile-v2-20260923/rental-01/remote/run-01/optimized-q64--node_fp64--plain-00.npz	12452814	91f31f9d70b50bb604214db44a9724ec97f7ae06bb0ee7e2bd174b3b1aacf3cd	byte-identical to a member of this folder's sealed archive
companion/results/rescope/hex-modal-profile-v2-20260923/rental-01/remote/run-01/optimized-q64--node_fp64--plain-01.npz	12452814	91f31f9d70b50bb604214db44a9724ec97f7ae06bb0ee7e2bd174b3b1aacf3cd	byte-identical to a member of this folder's sealed archive
companion/results/rescope/hex-modal-profile-v2-20260923/rental-01/remote/run-01/optimized-q64--node_fp64--plain-02.npz	12452814	91f31f9d70b50bb604214db44a9724ec97f7ae06bb0ee7e2bd174b3b1aacf3cd	byte-identical to a member of this folder's sealed archive
companion/results/rescope/hex-modal-profile-v2-20260923/rental-01/remote/run-01/optimized-q64--node_fp64--profile-00.npz	12452814	91f31f9d70b50bb604214db44a9724ec97f7ae06bb0ee7e2bd174b3b1aacf3cd	byte-identical to a member of this folder's sealed archive
companion/results/rescope/hex-modal-profile-v2-20260923/rental-01/remote/run-01/optimized-q96--dense8--plain-00.npz	41608658	c1d5bed289660632bd70ed16b83876ff9166e1b305374825e3dedc4b21e7d107	byte-identical to a member of this folder's sealed archive
companion/results/rescope/hex-modal-profile-v2-20260923/rental-01/remote/run-01/optimized-q96--dense8--plain-01.npz	41608326	b0b437d9247deea2471818987bf3b360dc29dc5229cfb78fd0c4f5fc3e02caf5	byte-identical to a member of this folder's sealed archive
companion/results/rescope/hex-modal-profile-v2-20260923/rental-01/remote/run-01/optimized-q96--dense8--plain-02.npz	41608510	edf1246a57e8834c8186d77491cba56c21046dad0157b769ef8fc815814a14a6	byte-identical to a member of this folder's sealed archive
companion/results/rescope/hex-modal-profile-v2-20260923/rental-01/remote/run-01/optimized-q96--dense8--profile-00.npz	41609100	df26395b4cdfb07f843f0cb84ad4f1ad1ec5ec63bcc4ee949113fc5782a987e8	byte-identical to a member of this folder's sealed archive
companion/results/rescope/hex-modal-profile-v2-20260923/rental-01/remote/run-01/optimized-q96--fused_ai_fp64--plain-00.npz	41608850	dcf0fac13e414d447b0866628b906e17434126f2c47cafe2a37941fb689108d7	byte-identical to a member of this folder's sealed archive
companion/results/rescope/hex-modal-profile-v2-20260923/rental-01/remote/run-01/optimized-q96--fused_ai_fp64--plain-01.npz	41608481	ff418a0df2b6729112264f9ca21f5f05e99dcadac893b1ac97fb23e41eaa4fd4	byte-identical to a member of this folder's sealed archive
companion/results/rescope/hex-modal-profile-v2-20260923/rental-01/remote/run-01/optimized-q96--fused_ai_fp64--plain-02.npz	41608482	d7dff39352a473b27a9d26b8d5fba7eb60f46fc7a348d6f4904056eb963f7ae8	byte-identical to a member of this folder's sealed archive
companion/results/rescope/hex-modal-profile-v2-20260923/rental-01/remote/run-01/optimized-q96--fused_ai_fp64--profile-00.npz	41608299	46dca3767fac27000b5db225dc23ce53ddf3f3ae622b84dcd386da8ba3da0199	byte-identical to a member of this folder's sealed archive
companion/results/rescope/hex-modal-profile-v2-20260923/rental-01/remote/run-01/optimized-q96--fused_fp64--plain-00.npz	41608962	86bc5bad3f6d900894c5023c811dd1df57aaaea19ff44b84a5db4f6afbb53a1a	byte-identical to a member of this folder's sealed archive
companion/results/rescope/hex-modal-profile-v2-20260923/rental-01/remote/run-01/optimized-q96--fused_fp64--plain-01.npz	41608419	8840f71904f2dab1cf32ebce085ac4f3f754bf91e4ba7fb3410144fd1a31383d	byte-identical to a member of this folder's sealed archive
companion/results/rescope/hex-modal-profile-v2-20260923/rental-01/remote/run-01/optimized-q96--fused_fp64--plain-02.npz	41608584	e967d01aa0f8d98ee68dd426aefa33980547d3988698e37196c0449aa6864255	byte-identical to a member of this folder's sealed archive
companion/results/rescope/hex-modal-profile-v2-20260923/rental-01/remote/run-01/optimized-q96--fused_fp64--profile-00.npz	41608982	b72f6aa9d11aba8c55c97f4fbde0cc134cc51c7641cadc067c54c43822195276	byte-identical to a member of this folder's sealed archive
companion/results/rescope/hex-modal-profile-v2-20260923/rental-01/remote/run-01/optimized-q96--modal8--plain-00.npz	41608551	1ef4429c656d1f57105c55625a89ae764c66da2f8f08d1dfaf865fd71602fd75	byte-identical to a member of this folder's sealed archive
companion/results/rescope/hex-modal-profile-v2-20260923/rental-01/remote/run-01/optimized-q96--modal8--plain-01.npz	41608546	be2ad113886f7267fc58359087ed837bff2111e1ac6339e752e634f8435c586e	byte-identical to a member of this folder's sealed archive
companion/results/rescope/hex-modal-profile-v2-20260923/rental-01/remote/run-01/optimized-q96--modal8--plain-02.npz	41608467	4e0c3af4559a5f88075afff3aebc1b91c70266151b360adea9ff0a7ad6154dc0	byte-identical to a member of this folder's sealed archive
companion/results/rescope/hex-modal-profile-v2-20260923/rental-01/remote/run-01/optimized-q96--modal8--profile-00.npz	41608740	604a7731142264c190bec02fa621933111f4efe6fb83a79731681aaf2c26a286	byte-identical to a member of this folder's sealed archive
companion/results/rescope/hex-modal-profile-v2-20260923/rental-01/remote/run-01/optimized-q96--node_fp64--plain-00.npz	41608855	f968ece5fc01765e1be1b5b17020dcee78ec29d8bcfe1f3dced81d582fd3cea7	byte-identical to a member of this folder's sealed archive
companion/results/rescope/hex-modal-profile-v2-20260923/rental-01/remote/run-01/optimized-q96--node_fp64--plain-01.npz	41608855	f968ece5fc01765e1be1b5b17020dcee78ec29d8bcfe1f3dced81d582fd3cea7	byte-identical to a member of this folder's sealed archive
companion/results/rescope/hex-modal-profile-v2-20260923/rental-01/remote/run-01/optimized-q96--node_fp64--plain-02.npz	41608855	f968ece5fc01765e1be1b5b17020dcee78ec29d8bcfe1f3dced81d582fd3cea7	byte-identical to a member of this folder's sealed archive
companion/results/rescope/hex-modal-profile-v2-20260923/rental-01/remote/run-01/optimized-q96--node_fp64--profile-00.npz	41608855	f968ece5fc01765e1be1b5b17020dcee78ec29d8bcfe1f3dced81d582fd3cea7	byte-identical to a member of this folder's sealed archive
companion/results/rescope/hex-modal-profile-v2-20260923/rental-01/remote/run-01/result.json	2036304	a92c19b04d342750911205786623f24d41c2c43ef09070709f386dd673cecf3b	byte-identical to a member of this folder's sealed archive
companion/results/rescope/hex-modal-profile-v2-20260923/rental-01/remote/run-01/uniform-q64--dense8--plain-00.npz	11990071	4ac992af8b18228d42cd424231c5cc908f1584e6cd7fd190b8645591f617dc70	byte-identical to a member of this folder's sealed archive
companion/results/rescope/hex-modal-profile-v2-20260923/rental-01/remote/run-01/uniform-q64--dense8--plain-01.npz	11990374	aabeb41da21d020843e6a172349c1b2b935db0c43334885a1a73f70c1827b025	byte-identical to a member of this folder's sealed archive
companion/results/rescope/hex-modal-profile-v2-20260923/rental-01/remote/run-01/uniform-q64--dense8--plain-02.npz	11991864	165509a6664d6504b43c1e37417b61fcbe7fac12e3b82a5379cb6763cc541597	byte-identical to a member of this folder's sealed archive
companion/results/rescope/hex-modal-profile-v2-20260923/rental-01/remote/run-01/uniform-q64--dense8--profile-00.npz	11986544	e2e68d076edb0026c612693d1e237a2743306802f5e46866690a1693882ebca7	byte-identical to a member of this folder's sealed archive
companion/results/rescope/hex-modal-profile-v2-20260923/rental-01/remote/run-01/uniform-q64--fused_ai_fp64--plain-00.npz	11987670	2e2c3b00aa0d76437a1a51bdf875505cbfd66422d3689174e7d80e748a51bdc3	byte-identical to a member of this folder's sealed archive
companion/results/rescope/hex-modal-profile-v2-20260923/rental-01/remote/run-01/uniform-q64--fused_ai_fp64--plain-01.npz	11991214	ff1f1d231a10b4d7c6a427dc5ec6e823e7304ee5712525521eccbdf32e411761	byte-identical to a member of this folder's sealed archive
companion/results/rescope/hex-modal-profile-v2-20260923/rental-01/remote/run-01/uniform-q64--fused_ai_fp64--plain-02.npz	11989313	6b3c543d177c58c6d3810c808dca0229c451cd5a379d73887555a99a0f8ac783	byte-identical to a member of this folder's sealed archive
companion/results/rescope/hex-modal-profile-v2-20260923/rental-01/remote/run-01/uniform-q64--fused_ai_fp64--profile-00.npz	11989578	441e1576d2db96756eb7ca1b079b731e19f236d00fe1a1d61d2349243895e48e	byte-identical to a member of this folder's sealed archive
companion/results/rescope/hex-modal-profile-v2-20260923/rental-01/remote/run-01/uniform-q64--fused_fp64--plain-00.npz	11987589	d74c828169bf80477a636a63a3668f862792150934044112236824981f0974d3	byte-identical to a member of this folder's sealed archive
companion/results/rescope/hex-modal-profile-v2-20260923/rental-01/remote/run-01/uniform-q64--fused_fp64--plain-01.npz	11991438	e62dda0aea79f2a729680f1361d78c64232e1f3974d9fe346bf0e7dcd88a8389	byte-identical to a member of this folder's sealed archive
companion/results/rescope/hex-modal-profile-v2-20260923/rental-01/remote/run-01/uniform-q64--fused_fp64--plain-02.npz	11988736	cfc2af4dca47a787bcbaa619de98ee5e56b0e9b5d4c594f3bba1964b72fa9e9e	byte-identical to a member of this folder's sealed archive
companion/results/rescope/hex-modal-profile-v2-20260923/rental-01/remote/run-01/uniform-q64--fused_fp64--profile-00.npz	11986696	2beb5412d490fa961c3fad34195b9d6cbf0f6697b0758b1028456ee20dcb5a9c	byte-identical to a member of this folder's sealed archive
companion/results/rescope/hex-modal-profile-v2-20260923/rental-01/remote/run-01/uniform-q64--modal8--plain-00.npz	11904480	59063dc0d2ea47937c05da874ab831f2ee1faab6575c418b24aa2db86b63262c	byte-identical to a member of this folder's sealed archive
companion/results/rescope/hex-modal-profile-v2-20260923/rental-01/remote/run-01/uniform-q64--modal8--plain-01.npz	11903628	90e4806d117580dba7560f5fc3a77cd920946ded5391cf9f496acb22c24813d6	byte-identical to a member of this folder's sealed archive
companion/results/rescope/hex-modal-profile-v2-20260923/rental-01/remote/run-01/uniform-q64--modal8--plain-02.npz	11903755	e4d2f5c2c8d4a15235ed5b9cfabb0a8dd32ce9c5b58e2fa478033864b5059f6d	byte-identical to a member of this folder's sealed archive
companion/results/rescope/hex-modal-profile-v2-20260923/rental-01/remote/run-01/uniform-q64--modal8--profile-00.npz	11901620	ea0804814ded66071810b363d2ecf0d522c0674f18903e2a75630493c22a3ae9	byte-identical to a member of this folder's sealed archive
companion/results/rescope/hex-modal-profile-v2-20260923/rental-01/remote/run-01/uniform-q64--node_fp64--plain-00.npz	11990318	21cefed6e6625880c87f98d428cc1a8157d054c0a3f977ef2625de6bf43c8dc2	byte-identical to a member of this folder's sealed archive
companion/results/rescope/hex-modal-profile-v2-20260923/rental-01/remote/run-01/uniform-q64--node_fp64--plain-01.npz	11990318	21cefed6e6625880c87f98d428cc1a8157d054c0a3f977ef2625de6bf43c8dc2	byte-identical to a member of this folder's sealed archive
companion/results/rescope/hex-modal-profile-v2-20260923/rental-01/remote/run-01/uniform-q64--node_fp64--plain-02.npz	11990318	21cefed6e6625880c87f98d428cc1a8157d054c0a3f977ef2625de6bf43c8dc2	byte-identical to a member of this folder's sealed archive
companion/results/rescope/hex-modal-profile-v2-20260923/rental-01/remote/run-01/uniform-q64--node_fp64--profile-00.npz	11990318	21cefed6e6625880c87f98d428cc1a8157d054c0a3f977ef2625de6bf43c8dc2	byte-identical to a member of this folder's sealed archive
companion/results/rescope/hex-modal-replication-20260923/rental-01/create-response.json	140	37e1ef2323b99f30bceb40b197894af4fb7a9561da33b816724a7a9babf3d115	published with the per-instance API key replaced by REDACTED
companion/results/rescope/hex-modal-replication-20260923/rental-01/remote/inputs/benchmark-128x64x64.npz	33615790	c737097dc778ad7312ae7edc0c4af721d10bf92a8fc62f0e5dc809176b2d12a6	byte-identical to a member of this folder's sealed archive
companion/results/rescope/hex-modal-replication-20260923/rental-01/remote/inputs/benchmark-192x96x96.npz	115712782	e12652b01d39674236d1469b9d2945fd36f8b4f33318c4ac2eb0ac0a8eb95b9c	byte-identical to a member of this folder's sealed archive
companion/results/rescope/hex-modal-replication-20260923/rental-01/remote/inputs/benchmark-64x32x32.npz	4205066	848e13f60ae188dfc121c1f75400317bc52eb4ad4c39fe5341ec86895aa2a539	byte-identical to a member of this folder's sealed archive
companion/results/rescope/hex-modal-replication-20260923/rental-01/remote/inputs/benchmark-96x48x64.npz	18919188	334b54645226363cea0723f92e5f2662429db08cf4d0b8caf697f2441baffd84	byte-identical to a member of this folder's sealed archive
companion/results/rescope/hex-modal-replication-20260923/rental-01/remote/run-01/benchmark-128x64x64--dense8--product.npz	12560222	794733ffd524af5072987bb2da9b7e5108665e6a124ed7960d5046fca92fd495	byte-identical to a member of this folder's sealed archive
companion/results/rescope/hex-modal-replication-20260923/rental-01/remote/run-01/benchmark-128x64x64--fused_ai_fp64--product.npz	12560283	31d6b735ecf7ec7ea132ea4d33f0dad7fa73fdc293133de4a28c252807066c51	byte-identical to a member of this folder's sealed archive
companion/results/rescope/hex-modal-replication-20260923/rental-01/remote/run-01/benchmark-128x64x64--fused_fp64--product.npz	12560384	4684c8c72af44944650be32d0f6182e2c5e42c398d12294ab1f732a4f1224165	byte-identical to a member of this folder's sealed archive
companion/results/rescope/hex-modal-replication-20260923/rental-01/remote/run-01/benchmark-128x64x64--modal8--product.npz	12560371	6d7351012e469a21ec625cd57337606b96d1d00745a58a97658d832a92d84578	byte-identical to a member of this folder's sealed archive
companion/results/rescope/hex-modal-replication-20260923/rental-01/remote/run-01/benchmark-128x64x64--node_fp64--product.npz	12560460	b805f517f71da7aa0647277f9f69a0bd4907d2ec679d187d670aeb42e3d51d08	byte-identical to a member of this folder's sealed archive
companion/results/rescope/hex-modal-replication-20260923/rental-01/remote/run-01/benchmark-128x64x64--three_stage_fp64--product.npz	12560290	aed0a004f8a46fd8a3f3b87d8290b976bee3076493639efd2b19891a99a4f53e	byte-identical to a member of this folder's sealed archive
companion/results/rescope/hex-modal-replication-20260923/rental-01/remote/run-01/benchmark-192x96x96--dense8--product.npz	41846248	1cae9c5fa6a3c62a31618ceef4895e8a61a649361a4e61659fa38f78a63d2a65	byte-identical to a member of this folder's sealed archive
companion/results/rescope/hex-modal-replication-20260923/rental-01/remote/run-01/benchmark-192x96x96--fused_ai_fp64--product.npz	41846433	d77d6988a4f03b1e35ec407929fe957d00aba4daf42b5dcbf9d85613c10c4b85	byte-identical to a member of this folder's sealed archive
companion/results/rescope/hex-modal-replication-20260923/rental-01/remote/run-01/benchmark-192x96x96--fused_fp64--product.npz	41846376	6cc80d2f733b4c6ecf2178e758f012a339bdf0f4e78c6267f390294782946a44	byte-identical to a member of this folder's sealed archive
companion/results/rescope/hex-modal-replication-20260923/rental-01/remote/run-01/benchmark-192x96x96--modal8--product.npz	41846491	86a394d00ae052cc48f8ab524d57e7a981f43d2c4a149f26f64552ec9db4d7d0	byte-identical to a member of this folder's sealed archive
companion/results/rescope/hex-modal-replication-20260923/rental-01/remote/run-01/benchmark-192x96x96--node_fp64--product.npz	41846277	1cd4ce8d481c39daf3ec601f1b3703b3fefb0d1b14752a7ecd8764c8bc21fc4b	byte-identical to a member of this folder's sealed archive
companion/results/rescope/hex-modal-replication-20260923/rental-01/remote/run-01/benchmark-192x96x96--three_stage_fp64--product.npz	41846268	6fbaf3b3cf149aa78ad7553b4a9e76bb57356ebdea491dbdd3f4ab9a25e1d929	byte-identical to a member of this folder's sealed archive
companion/results/rescope/hex-modal-replication-20260923/rental-01/remote/run-01/benchmark-64x32x32--dense8--product.npz	1631879	77d19a94cc9ae1abbb18e4f6b1d7469909d2c2ac81d5659058056c3b23872f1b	byte-identical to a member of this folder's sealed archive
companion/results/rescope/hex-modal-replication-20260923/rental-01/remote/run-01/benchmark-64x32x32--fused_ai_fp64--product.npz	1631852	17c850c4e33e2b94b00f1c02b63fd3f12e57f00e63e0a13f7db8e429aba5b59c	byte-identical to a member of this folder's sealed archive
companion/results/rescope/hex-modal-replication-20260923/rental-01/remote/run-01/benchmark-64x32x32--fused_fp64--product.npz	1631836	a42b2fc3396d9264db44656d004a6ef88f3db429c4b83f965a5c14e1bfe07db6	byte-identical to a member of this folder's sealed archive
companion/results/rescope/hex-modal-replication-20260923/rental-01/remote/run-01/benchmark-64x32x32--modal8--product.npz	1631865	c264bbb61f50f71d61b0391247bbe541f0e47bffbacfcd5e95b1b531c727f503	byte-identical to a member of this folder's sealed archive
companion/results/rescope/hex-modal-replication-20260923/rental-01/remote/run-01/benchmark-64x32x32--node_fp64--product.npz	1631944	cc1f55de7111024096ac8a1e34847db2a428152d608dd84663d4f09b4e398cf4	byte-identical to a member of this folder's sealed archive
companion/results/rescope/hex-modal-replication-20260923/rental-01/remote/run-01/benchmark-64x32x32--three_stage_fp64--product.npz	1631877	ddae1fc0ef2651dd6a2bd94498177e5be56141d358ff825dfad3698e42607c67	byte-identical to a member of this folder's sealed archive
companion/results/rescope/hex-modal-replication-20260923/rental-01/remote/run-01/benchmark-96x48x64--dense8--product.npz	7120572	844c883e5c5f67e9c67849fe0de12e91dc0be39db4988bb6793c82a2861c81c0	byte-identical to a member of this folder's sealed archive
companion/results/rescope/hex-modal-replication-20260923/rental-01/remote/run-01/benchmark-96x48x64--fused_ai_fp64--product.npz	7120520	ff8c15536aef0932dd2e549653e3d8ae2a3f0368a7746f4bbbda404fd78930c9	byte-identical to a member of this folder's sealed archive
companion/results/rescope/hex-modal-replication-20260923/rental-01/remote/run-01/benchmark-96x48x64--fused_fp64--product.npz	7120490	42651cdbe412bb357f996693047f49899e05ef18fa800c33194c033cc22f9e5a	byte-identical to a member of this folder's sealed archive
companion/results/rescope/hex-modal-replication-20260923/rental-01/remote/run-01/benchmark-96x48x64--modal8--product.npz	7120491	2878f868304b3968c054c7d9413220049b13fdd40a8e8ea658f26eeb35470105	byte-identical to a member of this folder's sealed archive
companion/results/rescope/hex-modal-replication-20260923/rental-01/remote/run-01/benchmark-96x48x64--node_fp64--product.npz	7120532	92a8f1e6dec53c73624a92edf41f783a2675d504c0d784305050dc913cde3126	byte-identical to a member of this folder's sealed archive
companion/results/rescope/hex-modal-replication-20260923/rental-01/remote/run-01/benchmark-96x48x64--three_stage_fp64--product.npz	7120700	7c30a9e55b6bb6b5728acf0ea1ba1bf23b1de91f9c7cda8c495829da60eaa15c	byte-identical to a member of this folder's sealed archive
companion/results/rescope/hex-modal-signed-muladd-gpu-20260924/package/inputs/128x64x64-p0/probe.f64	14113416	a176834bbc476282c8af9ab0a1d2ad2b864dfe2fa9c5533e864c0a3e7c9456da	byte-identical to a member of this folder's sealed archive
companion/results/rescope/hex-modal-signed-muladd-gpu-20260924/package/inputs/128x64x64-p0/rho.f64	4530240	5e7141c6a66cdffac65d29d5ec44c0284dfeec6831fdd0b356a59e03fee0438e	byte-identical to a member of this folder's sealed archive
companion/results/rescope/hex-modal-signed-muladd-gpu-20260924/package/inputs/128x64x64-p1/probe.f64	14113416	b8282cfd6e9ee5ba4ac3fc7407bde6ba4bf041d01799348eb943eaaa18a0b681	byte-identical to a member of this folder's sealed archive
companion/results/rescope/hex-modal-signed-muladd-gpu-20260924/package/inputs/128x64x64-p1/rho.f64	4530240	1ffed1357df389d5fe15a2562c1cada567fa2967e49e168cc1d52078e28a150f	byte-identical to a member of this folder's sealed archive
companion/results/rescope/hex-modal-signed-muladd-gpu-20260924/package/inputs/192x96x96-p0/probe.f64	45868680	03535c9a0e295882b40b32ec9ed68b2d381c6c8cdf0d462946d209b83904df4b	byte-identical to a member of this folder's sealed archive
companion/results/rescope/hex-modal-signed-muladd-gpu-20260924/package/inputs/192x96x96-p0/rho.f64	14905408	286b040f977d8044e162c06622a7777862bd004535461143abfc2062bd9dd829	byte-identical to a member of this folder's sealed archive
companion/results/rescope/hex-modal-signed-muladd-gpu-20260924/package/inputs/192x96x96-p1/probe.f64	45868680	52243e01bac283cfc149431d275a5dc267148b9871b20dd208ea2d18f02f41e6	byte-identical to a member of this folder's sealed archive
companion/results/rescope/hex-modal-signed-muladd-gpu-20260924/package/inputs/192x96x96-p1/rho.f64	14905408	b54b8a7f03bca2ca68dd933951422b2229df36dae732b8a1d0b463556003bf4f	byte-identical to a member of this folder's sealed archive
companion/results/rescope/hex-modal-signed-muladd-gpu-20260924/package/inputs/64x32x32-p0/probe.f64	1969800	48354f689bba60c9742ba218ae89cd49d5b99e6f4b324bbee6d7d3452dcb13d9	byte-identical to a member of this folder's sealed archive
companion/results/rescope/hex-modal-signed-muladd-gpu-20260924/package/inputs/64x32x32-p1/probe.f64	1969800	a082288d86d88fd3d5506728276f8feae8b6ca161b0ec033ae21b72150f5d9df	byte-identical to a member of this folder's sealed archive
companion/results/rescope/hex-modal-signed-muladd-gpu-20260924/package/inputs/butterfly-input.f64	4211712	8afd0cc125af07294b5dbaeb190da322d48b53932a975dd4a0d3d019b3ffe998	byte-identical to a member of this folder's sealed archive
companion/results/rescope/hex-modal-signed-muladd-gpu-20260924/package/inputs/butterfly-reference.f64	4211712	ad24b87b4e83099d8ad54fffca8840cd9155feed28814c3eb8e5e83cc6a33c92	byte-identical to a member of this folder's sealed archive
companion/results/rescope/hex-modal-signed-muladd-gpu-20260924/rental-01/remote/inputs/butterfly-input.f64	4211712	8afd0cc125af07294b5dbaeb190da322d48b53932a975dd4a0d3d019b3ffe998	byte-identical to a member of this folder's sealed archive
companion/results/rescope/hex-modal-signed-muladd-gpu-20260924/rental-01/remote/inputs/butterfly-reference.f64	4211712	ad24b87b4e83099d8ad54fffca8840cd9155feed28814c3eb8e5e83cc6a33c92	byte-identical to a member of this folder's sealed archive
